id,corridor_id,shipper,cargo,cargo_family,origin,destination,tonnes,mode,revenue_per_ton,detour_km,reliability,compatibility,window,urgency,priority,pickup_window,delivery_window,vehicle_profile,driver_score,route_familiarity_trips,contract_type,avg_transit_hours,avg_monthly_cost,peak_window,handling_minutes,security_minutes,customs_minutes,layover_minutes,airport_pair,customer_segment,compatibility_note,incompatible_with
SHP-00001,northeast,CraftBridge Collective,Durable snacks overflow,food-grade dry,Guwahati,Patna,332,road,4000,54,77,ambient,24 h,95,overflow,2026-09-16,2026-09-17,Food-grade dry van,84,15,fixed monthly,37.0,4977000,22:00-02:00,89,11,20,47,,anchor-compatible FMCG overflow,Highly compatible with Britannia-style packaged food lanes.,cement|chemicals|wet cargo
SHP-00002,northeast,Tea Garden Supply Co,Electronics returns,electronics,Dibrugarh,Bengaluru,184,staging,5200,106,89,ambient,36 h,66,return,2026-09-23,2026-09-27,Secure parcel truck,88,50,per-tonne contract,47.1,4292000,10:00-14:00,56,28,12,75,,high-value reverse logistics,"Needs dry, secure movement and claims control.",wet cargo|magnetic cargo|loose food
SHP-00003,northeast,PortLink Export House,Spice cartons,food-grade dry,Aizawl,Haldia port,473,road,4500,154,91,ambient,60 h,55,premium,2026-10-12,2026-10-14,Food-grade dry van,68,36,per-tonne contract,42.9,7749000,22:00-02:00,69,36,141,57,,ambient food exports,Compatible with packaged food when odour control is maintained.,cement|chemicals|odour cargo
SHP-00004,northeast,Summit Trade Network,Coffee and cocoa sacks,food-grade dry,Silchar,Haldia port,1096,sea,4200,92,90,dry,24 h,71,backhaul,2026-10-12,2026-10-15,Dry container with odour guard,83,47,fixed monthly,87.0,12137000,06:00-10:00,59,22,180,61,,bulk food export,Can consolidate with dry food cargo.,cement|chemicals|odour cargo
SHP-00005,northeast,Metro Trade Network,Electronics returns,electronics,Shillong,Delhi NCR,149,staging,7600,67,88,ambient,48 h,93,spot,2026-09-16,2026-09-22,Secure parcel truck,82,13,per-trip contract,44.3,4214000,22:00-02:00,94,38,33,15,,high-value reverse logistics,"Needs dry, secure movement and claims control.",wet cargo|magnetic cargo|loose food
SHP-00006,northeast,AgroStar Collective,Regulated pharma samples,regulated pharma,Aizawl,Kolkata,37,air,28100,201,84,regulated,72 h,71,premium,2026-09-26,2026-09-27,Validated secure pharma uplift,80,33,SLA contract,12.8,2951000,22:00-02:00,94,76,72,145,AIZ-DEL/BOM gateway,regulated high-value urgent,Needs chain-of-custody and compliance clearance.,food|cement|chemicals|unsecured parcels
SHP-00007,northeast,PortLink Logistics,Coffee and cocoa sacks,food-grade dry,Jorhat,Haldia port,917,sea,3000,93,87,dry,48 h,82,backhaul,2026-09-30,2026-10-04,Dry container with odour guard,71,9,dedicated fleet,89.4,11764000,10:00-14:00,88,35,174,22,,bulk food export,Can consolidate with dry food cargo.,cement|chemicals|odour cargo
SHP-00008,northeast,Greenfield Consortium,High value samples,secured samples,Agartala,Delhi NCR,63,air,28300,92,84,regulated,96 h,40,overflow,2026-10-30,2026-11-01,Secure air cargo pouch,79,90,fixed monthly,18.6,7200000,10:00-14:00,39,148,107,263,AGA-DEL/BOM gateway,high-value urgent,Needs secure handling and tight handoff control.,bulk cargo|unsecured parcels
SHP-00009,northeast,BluePeak Distributors,Spice cartons,food-grade dry,Agartala,Delhi NCR,535,road,4600,210,92,ambient,36 h,41,backhaul,2026-10-18,2026-10-20,Food-grade dry van,90,23,SLA contract,36.7,6055000,10:00-14:00,94,28,12,85,,ambient food exports,Compatible with packaged food when odour control is maintained.,cement|chemicals|odour cargo
SHP-00010,northeast,PortLink Logistics,Packaged tea cartons,food-grade dry,Guwahati,Lucknow,493,road,5400,45,84,dry,5 d,64,spot,2026-09-18,2026-09-22,Food-grade dry van,84,59,SLA contract,37.5,6373000,06:00-10:00,45,32,4,75,,anchor-compatible FMCG backhaul,Can ride with packaged food and dry FMCG cargo.,cement|chemicals|hazardous
SHP-00011,northeast,Eastern Logistics,Frozen bakery inputs,chilled food,Aizawl,Kolkata,478,road,8600,68,81,chilled,72 h,88,backhaul,2026-09-17,2026-09-21,Reefer truck,87,12,SLA contract,37.7,16447000,10:00-14:00,67,37,7,31,,temperature-controlled food,Needs temperature-controlled carriage.,ambient dry cargo|cement|chemicals
SHP-00012,northeast,Spice Valley Consortium,Coffee and cocoa sacks,food-grade dry,Agartala,Bengaluru,114,sea,3700,121,96,dry,6 d,39,premium,2026-10-01,2026-10-06,Dry container with odour guard,84,49,per-trip contract,91.7,1391000,14:00-22:00,68,25,42,58,,bulk food export,Can consolidate with dry food cargo.,cement|chemicals|odour cargo
SHP-00013,northeast,Tea Garden Collective,Durable snacks overflow,food-grade dry,Dibrugarh,Bengaluru,516,road,3300,109,86,ambient,36 h,99,contract,2026-10-07,2026-10-09,Food-grade dry van,87,52,fixed monthly,39.0,7162000,22:00-02:00,81,11,24,67,,anchor-compatible FMCG overflow,Highly compatible with Britannia-style packaged food lanes.,cement|chemicals|wet cargo
SHP-00014,northeast,Tea Garden Collective,Medical devices,regulated devices,Agartala,Delhi NCR,49,air,25600,63,91,regulated,60 h,36,overflow,2026-10-29,2026-10-30,Secure high-value air cargo,79,48,per-trip contract,20.1,5786000,14:00-22:00,76,138,239,162,AGA-DEL/BOM gateway,regulated high-value urgent,Needs secure handling and documented custody.,cement|chemicals|unsealed food
SHP-00015,northeast,Horizon Industries,Durable snacks overflow,food-grade dry,Silchar,Bengaluru,319,road,3000,102,95,ambient,72 h,73,backhaul,2026-10-12,2026-10-18,Food-grade dry van,93,12,per-tonne contract,35.4,3449000,22:00-02:00,100,33,13,45,,anchor-compatible FMCG overflow,Highly compatible with Britannia-style packaged food lanes.,cement|chemicals|wet cargo
SHP-00016,northeast,Prime Collective,Electronics returns,electronics,Aizawl,Patna,292,staging,7400,150,91,ambient,48 h,52,return,2026-10-06,2026-10-11,Secure parcel truck,89,77,spot market,51.0,5950000,14:00-22:00,73,28,16,14,,high-value reverse logistics,"Needs dry, secure movement and claims control.",wet cargo|magnetic cargo|loose food
SHP-00017,northeast,Spice Valley Collective,Packaged tea cartons,food-grade dry,Dibrugarh,Haldia port,425,road,3800,28,84,dry,36 h,87,premium,2026-10-27,2026-11-01,Food-grade dry van,76,8,dedicated fleet,31.5,7722000,14:00-22:00,47,24,87,53,,anchor-compatible FMCG backhaul,Can ride with packaged food and dry FMCG cargo.,cement|chemicals|hazardous
SHP-00018,northeast,National Distributors,Textile bales,textile dry,Silchar,Delhi NCR,47,road,4000,186,85,dry,5 d,52,spot,2026-09-16,2026-09-22,Dry van with moisture guard,87,15,SLA contract,36.6,796000,06:00-10:00,71,25,5,75,,dry industrial backhaul,Needs dry handling and moisture protection.,wet cargo|chemicals
SHP-00019,northeast,Healthline Collective,Reverse logistics parcels,parcel returns,Silchar,Kolkata,179,staging,5400,185,92,ambient,72 h,63,return,2026-10-22,2026-10-24,Parcel cage vehicle,83,40,SLA contract,48.8,3144000,14:00-22:00,89,12,24,36,,reverse logistics,Works well in staged consolidation waves.,loose food|hazardous
SHP-00020,northeast,RetailLoop Foods,Bamboo panels and handicrafts,fragile craft,Silchar,Kolkata,264,staging,5000,129,89,fragile,72 h,72,backhaul,2026-10-01,2026-10-02,Padded box truck with staging buffer,77,69,per-tonne contract,50.4,3162000,10:00-14:00,52,38,12,9,,fragile regional exports,Needs bracing and should avoid dusty or heavy loads.,cement|heavy machinery|wet cargo
SHP-00021,northeast,Summit Trade Network,Containerised export overflow,container export,Aizawl,Lucknow,1119,sea,3500,101,99,dry,72 h,91,contract,2026-10-15,2026-10-17,Sealed container feeder,83,32,SLA contract,85.4,15288000,10:00-14:00,80,25,40,72,,bulk export overflow,Best suited to feeder or port-linked consolidation.,loose perishable|fragile craft
SHP-00022,northeast,RetailLoop Trade Network,Containerised export overflow,container export,Silchar,Kolkata,590,sea,4000,130,94,dry,72 h,71,return,2026-09-20,2026-09-22,Sealed container feeder,75,13,per-trip contract,90.3,7258000,14:00-22:00,69,24,51,19,,bulk export overflow,Best suited to feeder or port-linked consolidation.,loose perishable|fragile craft
SHP-00023,northeast,Riverline Logistics,Premium craft consignments,fragile craft,Guwahati,Delhi NCR,314,staging,6100,90,93,fragile,6 d,34,spot,2026-10-18,2026-10-21,Padded box truck with staging buffer,80,16,per-tonne contract,43.6,5884000,14:00-22:00,90,43,5,19,,premium fragile exports,Needs gentle handling and staging protection.,cement|heavy machinery|wet cargo
SHP-00024,northeast,National Supply Co,Reverse logistics parcels,parcel returns,Dibrugarh,Bengaluru,211,staging,6700,184,85,ambient,48 h,67,contract,2026-10-08,2026-10-12,Parcel cage vehicle,85,30,per-trip contract,50.9,3523000,10:00-14:00,67,26,22,83,,reverse logistics,Works well in staged consolidation waves.,loose food|hazardous
SHP-00025,northeast,PortLink Export House,Spice cartons,food-grade dry,Shillong,Kolkata,412,road,5400,99,87,ambient,24 h,41,backhaul,2026-10-29,2026-10-30,Food-grade dry van,74,15,spot market,36.3,10300000,22:00-02:00,57,31,14,77,,ambient food exports,Compatible with packaged food when odour control is maintained.,cement|chemicals|odour cargo
SHP-00026,northeast,Swift Logistics,Speciality ginger and citrus,fresh produce,Agartala,Lucknow,458,road,4500,134,89,chilled,60 h,37,backhaul,2026-10-27,2026-10-31,Ventilated reefer truck,77,55,dedicated fleet,35.3,7109000,14:00-22:00,91,39,25,60,,perishable agriculture,Requires food-safe handling and temperature discipline.,cement|chemicals|odour cargo
SHP-00027,northeast,Swift Industries,Premium craft consignments,fragile craft,Dibrugarh,Patna,196,staging,6400,72,83,fragile,36 h,27,contract,2026-10-19,2026-10-21,Padded box truck with staging buffer,88,23,per-tonne contract,46.7,3018000,06:00-10:00,41,42,13,62,,premium fragile exports,Needs gentle handling and staging protection.,cement|heavy machinery|wet cargo
SHP-00028,northeast,Greenfield Logistics,Frozen bakery inputs,chilled food,Guwahati,Bengaluru,511,road,6900,153,91,chilled,72 h,41,backhaul,2026-09-29,2026-09-30,Reefer truck,90,68,dedicated fleet,36.1,16743000,06:00-10:00,62,29,2,34,,temperature-controlled food,Needs temperature-controlled carriage.,ambient dry cargo|cement|chemicals
SHP-00029,northeast,Greenfield Forwarders,Regulated pharma samples,regulated pharma,Silchar,Patna,63,air,23800,49,89,regulated,5 d,80,contract,2026-09-23,2026-09-25,Validated secure pharma uplift,79,7,dedicated fleet,11.3,4571000,22:00-02:00,45,112,79,129,SIL-DEL/BOM gateway,regulated high-value urgent,Needs chain-of-custody and compliance clearance.,food|cement|chemicals|unsecured parcels
SHP-00030,northeast,RetailLoop Distributors,Packaged tea cartons,food-grade dry,Dibrugarh,Bengaluru,687,road,4200,145,88,dry,36 h,37,overflow,2026-10-01,2026-10-06,Food-grade dry van,79,40,per-tonne contract,36.0,6726000,10:00-14:00,65,27,5,38,,anchor-compatible FMCG backhaul,Can ride with packaged food and dry FMCG cargo.,cement|chemicals|hazardous
SHP-00031,northeast,Eastern Export House,Containerised export overflow,container export,Silchar,Haldia port,350,sea,3000,59,88,dry,96 h,32,spot,2026-10-22,2026-10-23,Sealed container feeder,81,37,fixed monthly,89.5,2457000,10:00-14:00,38,14,73,9,,bulk export overflow,Best suited to feeder or port-linked consolidation.,loose perishable|fragile craft
SHP-00032,northeast,AgroStar Trade Network,Medical devices,regulated devices,Shillong,Kolkata,6,air,21000,101,90,regulated,6 d,79,contract,2026-09-21,2026-09-23,Secure high-value air cargo,88,26,SLA contract,17.6,542000,10:00-14:00,50,126,176,298,SHI-DEL/BOM gateway,regulated high-value urgent,Needs secure handling and documented custody.,cement|chemicals|unsealed food
SHP-00033,northeast,Prime Collective,Durable snacks overflow,food-grade dry,Aizawl,Bengaluru,630,road,3200,153,94,ambient,6 d,76,backhaul,2026-10-21,2026-10-23,Food-grade dry van,75,45,per-tonne contract,41.4,4522000,14:00-22:00,95,21,27,81,,anchor-compatible FMCG overflow,Highly compatible with Britannia-style packaged food lanes.,cement|chemicals|wet cargo
SHP-00034,northeast,AgroStar Trade Network,Durable snacks overflow,food-grade dry,Jorhat,Delhi NCR,234,road,4200,72,92,ambient,96 h,31,contract,2026-10-03,2026-10-06,Food-grade dry van,84,66,per-tonne contract,36.0,4004000,14:00-22:00,81,41,23,39,,anchor-compatible FMCG overflow,Highly compatible with Britannia-style packaged food lanes.,cement|chemicals|wet cargo
SHP-00035,northeast,Spice Valley Collective,Medical devices,regulated devices,Dibrugarh,Delhi NCR,27,air,14900,122,84,regulated,12 h,99,contract,2026-10-01,2026-10-02,Secure high-value air cargo,88,7,fixed monthly,15.1,1600000,10:00-14:00,44,104,140,45,DIB-DEL/BOM gateway,regulated high-value urgent,Needs secure handling and documented custody.,cement|chemicals|unsealed food
SHP-00036,northeast,Metro Trade Network,Medical devices,regulated devices,Jorhat,Kolkata,27,air,19000,152,77,regulated,24 h,31,backhaul,2026-10-10,2026-10-12,Secure high-value air cargo,82,53,dedicated fleet,13.6,1408000,10:00-14:00,53,165,146,126,JOR-DEL/BOM gateway,regulated high-value urgent,Needs secure handling and documented custody.,cement|chemicals|unsealed food
SHP-00037,northeast,Riverline Export House,Coffee and cocoa sacks,food-grade dry,Shillong,Haldia port,649,sea,4200,65,92,dry,48 h,54,overflow,2026-10-10,2026-10-13,Dry container with odour guard,73,18,per-trip contract,91.2,6298000,10:00-14:00,90,24,200,85,,bulk food export,Can consolidate with dry food cargo.,cement|chemicals|odour cargo
SHP-00038,northeast,Tea Garden Industries,Premium craft consignments,fragile craft,Aizawl,Haldia port,184,staging,6100,84,88,fragile,36 h,35,overflow,2026-10-16,2026-10-20,Padded box truck with staging buffer,77,33,per-tonne contract,49.1,4294000,10:00-14:00,79,24,40,72,,premium fragile exports,Needs gentle handling and staging protection.,cement|heavy machinery|wet cargo
SHP-00039,northeast,Swift Forwarders,Reverse logistics parcels,parcel returns,Aizawl,Kolkata,174,staging,6200,159,84,ambient,72 h,40,backhaul,2026-10-08,2026-10-09,Parcel cage vehicle,82,54,fixed monthly,43.5,5112000,10:00-14:00,61,31,3,6,,reverse logistics,Works well in staged consolidation waves.,loose food|hazardous
SHP-00040,northeast,RetailLoop Export House,Durable snacks overflow,food-grade dry,Dibrugarh,Haldia port,327,road,4000,75,96,ambient,72 h,91,overflow,2026-09-17,2026-09-18,Food-grade dry van,78,56,per-trip contract,38.9,4788000,06:00-10:00,43,21,172,25,,anchor-compatible FMCG overflow,Highly compatible with Britannia-style packaged food lanes.,cement|chemicals|wet cargo
SHP-00041,northeast,Healthline Logistics,Medical devices,regulated devices,Aizawl,Bengaluru,23,air,24400,38,90,regulated,6 d,76,contract,2026-09-21,2026-09-22,Secure high-value air cargo,71,25,dedicated fleet,14.8,2457000,10:00-14:00,76,65,59,351,AIZ-DEL/BOM gateway,regulated high-value urgent,Needs secure handling and documented custody.,cement|chemicals|unsealed food
SHP-00042,northeast,Eastern Distributors,Containerised export overflow,container export,Jorhat,Kolkata,1111,sea,3800,98,87,dry,60 h,87,backhaul,2026-10-08,2026-10-09,Sealed container feeder,81,42,SLA contract,88.8,13854000,06:00-10:00,45,24,66,71,,bulk export overflow,Best suited to feeder or port-linked consolidation.,loose perishable|fragile craft
SHP-00043,northeast,BluePeak Foods,Medical devices,regulated devices,Agartala,Lucknow,13,air,23100,116,99,regulated,72 h,36,overflow,2026-10-17,2026-10-18,Secure high-value air cargo,83,39,SLA contract,11.3,1019000,14:00-22:00,77,114,31,119,AGA-DEL/BOM gateway,regulated high-value urgent,Needs secure handling and documented custody.,cement|chemicals|unsealed food
SHP-00044,northeast,CraftBridge Industries,Bamboo panels and handicrafts,fragile craft,Jorhat,Bengaluru,362,staging,5500,32,89,fragile,72 h,64,premium,2026-10-04,2026-10-07,Padded box truck with staging buffer,85,54,fixed monthly,48.6,9118000,14:00-22:00,49,45,26,46,,fragile regional exports,Needs bracing and should avoid dusty or heavy loads.,cement|heavy machinery|wet cargo
SHP-00045,northeast,Eastern Trade Network,Containerised export overflow,container export,Dibrugarh,Patna,359,sea,4100,64,99,dry,36 h,82,return,2026-10-19,2026-10-22,Sealed container feeder,79,4,spot market,86.1,4873000,22:00-02:00,51,16,49,39,,bulk export overflow,Best suited to feeder or port-linked consolidation.,loose perishable|fragile craft
SHP-00046,northeast,AgroStar Logistics,Containerised export overflow,container export,Guwahati,Lucknow,860,sea,3500,67,87,dry,24 h,51,spot,2026-10-20,2026-10-22,Sealed container feeder,87,35,per-trip contract,93.1,10447000,14:00-22:00,44,43,170,20,,bulk export overflow,Best suited to feeder or port-linked consolidation.,loose perishable|fragile craft
SHP-00047,northeast,AgroStar Logistics,Durable snacks overflow,food-grade dry,Guwahati,Patna,439,road,3500,83,97,ambient,5 d,41,premium,2026-10-16,2026-10-20,Food-grade dry van,60,33,spot market,36.9,6961000,14:00-22:00,51,32,30,55,,anchor-compatible FMCG overflow,Highly compatible with Britannia-style packaged food lanes.,cement|chemicals|wet cargo
SHP-00048,northeast,CraftBridge Export House,Spice cartons,food-grade dry,Guwahati,Kolkata,110,road,4400,84,99,ambient,36 h,81,contract,2026-09-28,2026-09-30,Food-grade dry van,80,13,dedicated fleet,39.6,1533000,14:00-22:00,61,40,14,84,,ambient food exports,Compatible with packaged food when odour control is maintained.,cement|chemicals|odour cargo
SHP-00049,northeast,PortLink Collective,Reverse logistics parcels,parcel returns,Guwahati,Bengaluru,345,staging,5600,185,99,ambient,48 h,59,spot,2026-09-21,2026-09-26,Parcel cage vehicle,84,76,per-trip contract,44.6,7145000,22:00-02:00,76,16,22,1,,reverse logistics,Works well in staged consolidation waves.,loose food|hazardous
SHP-00050,northeast,Riverline Logistics,Containerised export overflow,container export,Silchar,Lucknow,309,sea,4500,35,81,dry,24 h,52,overflow,2026-10-27,2026-10-30,Sealed container feeder,74,2,SLA contract,90.9,5898000,06:00-10:00,57,15,128,37,,bulk export overflow,Best suited to feeder or port-linked consolidation.,loose perishable|fragile craft
SHP-00051,northeast,Spice Valley Supply Co,Medical devices,regulated devices,Aizawl,Delhi NCR,5,air,15300,186,86,regulated,48 h,77,premium,2026-09-22,2026-09-23,Secure high-value air cargo,89,47,dedicated fleet,16.6,364000,10:00-14:00,62,170,98,137,AIZ-DEL/BOM gateway,regulated high-value urgent,Needs secure handling and documented custody.,cement|chemicals|unsealed food
SHP-00052,northeast,AgroStar Supply Co,Electronics returns,electronics,Shillong,Kolkata,300,staging,7700,101,86,ambient,60 h,49,return,2026-10-13,2026-10-15,Secure parcel truck,82,19,fixed monthly,44.5,9905000,22:00-02:00,72,39,22,5,,high-value reverse logistics,"Needs dry, secure movement and claims control.",wet cargo|magnetic cargo|loose food
SHP-00053,northeast,Swift Supply Co,High value samples,secured samples,Guwahati,Delhi NCR,36,air,25600,131,87,regulated,24 h,64,return,2026-10-05,2026-10-06,Secure air cargo pouch,88,33,per-tonne contract,16.7,4211000,14:00-22:00,75,157,67,312,GUW-DEL/BOM gateway,high-value urgent,Needs secure handling and tight handoff control.,bulk cargo|unsecured parcels
SHP-00054,northeast,Summit Trade Network,Durable snacks overflow,food-grade dry,Agartala,Haldia port,494,road,3600,59,96,ambient,36 h,70,overflow,2026-09-26,2026-09-30,Food-grade dry van,91,63,dedicated fleet,39.1,5280000,14:00-22:00,66,39,135,42,,anchor-compatible FMCG overflow,Highly compatible with Britannia-style packaged food lanes.,cement|chemicals|wet cargo
SHP-00055,northeast,CraftBridge Forwarders,Speciality ginger and citrus,fresh produce,Dibrugarh,Delhi NCR,488,road,7500,206,96,chilled,6 d,62,overflow,2026-09-25,2026-09-26,Ventilated reefer truck,71,22,spot market,40.4,10626000,06:00-10:00,74,37,18,27,,perishable agriculture,Requires food-safe handling and temperature discipline.,cement|chemicals|odour cargo
SHP-00056,northeast,Summit Forwarders,Containerised export overflow,container export,Jorhat,Haldia port,980,sea,4600,191,90,dry,5 d,84,contract,2026-09-16,2026-09-21,Sealed container feeder,75,52,fixed monthly,89.5,18206000,14:00-22:00,42,39,156,49,,bulk export overflow,Best suited to feeder or port-linked consolidation.,loose perishable|fragile craft
SHP-00057,northeast,RetailLoop Trade Network,Packaged tea cartons,food-grade dry,Dibrugarh,Patna,74,road,4800,240,89,dry,5 d,97,overflow,2026-10-05,2026-10-08,Food-grade dry van,80,21,per-tonne contract,45.1,788000,22:00-02:00,82,13,4,48,,anchor-compatible FMCG backhaul,Can ride with packaged food and dry FMCG cargo.,cement|chemicals|hazardous
SHP-00058,northeast,National Collective,Spice cartons,food-grade dry,Aizawl,Delhi NCR,433,road,4700,75,99,ambient,24 h,24,spot,2026-10-25,2026-10-29,Food-grade dry van,88,26,dedicated fleet,36.2,8204000,14:00-22:00,54,11,6,9,,ambient food exports,Compatible with packaged food when odour control is maintained.,cement|chemicals|odour cargo
SHP-00059,northeast,RetailLoop Foods,High value samples,secured samples,Aizawl,Bengaluru,58,air,27500,38,93,regulated,60 h,32,overflow,2026-10-23,2026-10-24,Secure air cargo pouch,78,33,per-tonne contract,14.6,3913000,06:00-10:00,62,129,207,315,AIZ-DEL/BOM gateway,high-value urgent,Needs secure handling and tight handoff control.,bulk cargo|unsecured parcels
SHP-00060,northeast,Riverline Forwarders,Regulated pharma samples,regulated pharma,Dibrugarh,Patna,53,air,20200,80,85,regulated,12 h,86,return,2026-09-29,2026-09-30,Validated secure pharma uplift,83,57,dedicated fleet,12.2,4208000,22:00-02:00,51,76,219,136,DIB-DEL/BOM gateway,regulated high-value urgent,Needs chain-of-custody and compliance clearance.,food|cement|chemicals|unsecured parcels
SHP-00061,northeast,National Distributors,Spice cartons,food-grade dry,Guwahati,Kolkata,405,road,6000,97,88,ambient,48 h,98,spot,2026-10-04,2026-10-08,Food-grade dry van,80,50,spot market,35.7,11425000,06:00-10:00,35,32,24,69,,ambient food exports,Compatible with packaged food when odour control is maintained.,cement|chemicals|odour cargo
SHP-00062,northeast,Summit Forwarders,Bamboo panels and handicrafts,fragile craft,Aizawl,Patna,283,staging,5000,107,97,fragile,6 d,41,overflow,2026-10-16,2026-10-22,Padded box truck with staging buffer,81,17,per-trip contract,46.5,6774000,10:00-14:00,94,15,4,17,,fragile regional exports,Needs bracing and should avoid dusty or heavy loads.,cement|heavy machinery|wet cargo
SHP-00063,northeast,Eastern Supply Co,Premium craft consignments,fragile craft,Silchar,Kolkata,157,staging,8100,68,98,fragile,36 h,92,backhaul,2026-09-18,2026-09-19,Padded box truck with staging buffer,65,52,dedicated fleet,46.0,5183000,10:00-14:00,82,40,11,81,,premium fragile exports,Needs gentle handling and staging protection.,cement|heavy machinery|wet cargo
SHP-00064,northeast,Summit Consortium,Speciality ginger and citrus,fresh produce,Shillong,Haldia port,647,road,7500,84,89,chilled,5 d,62,backhaul,2026-10-17,2026-10-18,Ventilated reefer truck,81,62,per-tonne contract,38.4,12629000,14:00-22:00,47,41,123,42,,perishable agriculture,Requires food-safe handling and temperature discipline.,cement|chemicals|odour cargo
SHP-00065,northeast,Tea Garden Logistics,High value samples,secured samples,Silchar,Lucknow,17,air,28300,45,95,regulated,96 h,63,overflow,2026-09-20,2026-09-22,Secure air cargo pouch,76,42,fixed monthly,11.3,1782000,22:00-02:00,47,116,152,111,SIL-DEL/BOM gateway,high-value urgent,Needs secure handling and tight handoff control.,bulk cargo|unsecured parcels
SHP-00066,northeast,PortLink Consortium,Medical devices,regulated devices,Aizawl,Delhi NCR,4,air,16400,44,95,regulated,5 d,40,return,2026-10-06,2026-10-08,Secure high-value air cargo,70,44,dedicated fleet,21.5,173000,14:00-22:00,44,175,226,301,AIZ-DEL/BOM gateway,regulated high-value urgent,Needs secure handling and documented custody.,cement|chemicals|unsealed food
SHP-00067,northeast,Bharat Distributors,Bamboo panels and handicrafts,fragile craft,Agartala,Bengaluru,149,staging,5700,126,92,fragile,48 h,60,overflow,2026-09-20,2026-09-24,Padded box truck with staging buffer,74,31,spot market,49.3,2807000,10:00-14:00,99,32,2,58,,fragile regional exports,Needs bracing and should avoid dusty or heavy loads.,cement|heavy machinery|wet cargo
SHP-00068,northeast,Summit Forwarders,Reverse logistics parcels,parcel returns,Shillong,Kolkata,61,staging,6700,88,83,ambient,36 h,27,spot,2026-10-21,2026-10-23,Parcel cage vehicle,84,52,fixed monthly,50.1,1117000,22:00-02:00,71,27,5,1,,reverse logistics,Works well in staged consolidation waves.,loose food|hazardous
SHP-00069,northeast,Bharat Export House,Packaged tea cartons,food-grade dry,Dibrugarh,Kolkata,260,road,4200,62,98,dry,48 h,36,premium,2026-10-15,2026-10-20,Food-grade dry van,78,45,per-tonne contract,34.6,2736000,06:00-10:00,90,42,6,80,,anchor-compatible FMCG backhaul,Can ride with packaged food and dry FMCG cargo.,cement|chemicals|hazardous
SHP-00070,northeast,Spice Valley Consortium,Bamboo panels and handicrafts,fragile craft,Agartala,Bengaluru,115,staging,4900,124,92,fragile,72 h,61,premium,2026-09-24,2026-09-26,Padded box truck with staging buffer,76,49,spot market,44.6,2173000,14:00-22:00,68,17,15,45,,fragile regional exports,Needs bracing and should avoid dusty or heavy loads.,cement|heavy machinery|wet cargo
SHP-00071,northeast,RetailLoop Trade Network,Premium craft consignments,fragile craft,Shillong,Bengaluru,364,staging,7400,156,85,fragile,96 h,90,overflow,2026-10-05,2026-10-06,Padded box truck with staging buffer,80,19,spot market,43.5,12470000,22:00-02:00,58,43,3,31,,premium fragile exports,Needs gentle handling and staging protection.,cement|heavy machinery|wet cargo
SHP-00072,northeast,BluePeak Export House,Medical devices,regulated devices,Aizawl,Kolkata,33,air,18900,165,88,regulated,72 h,49,return,2026-09-25,2026-09-27,Secure high-value air cargo,80,13,fixed monthly,12.9,2080000,10:00-14:00,41,139,35,116,AIZ-DEL/BOM gateway,regulated high-value urgent,Needs secure handling and documented custody.,cement|chemicals|unsealed food
SHP-00073,northeast,Spice Valley Forwarders,Frozen bakery inputs,chilled food,Dibrugarh,Haldia port,679,road,7200,33,85,chilled,72 h,94,backhaul,2026-10-31,2026-11-02,Reefer truck,92,25,SLA contract,34.5,19684000,14:00-22:00,90,44,120,36,,temperature-controlled food,Needs temperature-controlled carriage.,ambient dry cargo|cement|chemicals
SHP-00074,northeast,CraftBridge Distributors,Regulated pharma samples,regulated pharma,Guwahati,Lucknow,67,air,19800,112,96,regulated,96 h,29,overflow,2026-10-13,2026-10-15,Validated secure pharma uplift,75,44,SLA contract,13.7,4948000,14:00-22:00,60,136,235,172,GUW-DEL/BOM gateway,regulated high-value urgent,Needs chain-of-custody and compliance clearance.,food|cement|chemicals|unsecured parcels
SHP-00075,northeast,Horizon Industries,Regulated pharma samples,regulated pharma,Shillong,Lucknow,17,air,27100,162,95,regulated,60 h,34,return,2026-10-21,2026-10-23,Validated secure pharma uplift,99,6,dedicated fleet,22.6,1842000,10:00-14:00,97,51,232,354,SHI-DEL/BOM gateway,regulated high-value urgent,Needs chain-of-custody and compliance clearance.,food|cement|chemicals|unsecured parcels
SHP-00076,northeast,Greenfield Collective,Durable snacks overflow,food-grade dry,Dibrugarh,Patna,59,road,3100,92,90,ambient,48 h,81,overflow,2026-10-01,2026-10-03,Food-grade dry van,95,73,per-tonne contract,36.5,836000,10:00-14:00,98,18,27,76,,anchor-compatible FMCG overflow,Highly compatible with Britannia-style packaged food lanes.,cement|chemicals|wet cargo
SHP-00077,northeast,Tea Garden Distributors,Regulated pharma samples,regulated pharma,Agartala,Haldia port,55,air,31000,171,89,regulated,96 h,84,backhaul,2026-09-18,2026-09-19,Validated secure pharma uplift,78,10,spot market,17.1,5642000,10:00-14:00,69,87,194,265,AGA-DEL/BOM gateway,regulated high-value urgent,Needs chain-of-custody and compliance clearance.,food|cement|chemicals|unsecured parcels
SHP-00078,northeast,Metro Distributors,Premium craft consignments,fragile craft,Jorhat,Haldia port,354,staging,6800,38,90,fragile,72 h,76,backhaul,2026-10-01,2026-10-03,Padded box truck with staging buffer,99,13,dedicated fleet,45.6,9534000,22:00-02:00,54,25,229,62,,premium fragile exports,Needs gentle handling and staging protection.,cement|heavy machinery|wet cargo
SHP-00079,northeast,BluePeak Trade Network,High value samples,secured samples,Agartala,Haldia port,35,air,26900,79,89,regulated,24 h,72,contract,2026-09-20,2026-09-22,Secure air cargo pouch,90,45,per-tonne contract,20.3,4276000,06:00-10:00,83,137,58,358,AGA-DEL/BOM gateway,high-value urgent,Needs secure handling and tight handoff control.,bulk cargo|unsecured parcels
SHP-00080,northeast,BluePeak Trade Network,Coffee and cocoa sacks,food-grade dry,Jorhat,Lucknow,353,sea,4100,161,84,dry,48 h,68,overflow,2026-10-26,2026-10-28,Dry container with odour guard,86,26,SLA contract,85.8,4152000,22:00-02:00,45,20,108,28,,bulk food export,Can consolidate with dry food cargo.,cement|chemicals|odour cargo
SHP-00081,northeast,Metro Collective,Reverse logistics parcels,parcel returns,Guwahati,Bengaluru,74,staging,6400,192,89,ambient,5 d,91,premium,2026-10-21,2026-10-24,Parcel cage vehicle,73,44,per-tonne contract,50.0,1870000,06:00-10:00,94,11,9,48,,reverse logistics,Works well in staged consolidation waves.,loose food|hazardous
SHP-00082,northeast,Greenfield Foods,Packaged tea cartons,food-grade dry,Aizawl,Patna,699,road,4400,17,93,dry,24 h,57,spot,2026-09-25,2026-09-29,Food-grade dry van,84,29,SLA contract,32.7,11222000,10:00-14:00,86,36,28,66,,anchor-compatible FMCG backhaul,Can ride with packaged food and dry FMCG cargo.,cement|chemicals|hazardous
SHP-00083,northeast,RetailLoop Consortium,Durable snacks overflow,food-grade dry,Silchar,Delhi NCR,679,road,4700,138,82,ambient,48 h,60,backhaul,2026-10-28,2026-10-29,Food-grade dry van,91,30,per-tonne contract,40.1,9098000,14:00-22:00,91,25,4,15,,anchor-compatible FMCG overflow,Highly compatible with Britannia-style packaged food lanes.,cement|chemicals|wet cargo
SHP-00084,northeast,National Forwarders,Spice cartons,food-grade dry,Jorhat,Patna,364,road,4100,81,98,ambient,72 h,30,spot,2026-10-12,2026-10-18,Food-grade dry van,75,71,fixed monthly,34.8,3381000,14:00-22:00,61,23,2,25,,ambient food exports,Compatible with packaged food when odour control is maintained.,cement|chemicals|odour cargo
SHP-00085,northeast,Riverline Foods,Premium craft consignments,fragile craft,Jorhat,Lucknow,176,staging,6200,201,87,fragile,96 h,68,spot,2026-09-17,2026-09-19,Padded box truck with staging buffer,82,20,per-tonne contract,44.6,3062000,14:00-22:00,92,13,35,84,,premium fragile exports,Needs gentle handling and staging protection.,cement|heavy machinery|wet cargo
SHP-00086,northeast,Summit Export House,Durable snacks overflow,food-grade dry,Jorhat,Kolkata,216,road,4100,92,99,ambient,60 h,71,return,2026-10-02,2026-10-08,Food-grade dry van,92,52,dedicated fleet,33.6,3343000,22:00-02:00,49,42,4,28,,anchor-compatible FMCG overflow,Highly compatible with Britannia-style packaged food lanes.,cement|chemicals|wet cargo
SHP-00087,northeast,Metro Trade Network,Speciality ginger and citrus,fresh produce,Silchar,Patna,312,road,7000,41,85,chilled,48 h,41,contract,2026-09-24,2026-09-26,Ventilated reefer truck,76,40,SLA contract,34.4,6821000,06:00-10:00,87,28,15,69,,perishable agriculture,Requires food-safe handling and temperature discipline.,cement|chemicals|odour cargo
SHP-00088,northeast,Prime Export House,High value samples,secured samples,Silchar,Lucknow,17,air,21100,63,99,regulated,24 h,65,overflow,2026-09-18,2026-09-20,Secure air cargo pouch,75,29,dedicated fleet,11.8,1472000,22:00-02:00,41,50,204,116,SIL-DEL/BOM gateway,high-value urgent,Needs secure handling and tight handoff control.,bulk cargo|unsecured parcels
SHP-00089,northeast,Metro Distributors,Coffee and cocoa sacks,food-grade dry,Silchar,Lucknow,514,sea,3900,86,83,dry,96 h,82,return,2026-10-03,2026-10-04,Dry container with odour guard,80,30,SLA contract,90.9,8375000,10:00-14:00,36,43,136,1,,bulk food export,Can consolidate with dry food cargo.,cement|chemicals|odour cargo
SHP-00090,northeast,RetailLoop Logistics,Frozen bakery inputs,chilled food,Aizawl,Patna,61,road,6100,79,97,chilled,6 d,58,spot,2026-10-23,2026-10-24,Reefer truck,91,32,dedicated fleet,33.9,1546000,06:00-10:00,93,10,2,23,,temperature-controlled food,Needs temperature-controlled carriage.,ambient dry cargo|cement|chemicals
SHP-00091,northeast,Eastern Distributors,Electronics returns,electronics,Silchar,Bengaluru,340,staging,7500,168,92,ambient,48 h,27,contract,2026-10-19,2026-10-21,Secure parcel truck,82,10,per-trip contract,43.6,10646000,22:00-02:00,45,32,35,7,,high-value reverse logistics,"Needs dry, secure movement and claims control.",wet cargo|magnetic cargo|loose food
SHP-00092,northeast,Metro Foods,Containerised export overflow,container export,Guwahati,Delhi NCR,334,sea,4200,123,95,dry,24 h,80,contract,2026-10-11,2026-10-15,Sealed container feeder,91,30,fixed monthly,89.1,3271000,14:00-22:00,60,36,231,45,,bulk export overflow,Best suited to feeder or port-linked consolidation.,loose perishable|fragile craft
SHP-00093,northeast,Swift Supply Co,Spice cartons,food-grade dry,Jorhat,Bengaluru,310,road,5400,116,98,ambient,36 h,67,backhaul,2026-09-21,2026-09-23,Food-grade dry van,78,29,per-trip contract,36.7,6612000,22:00-02:00,72,31,35,23,,ambient food exports,Compatible with packaged food when odour control is maintained.,cement|chemicals|odour cargo
SHP-00094,northeast,Healthline Supply Co,Textile bales,textile dry,Aizawl,Kolkata,566,road,4900,120,75,dry,96 h,63,spot,2026-10-16,2026-10-21,Dry van with moisture guard,83,48,SLA contract,38.6,8264000,10:00-14:00,41,30,0,64,,dry industrial backhaul,Needs dry handling and moisture protection.,wet cargo|chemicals
SHP-00095,northeast,RetailLoop Distributors,Medical devices,regulated devices,Aizawl,Kolkata,15,air,25900,75,94,regulated,72 h,46,premium,2026-10-18,2026-10-19,Secure high-value air cargo,91,55,SLA contract,17.8,1134000,10:00-14:00,39,158,169,194,AIZ-DEL/BOM gateway,regulated high-value urgent,Needs secure handling and documented custody.,cement|chemicals|unsealed food
SHP-00096,northeast,Horizon Industries,Speciality ginger and citrus,fresh produce,Aizawl,Lucknow,351,road,4300,108,92,chilled,48 h,30,spot,2026-10-30,2026-10-31,Ventilated reefer truck,87,34,fixed monthly,35.0,6004000,06:00-10:00,51,17,16,88,,perishable agriculture,Requires food-safe handling and temperature discipline.,cement|chemicals|odour cargo
SHP-00097,northeast,Metro Distributors,Speciality ginger and citrus,fresh produce,Shillong,Patna,184,road,7600,148,82,chilled,36 h,48,premium,2026-09-28,2026-09-29,Ventilated reefer truck,75,30,spot market,39.4,4901000,10:00-14:00,51,11,23,35,,perishable agriculture,Requires food-safe handling and temperature discipline.,cement|chemicals|odour cargo
SHP-00098,northeast,PortLink Export House,Premium craft consignments,fragile craft,Silchar,Patna,127,staging,7000,90,84,fragile,96 h,79,return,2026-10-03,2026-10-05,Padded box truck with staging buffer,75,18,spot market,45.1,4242000,22:00-02:00,63,17,0,34,,premium fragile exports,Needs gentle handling and staging protection.,cement|heavy machinery|wet cargo
SHP-00099,northeast,PortLink Consortium,Medical devices,regulated devices,Guwahati,Lucknow,38,air,22100,44,98,regulated,6 d,55,premium,2026-09-17,2026-09-18,Secure high-value air cargo,85,12,SLA contract,15.4,3014000,06:00-10:00,99,47,65,89,GUW-DEL/BOM gateway,regulated high-value urgent,Needs secure handling and documented custody.,cement|chemicals|unsealed food
SHP-00100,northeast,Tea Garden Consortium,Packaged tea cartons,food-grade dry,Dibrugarh,Haldia port,298,road,5100,68,99,dry,72 h,90,spot,2026-09-18,2026-09-23,Food-grade dry van,91,61,dedicated fleet,35.4,5494000,06:00-10:00,38,20,213,49,,anchor-compatible FMCG backhaul,Can ride with packaged food and dry FMCG cargo.,cement|chemicals|hazardous
SHP-00101,northeast,National Collective,Frozen bakery inputs,chilled food,Agartala,Lucknow,117,road,8000,84,93,chilled,72 h,63,return,2026-10-12,2026-10-13,Reefer truck,76,37,SLA contract,34.9,3576000,14:00-22:00,76,28,25,44,,temperature-controlled food,Needs temperature-controlled carriage.,ambient dry cargo|cement|chemicals
SHP-00102,northeast,Horizon Collective,Bamboo panels and handicrafts,fragile craft,Guwahati,Haldia port,96,staging,7000,67,86,fragile,36 h,62,contract,2026-10-10,2026-10-11,Padded box truck with staging buffer,79,33,dedicated fleet,49.6,2118000,22:00-02:00,54,37,107,29,,fragile regional exports,Needs bracing and should avoid dusty or heavy loads.,cement|heavy machinery|wet cargo
SHP-00103,northeast,RetailLoop Export House,Electronics returns,electronics,Guwahati,Haldia port,226,staging,5200,121,92,ambient,72 h,67,return,2026-09-19,2026-09-21,Secure parcel truck,72,85,fixed monthly,50.3,3348000,22:00-02:00,95,35,159,42,,high-value reverse logistics,"Needs dry, secure movement and claims control.",wet cargo|magnetic cargo|loose food
SHP-00104,northeast,RetailLoop Forwarders,Reverse logistics parcels,parcel returns,Agartala,Bengaluru,139,staging,4800,75,83,ambient,72 h,95,premium,2026-10-09,2026-10-12,Parcel cage vehicle,81,34,spot market,50.3,2067000,06:00-10:00,84,11,34,2,,reverse logistics,Works well in staged consolidation waves.,loose food|hazardous
SHP-00105,northeast,BluePeak Distributors,Containerised export overflow,container export,Silchar,Lucknow,418,sea,3200,189,81,dry,36 h,85,contract,2026-10-02,2026-10-04,Sealed container feeder,91,15,per-trip contract,92.3,3447000,06:00-10:00,51,29,113,87,,bulk export overflow,Best suited to feeder or port-linked consolidation.,loose perishable|fragile craft
SHP-00106,northeast,Greenfield Forwarders,Textile bales,textile dry,Aizawl,Haldia port,102,road,3700,98,79,dry,72 h,26,contract,2026-10-22,2026-10-24,Dry van with moisture guard,82,34,per-tonne contract,33.5,1247000,10:00-14:00,78,19,215,49,,dry industrial backhaul,Needs dry handling and moisture protection.,wet cargo|chemicals
SHP-00107,northeast,PortLink Distributors,Spice cartons,food-grade dry,Agartala,Patna,411,road,4100,62,88,ambient,48 h,42,overflow,2026-09-16,2026-09-18,Food-grade dry van,75,67,SLA contract,36.2,4439000,22:00-02:00,59,20,24,81,,ambient food exports,Compatible with packaged food when odour control is maintained.,cement|chemicals|odour cargo
SHP-00108,northeast,RetailLoop Logistics,Regulated pharma samples,regulated pharma,Jorhat,Lucknow,47,air,22200,87,88,regulated,5 d,75,return,2026-09-29,2026-10-01,Validated secure pharma uplift,71,44,SLA contract,14.3,4593000,22:00-02:00,78,127,235,219,JOR-DEL/BOM gateway,regulated high-value urgent,Needs chain-of-custody and compliance clearance.,food|cement|chemicals|unsecured parcels
SHP-00109,northeast,Healthline Logistics,Textile bales,textile dry,Shillong,Kolkata,632,road,4900,155,99,dry,60 h,32,return,2026-10-02,2026-10-07,Dry van with moisture guard,75,13,spot market,41.6,14436000,06:00-10:00,50,44,30,13,,dry industrial backhaul,Needs dry handling and moisture protection.,wet cargo|chemicals
SHP-00110,northeast,Summit Distributors,Medical devices,regulated devices,Silchar,Delhi NCR,10,air,22600,216,89,regulated,24 h,63,return,2026-10-29,2026-10-31,Secure high-value air cargo,75,27,per-tonne contract,12.3,564000,10:00-14:00,36,171,46,128,SIL-DEL/BOM gateway,regulated high-value urgent,Needs secure handling and documented custody.,cement|chemicals|unsealed food
SHP-00111,northeast,Spice Valley Forwarders,Regulated pharma samples,regulated pharma,Shillong,Haldia port,59,air,20100,51,94,regulated,96 h,64,contract,2026-09-18,2026-09-20,Validated secure pharma uplift,80,52,fixed monthly,15.0,5465000,06:00-10:00,52,121,67,197,SHI-DEL/BOM gateway,regulated high-value urgent,Needs chain-of-custody and compliance clearance.,food|cement|chemicals|unsecured parcels
SHP-00112,northeast,Spice Valley Foods,Durable snacks overflow,food-grade dry,Agartala,Lucknow,383,road,3900,131,90,ambient,24 h,79,return,2026-10-31,2026-11-03,Food-grade dry van,83,30,per-tonne contract,41.9,4180000,22:00-02:00,66,37,2,58,,anchor-compatible FMCG overflow,Highly compatible with Britannia-style packaged food lanes.,cement|chemicals|wet cargo
SHP-00113,northeast,Bharat Export House,Durable snacks overflow,food-grade dry,Guwahati,Bengaluru,660,road,3000,154,85,ambient,96 h,87,spot,2026-09-22,2026-09-23,Food-grade dry van,84,37,SLA contract,41.8,5346000,22:00-02:00,58,42,28,42,,anchor-compatible FMCG overflow,Highly compatible with Britannia-style packaged food lanes.,cement|chemicals|wet cargo
SHP-00114,northeast,Greenfield Consortium,High value samples,secured samples,Silchar,Lucknow,48,air,21500,182,95,regulated,12 h,87,spot,2026-10-06,2026-10-08,Secure air cargo pouch,74,51,fixed monthly,19.1,3833000,06:00-10:00,38,171,172,180,SIL-DEL/BOM gateway,high-value urgent,Needs secure handling and tight handoff control.,bulk cargo|unsecured parcels
SHP-00115,northeast,Healthline Distributors,Medical devices,regulated devices,Silchar,Delhi NCR,46,air,24400,87,92,regulated,72 h,73,contract,2026-09-22,2026-09-23,Secure high-value air cargo,74,14,SLA contract,12.0,4815000,22:00-02:00,90,67,78,196,SIL-DEL/BOM gateway,regulated high-value urgent,Needs secure handling and documented custody.,cement|chemicals|unsealed food
SHP-00116,northeast,Horizon Distributors,Premium craft consignments,fragile craft,Silchar,Kolkata,187,staging,8100,152,91,fragile,60 h,98,contract,2026-10-20,2026-10-24,Padded box truck with staging buffer,96,6,per-trip contract,43.5,3587000,14:00-22:00,68,34,35,80,,premium fragile exports,Needs gentle handling and staging protection.,cement|heavy machinery|wet cargo
SHP-00117,northeast,Tea Garden Export House,Electronics returns,electronics,Agartala,Patna,127,staging,7200,80,95,ambient,48 h,70,premium,2026-10-09,2026-10-15,Secure parcel truck,93,14,SLA contract,46.7,3873000,06:00-10:00,72,35,1,49,,high-value reverse logistics,"Needs dry, secure movement and claims control.",wet cargo|magnetic cargo|loose food
SHP-00118,northeast,National Collective,Electronics returns,electronics,Dibrugarh,Haldia port,54,staging,5700,157,97,ambient,72 h,56,backhaul,2026-10-27,2026-11-02,Secure parcel truck,81,33,fixed monthly,48.8,1060000,22:00-02:00,64,10,106,7,,high-value reverse logistics,"Needs dry, secure movement and claims control.",wet cargo|magnetic cargo|loose food
SHP-00119,northeast,Greenfield Export House,Textile bales,textile dry,Jorhat,Kolkata,557,road,4700,103,84,dry,48 h,56,spot,2026-10-03,2026-10-06,Dry van with moisture guard,94,27,SLA contract,39.6,7097000,22:00-02:00,93,45,25,8,,dry industrial backhaul,Needs dry handling and moisture protection.,wet cargo|chemicals
SHP-00120,northeast,Healthline Industries,Durable snacks overflow,food-grade dry,Silchar,Lucknow,611,road,3800,123,99,ambient,5 d,87,premium,2026-10-24,2026-10-25,Food-grade dry van,77,48,per-trip contract,40.7,5502000,10:00-14:00,86,10,5,55,,anchor-compatible FMCG overflow,Highly compatible with Britannia-style packaged food lanes.,cement|chemicals|wet cargo
SHP-00121,northeast,BluePeak Consortium,Medical devices,regulated devices,Silchar,Delhi NCR,65,air,21400,150,93,regulated,12 h,85,return,2026-09-25,2026-09-26,Secure high-value air cargo,80,15,spot market,16.2,6334000,10:00-14:00,91,114,129,303,SIL-DEL/BOM gateway,regulated high-value urgent,Needs secure handling and documented custody.,cement|chemicals|unsealed food
SHP-00122,northeast,CraftBridge Collective,Coffee and cocoa sacks,food-grade dry,Shillong,Patna,300,sea,3500,111,91,dry,36 h,53,premium,2026-10-28,2026-11-01,Dry container with odour guard,77,15,fixed monthly,85.4,3972000,10:00-14:00,73,41,126,59,,bulk food export,Can consolidate with dry food cargo.,cement|chemicals|odour cargo
SHP-00123,northeast,Prime Foods,Speciality ginger and citrus,fresh produce,Agartala,Delhi NCR,558,road,7000,80,85,chilled,24 h,33,premium,2026-10-01,2026-10-02,Ventilated reefer truck,80,56,fixed monthly,35.5,12615000,14:00-22:00,53,30,24,71,,perishable agriculture,Requires food-safe handling and temperature discipline.,cement|chemicals|odour cargo
SHP-00124,northeast,Healthline Distributors,Premium craft consignments,fragile craft,Jorhat,Delhi NCR,333,staging,7700,147,98,fragile,24 h,98,backhaul,2026-09-26,2026-09-30,Padded box truck with staging buffer,88,79,per-tonne contract,46.2,12049000,22:00-02:00,64,34,15,19,,premium fragile exports,Needs gentle handling and staging protection.,cement|heavy machinery|wet cargo
SHP-00125,northeast,Greenfield Industries,Coffee and cocoa sacks,food-grade dry,Dibrugarh,Haldia port,604,sea,2800,173,85,dry,96 h,36,premium,2026-10-10,2026-10-15,Dry container with odour guard,84,51,fixed monthly,87.3,5285000,14:00-22:00,37,19,111,19,,bulk food export,Can consolidate with dry food cargo.,cement|chemicals|odour cargo
SHP-00126,northeast,Spice Valley Logistics,Packaged tea cartons,food-grade dry,Agartala,Haldia port,340,road,4500,65,99,dry,5 d,57,spot,2026-10-01,2026-10-06,Food-grade dry van,73,32,fixed monthly,34.2,4735000,14:00-22:00,84,12,198,12,,anchor-compatible FMCG backhaul,Can ride with packaged food and dry FMCG cargo.,cement|chemicals|hazardous
SHP-00127,northeast,Summit Consortium,Reverse logistics parcels,parcel returns,Agartala,Delhi NCR,303,staging,6900,96,91,ambient,48 h,64,spot,2026-10-14,2026-10-19,Parcel cage vehicle,74,14,SLA contract,43.6,9448000,14:00-22:00,67,24,6,50,,reverse logistics,Works well in staged consolidation waves.,loose food|hazardous
SHP-00128,northeast,Prime Foods,Packaged tea cartons,food-grade dry,Silchar,Lucknow,382,road,4800,80,84,dry,96 h,51,contract,2026-10-05,2026-10-09,Food-grade dry van,85,30,fixed monthly,37.0,4123000,10:00-14:00,50,14,28,65,,anchor-compatible FMCG backhaul,Can ride with packaged food and dry FMCG cargo.,cement|chemicals|hazardous
SHP-00129,northeast,BluePeak Export House,Frozen bakery inputs,chilled food,Dibrugarh,Lucknow,242,road,6000,93,83,chilled,96 h,91,overflow,2026-09-26,2026-10-02,Reefer truck,83,64,per-tonne contract,36.4,5340000,14:00-22:00,50,38,6,68,,temperature-controlled food,Needs temperature-controlled carriage.,ambient dry cargo|cement|chemicals
SHP-00130,northeast,AgroStar Export House,Containerised export overflow,container export,Dibrugarh,Kolkata,1035,sea,2800,57,83,dry,96 h,34,overflow,2026-10-04,2026-10-05,Sealed container feeder,95,21,per-trip contract,91.9,11835000,06:00-10:00,37,24,43,86,,bulk export overflow,Best suited to feeder or port-linked consolidation.,loose perishable|fragile craft
SHP-00131,northeast,Prime Export House,Medical devices,regulated devices,Guwahati,Delhi NCR,14,air,14400,52,89,regulated,72 h,43,overflow,2026-10-16,2026-10-17,Secure high-value air cargo,86,40,dedicated fleet,17.9,659000,22:00-02:00,89,147,225,136,GUW-DEL/BOM gateway,regulated high-value urgent,Needs secure handling and documented custody.,cement|chemicals|unsealed food
SHP-00132,northeast,Healthline Consortium,Containerised export overflow,container export,Dibrugarh,Patna,588,sea,4300,100,84,dry,60 h,30,premium,2026-10-17,2026-10-20,Sealed container feeder,96,3,dedicated fleet,93.4,8457000,06:00-10:00,48,35,176,57,,bulk export overflow,Best suited to feeder or port-linked consolidation.,loose perishable|fragile craft
SHP-00133,northeast,Eastern Industries,Electronics returns,electronics,Guwahati,Kolkata,96,staging,7600,78,99,ambient,48 h,81,return,2026-10-29,2026-11-04,Secure parcel truck,94,42,SLA contract,48.5,1911000,14:00-22:00,88,38,23,12,,high-value reverse logistics,"Needs dry, secure movement and claims control.",wet cargo|magnetic cargo|loose food
SHP-00134,northeast,CraftBridge Consortium,Containerised export overflow,container export,Shillong,Patna,212,sea,2600,164,99,dry,60 h,59,spot,2026-10-05,2026-10-10,Sealed container feeder,75,8,spot market,92.1,1582000,06:00-10:00,54,10,220,36,,bulk export overflow,Best suited to feeder or port-linked consolidation.,loose perishable|fragile craft
SHP-00135,northeast,PortLink Distributors,Coffee and cocoa sacks,food-grade dry,Agartala,Haldia port,731,sea,3800,139,83,dry,24 h,52,premium,2026-09-22,2026-09-25,Dry container with odour guard,71,61,spot market,86.7,12995000,22:00-02:00,78,34,211,43,,bulk food export,Can consolidate with dry food cargo.,cement|chemicals|odour cargo
SHP-00136,northeast,Tea Garden Export House,Frozen bakery inputs,chilled food,Dibrugarh,Lucknow,620,road,5800,65,84,chilled,48 h,47,contract,2026-09-30,2026-10-02,Reefer truck,94,63,fixed monthly,34.7,16121000,06:00-10:00,53,21,0,45,,temperature-controlled food,Needs temperature-controlled carriage.,ambient dry cargo|cement|chemicals
SHP-00137,northeast,Prime Distributors,Durable snacks overflow,food-grade dry,Silchar,Lucknow,618,road,3500,93,89,ambient,36 h,85,spot,2026-09-29,2026-10-02,Food-grade dry van,81,46,SLA contract,40.7,7347000,06:00-10:00,94,43,33,38,,anchor-compatible FMCG overflow,Highly compatible with Britannia-style packaged food lanes.,cement|chemicals|wet cargo
SHP-00138,northeast,Bharat Export House,Durable snacks overflow,food-grade dry,Agartala,Bengaluru,714,road,4700,79,91,ambient,60 h,27,contract,2026-10-24,2026-10-28,Food-grade dry van,95,16,per-trip contract,34.1,10341000,14:00-22:00,54,11,18,21,,anchor-compatible FMCG overflow,Highly compatible with Britannia-style packaged food lanes.,cement|chemicals|wet cargo
SHP-00139,northeast,Metro Export House,Medical devices,regulated devices,Dibrugarh,Delhi NCR,38,air,25200,106,90,regulated,60 h,77,contract,2026-10-28,2026-10-30,Secure high-value air cargo,82,11,spot market,19.0,3990000,22:00-02:00,71,129,233,157,DIB-DEL/BOM gateway,regulated high-value urgent,Needs secure handling and documented custody.,cement|chemicals|unsealed food
SHP-00140,northeast,BluePeak Distributors,Containerised export overflow,container export,Agartala,Patna,281,sea,4200,104,99,dry,24 h,55,premium,2026-10-08,2026-10-09,Sealed container feeder,93,14,SLA contract,87.7,4699000,06:00-10:00,72,18,133,21,,bulk export overflow,Best suited to feeder or port-linked consolidation.,loose perishable|fragile craft
SHP-00141,northeast,Healthline Industries,Spice cartons,food-grade dry,Jorhat,Bengaluru,542,road,4600,96,96,ambient,5 d,50,backhaul,2026-10-09,2026-10-10,Food-grade dry van,82,31,dedicated fleet,34.5,7066000,06:00-10:00,72,45,2,1,,ambient food exports,Compatible with packaged food when odour control is maintained.,cement|chemicals|odour cargo
SHP-00142,northeast,RetailLoop Distributors,Textile bales,textile dry,Dibrugarh,Kolkata,646,road,3800,85,89,dry,6 d,67,premium,2026-10-20,2026-10-21,Dry van with moisture guard,79,29,spot market,37.2,8123000,22:00-02:00,96,26,21,68,,dry industrial backhaul,Needs dry handling and moisture protection.,wet cargo|chemicals
SHP-00143,northeast,AgroStar Supply Co,Speciality ginger and citrus,fresh produce,Jorhat,Kolkata,205,road,4400,119,89,chilled,6 d,24,spot,2026-10-04,2026-10-05,Ventilated reefer truck,76,30,spot market,37.1,3697000,10:00-14:00,35,44,11,74,,perishable agriculture,Requires food-safe handling and temperature discipline.,cement|chemicals|odour cargo
SHP-00144,northeast,RetailLoop Trade Network,Frozen bakery inputs,chilled food,Shillong,Lucknow,250,road,6300,86,83,chilled,60 h,95,premium,2026-10-15,2026-10-17,Reefer truck,82,16,per-trip contract,34.0,3626000,14:00-22:00,99,33,31,51,,temperature-controlled food,Needs temperature-controlled carriage.,ambient dry cargo|cement|chemicals
SHP-00145,northeast,Bharat Collective,Coffee and cocoa sacks,food-grade dry,Guwahati,Delhi NCR,644,sea,3400,82,86,dry,48 h,91,spot,2026-09-27,2026-09-29,Dry container with odour guard,87,82,per-tonne contract,89.6,5337000,22:00-02:00,51,43,157,61,,bulk food export,Can consolidate with dry food cargo.,cement|chemicals|odour cargo
SHP-00146,northeast,Tea Garden Distributors,Medical devices,regulated devices,Shillong,Lucknow,64,air,17600,79,88,regulated,72 h,59,return,2026-10-13,2026-10-14,Secure high-value air cargo,88,54,dedicated fleet,18.4,5273000,10:00-14:00,53,130,235,114,SHI-DEL/BOM gateway,regulated high-value urgent,Needs secure handling and documented custody.,cement|chemicals|unsealed food
SHP-00147,northeast,RetailLoop Supply Co,Electronics returns,electronics,Agartala,Patna,353,staging,5800,61,97,ambient,96 h,32,spot,2026-10-20,2026-10-26,Secure parcel truck,71,52,spot market,45.8,7629000,14:00-22:00,57,30,11,31,,high-value reverse logistics,"Needs dry, secure movement and claims control.",wet cargo|magnetic cargo|loose food
SHP-00148,northeast,Bharat Logistics,Durable snacks overflow,food-grade dry,Agartala,Haldia port,203,road,3200,134,90,ambient,24 h,58,backhaul,2026-09-28,2026-10-04,Food-grade dry van,84,65,per-tonne contract,36.5,1857000,10:00-14:00,96,19,210,64,,anchor-compatible FMCG overflow,Highly compatible with Britannia-style packaged food lanes.,cement|chemicals|wet cargo
SHP-00149,northeast,Prime Consortium,Reverse logistics parcels,parcel returns,Aizawl,Haldia port,392,staging,5800,130,84,ambient,60 h,38,premium,2026-09-17,2026-09-22,Parcel cage vehicle,84,20,per-tonne contract,49.6,7217000,22:00-02:00,51,27,141,22,,reverse logistics,Works well in staged consolidation waves.,loose food|hazardous
SHP-00150,northeast,Eastern Trade Network,Textile bales,textile dry,Agartala,Delhi NCR,441,road,5000,123,93,dry,48 h,87,contract,2026-10-16,2026-10-17,Dry van with moisture guard,80,16,per-trip contract,39.0,7912000,06:00-10:00,59,29,20,40,,dry industrial backhaul,Needs dry handling and moisture protection.,wet cargo|chemicals
SHP-00151,northeast,Prime Forwarders,High value samples,secured samples,Guwahati,Haldia port,37,air,31600,54,99,regulated,12 h,92,backhaul,2026-10-05,2026-10-06,Secure air cargo pouch,89,53,SLA contract,16.6,5089000,06:00-10:00,37,103,149,146,GUW-DEL/BOM gateway,high-value urgent,Needs secure handling and tight handoff control.,bulk cargo|unsecured parcels
SHP-00152,northeast,CraftBridge Export House,Regulated pharma samples,regulated pharma,Jorhat,Delhi NCR,25,air,14100,30,87,regulated,6 d,43,return,2026-10-10,2026-10-11,Validated secure pharma uplift,81,33,fixed monthly,15.7,1488000,06:00-10:00,64,48,203,359,JOR-DEL/BOM gateway,regulated high-value urgent,Needs chain-of-custody and compliance clearance.,food|cement|chemicals|unsecured parcels
SHP-00153,northeast,Swift Supply Co,Electronics returns,electronics,Guwahati,Kolkata,278,staging,7100,80,91,ambient,36 h,68,overflow,2026-10-25,2026-10-28,Secure parcel truck,77,39,SLA contract,44.1,8101000,06:00-10:00,43,37,23,25,,high-value reverse logistics,"Needs dry, secure movement and claims control.",wet cargo|magnetic cargo|loose food
SHP-00154,northeast,Metro Consortium,Frozen bakery inputs,chilled food,Shillong,Kolkata,393,road,5800,69,98,chilled,5 d,76,premium,2026-10-15,2026-10-18,Reefer truck,84,58,per-tonne contract,33.8,8484000,22:00-02:00,65,44,26,66,,temperature-controlled food,Needs temperature-controlled carriage.,ambient dry cargo|cement|chemicals
SHP-00155,northeast,Prime Trade Network,Premium craft consignments,fragile craft,Shillong,Delhi NCR,340,staging,7200,38,96,fragile,6 d,60,return,2026-10-10,2026-10-12,Padded box truck with staging buffer,92,35,SLA contract,49.2,10721000,10:00-14:00,90,14,24,85,,premium fragile exports,Needs gentle handling and staging protection.,cement|heavy machinery|wet cargo
SHP-00156,northeast,Greenfield Forwarders,Textile bales,textile dry,Guwahati,Lucknow,132,road,3300,64,85,dry,5 d,56,overflow,2026-10-15,2026-10-21,Dry van with moisture guard,77,29,spot market,36.1,1338000,06:00-10:00,84,14,1,35,,dry industrial backhaul,Needs dry handling and moisture protection.,wet cargo|chemicals
SHP-00157,northeast,Prime Logistics,Spice cartons,food-grade dry,Dibrugarh,Delhi NCR,79,road,4400,194,91,ambient,5 d,83,return,2026-10-24,2026-10-30,Food-grade dry van,76,24,SLA contract,41.0,1445000,22:00-02:00,95,11,2,59,,ambient food exports,Compatible with packaged food when odour control is maintained.,cement|chemicals|odour cargo
SHP-00158,northeast,BluePeak Supply Co,Frozen bakery inputs,chilled food,Silchar,Delhi NCR,217,road,9200,221,87,chilled,24 h,74,backhaul,2026-10-27,2026-11-01,Reefer truck,73,80,spot market,40.1,5363000,22:00-02:00,68,15,29,87,,temperature-controlled food,Needs temperature-controlled carriage.,ambient dry cargo|cement|chemicals
SHP-00159,northeast,CraftBridge Foods,Frozen bakery inputs,chilled food,Dibrugarh,Patna,475,road,8800,131,92,chilled,48 h,51,backhaul,2026-09-20,2026-09-22,Reefer truck,82,16,dedicated fleet,35.0,18359000,22:00-02:00,56,24,21,1,,temperature-controlled food,Needs temperature-controlled carriage.,ambient dry cargo|cement|chemicals
SHP-00160,northeast,Greenfield Distributors,Spice cartons,food-grade dry,Silchar,Lucknow,277,road,4100,29,91,ambient,5 d,73,contract,2026-10-04,2026-10-07,Food-grade dry van,79,42,fixed monthly,31.7,5096000,06:00-10:00,64,30,16,0,,ambient food exports,Compatible with packaged food when odour control is maintained.,cement|chemicals|odour cargo
SHP-00161,northeast,Spice Valley Collective,Premium craft consignments,fragile craft,Shillong,Delhi NCR,27,staging,7200,36,93,fragile,48 h,97,backhaul,2026-10-08,2026-10-13,Padded box truck with staging buffer,82,20,spot market,47.7,501000,14:00-22:00,44,27,23,17,,premium fragile exports,Needs gentle handling and staging protection.,cement|heavy machinery|wet cargo
SHP-00162,northeast,BluePeak Foods,Premium craft consignments,fragile craft,Silchar,Delhi NCR,205,staging,5300,203,96,fragile,48 h,82,overflow,2026-09-24,2026-09-28,Padded box truck with staging buffer,86,85,fixed monthly,44.2,4839000,10:00-14:00,66,30,1,18,,premium fragile exports,Needs gentle handling and staging protection.,cement|heavy machinery|wet cargo
SHP-00163,northeast,AgroStar Trade Network,Reverse logistics parcels,parcel returns,Agartala,Bengaluru,245,staging,6900,109,92,ambient,6 d,57,backhaul,2026-10-30,2026-11-01,Parcel cage vehicle,83,21,SLA contract,44.2,6531000,14:00-22:00,37,45,11,63,,reverse logistics,Works well in staged consolidation waves.,loose food|hazardous
SHP-00164,northeast,Greenfield Collective,Medical devices,regulated devices,Agartala,Bengaluru,36,air,16200,69,94,regulated,6 d,58,overflow,2026-10-31,2026-11-01,Secure high-value air cargo,79,85,per-tonne contract,11.9,2634000,22:00-02:00,38,138,183,48,AGA-DEL/BOM gateway,regulated high-value urgent,Needs secure handling and documented custody.,cement|chemicals|unsealed food
SHP-00165,northeast,RetailLoop Supply Co,Packaged tea cartons,food-grade dry,Silchar,Haldia port,531,road,3600,50,83,dry,72 h,50,backhaul,2026-10-27,2026-10-29,Food-grade dry van,74,71,per-trip contract,36.6,9088000,10:00-14:00,46,44,36,26,,anchor-compatible FMCG backhaul,Can ride with packaged food and dry FMCG cargo.,cement|chemicals|hazardous
SHP-00166,northeast,Eastern Industries,Reverse logistics parcels,parcel returns,Agartala,Haldia port,415,staging,5300,104,90,ambient,48 h,31,premium,2026-10-09,2026-10-11,Parcel cage vehicle,85,75,fixed monthly,50.3,9322000,14:00-22:00,51,28,67,28,,reverse logistics,Works well in staged consolidation waves.,loose food|hazardous
SHP-00167,northeast,Summit Forwarders,Reverse logistics parcels,parcel returns,Shillong,Lucknow,304,staging,4900,123,90,ambient,24 h,70,return,2026-10-20,2026-10-25,Parcel cage vehicle,83,21,per-tonne contract,44.6,5439000,06:00-10:00,63,17,20,84,,reverse logistics,Works well in staged consolidation waves.,loose food|hazardous
SHP-00168,northeast,Prime Foods,Spice cartons,food-grade dry,Aizawl,Kolkata,54,road,6100,85,95,ambient,36 h,42,contract,2026-10-03,2026-10-04,Food-grade dry van,75,36,spot market,40.3,942000,22:00-02:00,81,17,14,28,,ambient food exports,Compatible with packaged food when odour control is maintained.,cement|chemicals|odour cargo
SHP-00169,northeast,BluePeak Distributors,Spice cartons,food-grade dry,Aizawl,Lucknow,443,road,3900,95,91,ambient,60 h,95,contract,2026-10-10,2026-10-16,Food-grade dry van,86,36,SLA contract,38.4,5398000,22:00-02:00,60,35,16,8,,ambient food exports,Compatible with packaged food when odour control is maintained.,cement|chemicals|odour cargo
SHP-00170,northeast,Metro Export House,Frozen bakery inputs,chilled food,Silchar,Patna,322,road,6100,162,96,chilled,24 h,70,contract,2026-10-20,2026-10-21,Reefer truck,92,12,fixed monthly,35.5,7110000,06:00-10:00,89,39,3,53,,temperature-controlled food,Needs temperature-controlled carriage.,ambient dry cargo|cement|chemicals
SHP-00171,northeast,RetailLoop Export House,Speciality ginger and citrus,fresh produce,Silchar,Delhi NCR,192,road,5600,91,90,chilled,96 h,33,overflow,2026-09-19,2026-09-25,Ventilated reefer truck,77,19,SLA contract,39.6,4642000,10:00-14:00,79,18,18,43,,perishable agriculture,Requires food-safe handling and temperature discipline.,cement|chemicals|odour cargo
SHP-00172,northeast,RetailLoop Distributors,High value samples,secured samples,Silchar,Kolkata,62,air,38000,96,93,regulated,48 h,78,premium,2026-09-29,2026-10-01,Secure air cargo pouch,91,33,fixed monthly,14.1,10982000,22:00-02:00,100,112,128,227,SIL-DEL/BOM gateway,high-value urgent,Needs secure handling and tight handoff control.,bulk cargo|unsecured parcels
SHP-00173,northeast,Summit Trade Network,Textile bales,textile dry,Aizawl,Haldia port,306,road,5000,26,76,dry,6 d,78,return,2026-10-31,2026-11-04,Dry van with moisture guard,83,22,SLA contract,36.4,3620000,14:00-22:00,49,25,195,11,,dry industrial backhaul,Needs dry handling and moisture protection.,wet cargo|chemicals
SHP-00174,northeast,Bharat Distributors,Premium craft consignments,fragile craft,Aizawl,Kolkata,90,staging,6000,60,89,fragile,48 h,35,spot,2026-09-22,2026-09-28,Padded box truck with staging buffer,89,37,per-trip contract,46.7,2421000,22:00-02:00,84,27,17,42,,premium fragile exports,Needs gentle handling and staging protection.,cement|heavy machinery|wet cargo
SHP-00175,northeast,CraftBridge Forwarders,Frozen bakery inputs,chilled food,Shillong,Patna,491,road,6700,150,92,chilled,72 h,86,backhaul,2026-10-24,2026-10-26,Reefer truck,89,21,per-tonne contract,40.7,9224000,10:00-14:00,74,20,28,68,,temperature-controlled food,Needs temperature-controlled carriage.,ambient dry cargo|cement|chemicals
SHP-00176,northeast,Tea Garden Logistics,Spice cartons,food-grade dry,Guwahati,Patna,462,road,5900,109,84,ambient,60 h,94,spot,2026-09-16,2026-09-17,Food-grade dry van,73,32,spot market,36.7,10496000,22:00-02:00,55,38,16,30,,ambient food exports,Compatible with packaged food when odour control is maintained.,cement|chemicals|odour cargo
SHP-00177,northeast,National Supply Co,Durable snacks overflow,food-grade dry,Shillong,Delhi NCR,218,road,4200,57,92,ambient,60 h,64,overflow,2026-09-17,2026-09-22,Food-grade dry van,89,67,per-trip contract,33.5,3594000,22:00-02:00,86,18,20,87,,anchor-compatible FMCG overflow,Highly compatible with Britannia-style packaged food lanes.,cement|chemicals|wet cargo
SHP-00178,northeast,National Export House,Coffee and cocoa sacks,food-grade dry,Aizawl,Lucknow,913,sea,4000,73,85,dry,24 h,87,return,2026-10-01,2026-10-06,Dry container with odour guard,87,25,per-trip contract,85.6,15111000,14:00-22:00,45,13,40,34,,bulk food export,Can consolidate with dry food cargo.,cement|chemicals|odour cargo
SHP-00179,northeast,RetailLoop Consortium,Packaged tea cartons,food-grade dry,Silchar,Patna,699,road,5300,113,90,dry,5 d,27,spot,2026-09-23,2026-09-24,Food-grade dry van,76,33,per-trip contract,41.1,15769000,14:00-22:00,81,19,28,81,,anchor-compatible FMCG backhaul,Can ride with packaged food and dry FMCG cargo.,cement|chemicals|hazardous
SHP-00180,northeast,Bharat Forwarders,Speciality ginger and citrus,fresh produce,Agartala,Delhi NCR,630,road,7100,50,90,chilled,6 d,31,backhaul,2026-09-28,2026-10-02,Ventilated reefer truck,76,57,per-tonne contract,31.9,20266000,22:00-02:00,75,20,29,71,,perishable agriculture,Requires food-safe handling and temperature discipline.,cement|chemicals|odour cargo
SHP-00181,northeast,Healthline Industries,Containerised export overflow,container export,Agartala,Kolkata,701,sea,2900,152,93,dry,6 d,86,contract,2026-10-19,2026-10-24,Sealed container feeder,64,27,spot market,89.6,5361000,10:00-14:00,89,19,74,28,,bulk export overflow,Best suited to feeder or port-linked consolidation.,loose perishable|fragile craft
SHP-00182,northeast,CraftBridge Foods,Medical devices,regulated devices,Dibrugarh,Kolkata,61,air,24300,89,87,regulated,36 h,42,return,2026-10-18,2026-10-19,Secure high-value air cargo,82,70,fixed monthly,20.3,3535000,22:00-02:00,80,146,196,201,DIB-DEL/BOM gateway,regulated high-value urgent,Needs secure handling and documented custody.,cement|chemicals|unsealed food
SHP-00183,northeast,AgroStar Distributors,Regulated pharma samples,regulated pharma,Agartala,Delhi NCR,27,air,22700,39,90,regulated,12 h,99,spot,2026-10-16,2026-10-17,Validated secure pharma uplift,93,21,SLA contract,13.2,1523000,14:00-22:00,75,82,66,179,AGA-DEL/BOM gateway,regulated high-value urgent,Needs chain-of-custody and compliance clearance.,food|cement|chemicals|unsecured parcels
SHP-00184,northeast,National Collective,Durable snacks overflow,food-grade dry,Silchar,Kolkata,375,road,4500,30,84,ambient,24 h,25,contract,2026-10-12,2026-10-13,Food-grade dry van,58,74,spot market,35.7,4089000,06:00-10:00,81,17,18,23,,anchor-compatible FMCG overflow,Highly compatible with Britannia-style packaged food lanes.,cement|chemicals|wet cargo
SHP-00185,northeast,Healthline Consortium,Regulated pharma samples,regulated pharma,Jorhat,Patna,14,air,29000,34,84,regulated,24 h,53,backhaul,2026-10-25,2026-10-26,Validated secure pharma uplift,65,18,spot market,18.1,1802000,14:00-22:00,44,161,79,319,JOR-DEL/BOM gateway,regulated high-value urgent,Needs chain-of-custody and compliance clearance.,food|cement|chemicals|unsecured parcels
SHP-00186,northeast,Horizon Collective,Frozen bakery inputs,chilled food,Jorhat,Delhi NCR,501,road,9200,116,94,chilled,6 d,89,backhaul,2026-10-07,2026-10-09,Reefer truck,77,57,per-tonne contract,38.4,19732000,06:00-10:00,69,23,20,13,,temperature-controlled food,Needs temperature-controlled carriage.,ambient dry cargo|cement|chemicals
SHP-00187,northeast,Eastern Export House,Textile bales,textile dry,Silchar,Lucknow,706,road,4000,83,78,dry,6 d,80,backhaul,2026-10-08,2026-10-14,Dry van with moisture guard,80,31,per-tonne contract,36.3,6420000,22:00-02:00,42,36,0,81,,dry industrial backhaul,Needs dry handling and moisture protection.,wet cargo|chemicals
SHP-00188,northeast,National Forwarders,Textile bales,textile dry,Jorhat,Bengaluru,505,road,3200,109,92,dry,96 h,75,overflow,2026-09-16,2026-09-20,Dry van with moisture guard,89,30,SLA contract,34.9,7058000,10:00-14:00,75,34,29,32,,dry industrial backhaul,Needs dry handling and moisture protection.,wet cargo|chemicals
SHP-00189,northeast,Summit Export House,Electronics returns,electronics,Agartala,Haldia port,58,staging,8200,140,86,ambient,6 d,60,backhaul,2026-09-21,2026-09-23,Secure parcel truck,69,32,spot market,45.4,2262000,06:00-10:00,50,11,210,57,,high-value reverse logistics,"Needs dry, secure movement and claims control.",wet cargo|magnetic cargo|loose food
SHP-00190,northeast,Summit Trade Network,Spice cartons,food-grade dry,Jorhat,Kolkata,307,road,5900,165,99,ambient,5 d,62,contract,2026-10-24,2026-10-26,Food-grade dry van,85,2,dedicated fleet,40.6,4279000,06:00-10:00,69,37,20,4,,ambient food exports,Compatible with packaged food when odour control is maintained.,cement|chemicals|odour cargo
SHP-00191,northeast,Spice Valley Export House,Frozen bakery inputs,chilled food,Guwahati,Kolkata,244,road,6200,236,85,chilled,5 d,33,contract,2026-09-24,2026-09-28,Reefer truck,76,19,per-trip contract,42.9,6362000,06:00-10:00,72,19,1,1,,temperature-controlled food,Needs temperature-controlled carriage.,ambient dry cargo|cement|chemicals
SHP-00192,northeast,Metro Export House,Premium craft consignments,fragile craft,Shillong,Kolkata,159,staging,7900,187,87,fragile,60 h,84,spot,2026-10-01,2026-10-06,Padded box truck with staging buffer,86,56,SLA contract,45.0,5853000,22:00-02:00,72,28,11,30,,premium fragile exports,Needs gentle handling and staging protection.,cement|heavy machinery|wet cargo
SHP-00193,northeast,Bharat Supply Co,Spice cartons,food-grade dry,Aizawl,Lucknow,611,road,5500,90,90,ambient,6 d,55,spot,2026-10-25,2026-10-31,Food-grade dry van,87,43,SLA contract,40.4,7731000,06:00-10:00,56,43,9,44,,ambient food exports,Compatible with packaged food when odour control is maintained.,cement|chemicals|odour cargo
SHP-00194,northeast,Prime Logistics,Coffee and cocoa sacks,food-grade dry,Jorhat,Delhi NCR,107,sea,3500,34,92,dry,96 h,42,return,2026-10-29,2026-11-02,Dry container with odour guard,83,45,dedicated fleet,85.8,1607000,22:00-02:00,42,37,115,65,,bulk food export,Can consolidate with dry food cargo.,cement|chemicals|odour cargo
SHP-00195,northeast,Spice Valley Supply Co,Bamboo panels and handicrafts,fragile craft,Guwahati,Haldia port,246,staging,5700,42,87,fragile,5 d,30,return,2026-10-22,2026-10-25,Padded box truck with staging buffer,79,17,SLA contract,46.5,6240000,14:00-22:00,79,42,207,2,,fragile regional exports,Needs bracing and should avoid dusty or heavy loads.,cement|heavy machinery|wet cargo
SHP-00196,northeast,Tea Garden Foods,Frozen bakery inputs,chilled food,Aizawl,Bengaluru,296,road,5800,75,91,chilled,36 h,68,return,2026-09-23,2026-09-24,Reefer truck,78,11,per-trip contract,32.9,7128000,14:00-22:00,39,37,4,33,,temperature-controlled food,Needs temperature-controlled carriage.,ambient dry cargo|cement|chemicals
SHP-00197,northeast,Horizon Export House,Bamboo panels and handicrafts,fragile craft,Dibrugarh,Kolkata,308,staging,5100,95,85,fragile,5 d,89,premium,2026-09-17,2026-09-19,Padded box truck with staging buffer,79,26,SLA contract,47.7,7315000,22:00-02:00,47,36,29,48,,fragile regional exports,Needs bracing and should avoid dusty or heavy loads.,cement|heavy machinery|wet cargo
SHP-00198,northeast,Eastern Distributors,Medical devices,regulated devices,Aizawl,Lucknow,48,air,25800,22,91,regulated,48 h,27,spot,2026-10-16,2026-10-17,Secure high-value air cargo,72,63,SLA contract,16.2,2860000,14:00-22:00,55,177,202,303,AIZ-DEL/BOM gateway,regulated high-value urgent,Needs secure handling and documented custody.,cement|chemicals|unsealed food
SHP-00199,northeast,Healthline Distributors,Frozen bakery inputs,chilled food,Silchar,Patna,582,road,8900,132,87,chilled,24 h,35,spot,2026-10-13,2026-10-17,Reefer truck,72,39,per-tonne contract,34.9,15580000,06:00-10:00,87,40,9,8,,temperature-controlled food,Needs temperature-controlled carriage.,ambient dry cargo|cement|chemicals
SHP-00200,northeast,Eastern Collective,Speciality ginger and citrus,fresh produce,Aizawl,Patna,103,road,6400,92,86,chilled,60 h,79,spot,2026-09-21,2026-09-24,Ventilated reefer truck,81,70,per-tonne contract,40.2,1974000,14:00-22:00,96,29,18,88,,perishable agriculture,Requires food-safe handling and temperature discipline.,cement|chemicals|odour cargo
SHP-00201,west,CraftBridge Supply Co,Spice cartons,food-grade dry,Kishangarh,Bengaluru,541,road,5500,231,84,ambient,72 h,79,contract,2026-10-31,2026-11-06,Food-grade dry van,86,16,per-trip contract,34.2,13107000,10:00-14:00,80,44,12,46,,ambient food exports,Compatible with packaged food when odour control is maintained.,cement|chemicals|odour cargo
SHP-00202,west,Prime Supply Co,Bamboo panels and handicrafts,fragile craft,Bhilwara,Pune,348,staging,6900,73,90,fragile,96 h,52,contract,2026-10-01,2026-10-03,Padded box truck with staging buffer,73,21,SLA contract,42.5,8294000,22:00-02:00,70,11,19,60,,fragile regional exports,Needs bracing and should avoid dusty or heavy loads.,cement|heavy machinery|wet cargo
SHP-00203,west,AgroStar Industries,High value samples,secured samples,Udaipur,Pune,68,air,28800,182,85,regulated,96 h,50,overflow,2026-09-26,2026-09-27,Secure air cargo pouch,90,54,fixed monthly,15.5,8618000,14:00-22:00,39,82,51,299,UDA-DEL/BOM gateway,high-value urgent,Needs secure handling and tight handoff control.,bulk cargo|unsecured parcels
SHP-00204,west,Bharat Supply Co,Medical devices,regulated devices,Jaipur,Chennai,61,air,18500,64,98,regulated,6 d,56,overflow,2026-09-20,2026-09-21,Secure high-value air cargo,83,36,per-tonne contract,11.4,4071000,10:00-14:00,53,155,182,84,JAI-DEL/BOM gateway,regulated high-value urgent,Needs secure handling and documented custody.,cement|chemicals|unsealed food
SHP-00205,west,PortLink Export House,Bamboo panels and handicrafts,fragile craft,Udaipur,Pune,299,staging,6200,101,83,fragile,6 d,91,backhaul,2026-09-25,2026-09-30,Padded box truck with staging buffer,73,15,spot market,36.8,5336000,22:00-02:00,46,22,24,5,,fragile regional exports,Needs bracing and should avoid dusty or heavy loads.,cement|heavy machinery|wet cargo
SHP-00206,west,CraftBridge Trade Network,Speciality ginger and citrus,fresh produce,Bhilwara,Nhava Sheva,564,road,6400,24,96,chilled,36 h,72,spot,2026-09-30,2026-10-02,Ventilated reefer truck,89,53,fixed monthly,28.7,14178000,14:00-22:00,100,44,25,78,,perishable agriculture,Requires food-safe handling and temperature discipline.,cement|chemicals|odour cargo
SHP-00207,west,Swift Export House,Coffee and cocoa sacks,food-grade dry,Kishangarh,Chennai,713,sea,4300,59,95,dry,72 h,92,spot,2026-09-23,2026-09-28,Dry container with odour guard,73,51,per-tonne contract,77.9,12724000,06:00-10:00,86,27,88,46,,bulk food export,Can consolidate with dry food cargo.,cement|chemicals|odour cargo
SHP-00208,west,RetailLoop Foods,Textile bales,textile dry,Jodhpur,Nashik,699,road,4100,85,83,dry,48 h,49,contract,2026-09-22,2026-09-23,Dry van with moisture guard,65,60,fixed monthly,32.6,6590000,06:00-10:00,65,27,30,65,,dry industrial backhaul,Needs dry handling and moisture protection.,wet cargo|chemicals
SHP-00209,west,Riverline Consortium,Premium craft consignments,fragile craft,Udaipur,Chennai,272,staging,7300,97,83,fragile,48 h,95,overflow,2026-10-30,2026-10-31,Padded box truck with staging buffer,88,76,SLA contract,36.9,7235000,10:00-14:00,64,20,28,89,,premium fragile exports,Needs gentle handling and staging protection.,cement|heavy machinery|wet cargo
SHP-00210,west,Eastern Foods,Medical devices,regulated devices,Jodhpur,Chennai,47,air,15300,125,83,regulated,5 d,80,spot,2026-10-02,2026-10-03,Secure high-value air cargo,88,52,per-tonne contract,16.2,2502000,10:00-14:00,95,65,231,312,JOD-DEL/BOM gateway,regulated high-value urgent,Needs secure handling and documented custody.,cement|chemicals|unsealed food
SHP-00211,west,Swift Collective,Containerised export overflow,container export,Bhilwara,Bengaluru,639,sea,2900,111,86,dry,72 h,81,backhaul,2026-10-08,2026-10-12,Sealed container feeder,83,5,SLA contract,71.7,4201000,10:00-14:00,41,40,127,87,,bulk export overflow,Best suited to feeder or port-linked consolidation.,loose perishable|fragile craft
SHP-00212,west,Horizon Trade Network,Bamboo panels and handicrafts,fragile craft,Kishangarh,Nhava Sheva,362,staging,4900,97,83,fragile,60 h,95,contract,2026-10-28,2026-10-29,Padded box truck with staging buffer,94,13,per-tonne contract,43.6,3963000,10:00-14:00,50,45,29,42,,fragile regional exports,Needs bracing and should avoid dusty or heavy loads.,cement|heavy machinery|wet cargo
SHP-00213,west,Horizon Collective,Speciality ginger and citrus,fresh produce,Jaipur,Chennai,455,road,6900,163,89,chilled,36 h,93,overflow,2026-10-31,2026-11-04,Ventilated reefer truck,83,69,fixed monthly,37.7,9018000,06:00-10:00,64,36,33,11,,perishable agriculture,Requires food-safe handling and temperature discipline.,cement|chemicals|odour cargo
SHP-00214,west,Greenfield Trade Network,High value samples,secured samples,Kishangarh,Chennai,39,air,27300,146,77,regulated,5 d,81,return,2026-10-13,2026-10-14,Secure air cargo pouch,71,71,SLA contract,17.2,3279000,14:00-22:00,96,89,170,74,KIS-DEL/BOM gateway,high-value urgent,Needs secure handling and tight handoff control.,bulk cargo|unsecured parcels
SHP-00215,west,Bharat Consortium,Regulated pharma samples,regulated pharma,Kishangarh,Mumbai,68,air,15300,98,88,regulated,36 h,71,contract,2026-09-17,2026-09-19,Validated secure pharma uplift,78,22,dedicated fleet,9.5,3418000,06:00-10:00,54,70,169,102,KIS-DEL/BOM gateway,regulated high-value urgent,Needs chain-of-custody and compliance clearance.,food|cement|chemicals|unsecured parcels
SHP-00216,west,Greenfield Forwarders,Regulated pharma samples,regulated pharma,Bikaner,Nashik,61,air,25000,132,88,regulated,24 h,52,backhaul,2026-10-18,2026-10-20,Validated secure pharma uplift,80,45,spot market,7.1,4162000,06:00-10:00,64,98,54,50,BIK-DEL/BOM gateway,regulated high-value urgent,Needs chain-of-custody and compliance clearance.,food|cement|chemicals|unsecured parcels
SHP-00217,west,Riverline Supply Co,Spice cartons,food-grade dry,Jaipur,Nhava Sheva,414,road,5200,108,98,ambient,36 h,89,contract,2026-10-13,2026-10-14,Food-grade dry van,81,25,per-trip contract,35.8,9301000,22:00-02:00,92,34,12,88,,ambient food exports,Compatible with packaged food when odour control is maintained.,cement|chemicals|odour cargo
SHP-00218,west,Healthline Logistics,Durable snacks overflow,food-grade dry,Bikaner,Bengaluru,128,road,3600,34,89,ambient,60 h,41,overflow,2026-10-14,2026-10-20,Food-grade dry van,84,22,per-tonne contract,31.9,2132000,06:00-10:00,42,40,6,58,,anchor-compatible FMCG overflow,Highly compatible with Britannia-style packaged food lanes.,cement|chemicals|wet cargo
SHP-00219,west,Swift Supply Co,Medical devices,regulated devices,Kishangarh,Pune,64,air,24100,105,82,regulated,12 h,95,return,2026-09-30,2026-10-01,Secure high-value air cargo,78,15,SLA contract,19.5,6808000,06:00-10:00,65,144,196,322,KIS-DEL/BOM gateway,regulated high-value urgent,Needs secure handling and documented custody.,cement|chemicals|unsealed food
SHP-00220,west,BluePeak Supply Co,Premium craft consignments,fragile craft,Kishangarh,Nhava Sheva,415,staging,6900,106,92,fragile,48 h,69,premium,2026-09-26,2026-09-29,Padded box truck with staging buffer,92,60,SLA contract,44.0,13463000,10:00-14:00,85,44,17,14,,premium fragile exports,Needs gentle handling and staging protection.,cement|heavy machinery|wet cargo
SHP-00221,west,Summit Consortium,High value samples,secured samples,Bhilwara,Chennai,18,air,28000,106,91,regulated,60 h,74,spot,2026-09-21,2026-09-22,Secure air cargo pouch,70,16,fixed monthly,11.2,2254000,14:00-22:00,91,50,47,201,BHI-DEL/BOM gateway,high-value urgent,Needs secure handling and tight handoff control.,bulk cargo|unsecured parcels
SHP-00222,west,RetailLoop Supply Co,Bamboo panels and handicrafts,fragile craft,Kishangarh,Mumbai,351,staging,4300,142,78,fragile,60 h,98,spot,2026-10-28,2026-10-31,Padded box truck with staging buffer,82,31,SLA contract,43.2,4317000,14:00-22:00,78,25,19,84,,fragile regional exports,Needs bracing and should avoid dusty or heavy loads.,cement|heavy machinery|wet cargo
SHP-00223,west,Metro Consortium,Containerised export overflow,container export,Bhilwara,Bengaluru,558,sea,3100,98,96,dry,24 h,65,return,2026-10-13,2026-10-19,Sealed container feeder,86,13,per-trip contract,76.3,8267000,06:00-10:00,73,44,156,58,,bulk export overflow,Best suited to feeder or port-linked consolidation.,loose perishable|fragile craft
SHP-00224,west,Eastern Industries,Packaged tea cartons,food-grade dry,Jaipur,Mumbai,444,road,4200,88,92,dry,24 h,43,contract,2026-10-16,2026-10-17,Food-grade dry van,76,22,SLA contract,33.3,6849000,10:00-14:00,62,38,20,52,,anchor-compatible FMCG backhaul,Can ride with packaged food and dry FMCG cargo.,cement|chemicals|hazardous
SHP-00225,west,AgroStar Collective,Bamboo panels and handicrafts,fragile craft,Udaipur,Pune,94,staging,4800,64,85,fragile,24 h,71,return,2026-10-20,2026-10-24,Padded box truck with staging buffer,91,43,SLA contract,39.1,1648000,10:00-14:00,85,39,33,38,,fragile regional exports,Needs bracing and should avoid dusty or heavy loads.,cement|heavy machinery|wet cargo
SHP-00226,west,Metro Foods,Premium craft consignments,fragile craft,Bikaner,Mumbai,364,staging,8500,112,92,fragile,36 h,29,premium,2026-10-05,2026-10-11,Padded box truck with staging buffer,82,57,spot market,39.1,14463000,22:00-02:00,96,13,2,41,,premium fragile exports,Needs gentle handling and staging protection.,cement|heavy machinery|wet cargo
SHP-00227,west,Metro Supply Co,Packaged tea cartons,food-grade dry,Bikaner,Pune,340,road,4300,25,78,dry,24 h,55,premium,2026-10-18,2026-10-20,Food-grade dry van,78,53,per-trip contract,29.5,3595000,22:00-02:00,67,35,28,14,,anchor-compatible FMCG backhaul,Can ride with packaged food and dry FMCG cargo.,cement|chemicals|hazardous
SHP-00228,west,Bharat Foods,Packaged tea cartons,food-grade dry,Udaipur,Mumbai,206,road,4400,62,97,dry,48 h,30,premium,2026-10-21,2026-10-22,Food-grade dry van,90,14,SLA contract,29.3,4244000,14:00-22:00,99,19,9,86,,anchor-compatible FMCG backhaul,Can ride with packaged food and dry FMCG cargo.,cement|chemicals|hazardous
SHP-00229,west,Metro Collective,Packaged tea cartons,food-grade dry,Bikaner,Mumbai,660,road,4600,32,84,dry,72 h,84,backhaul,2026-10-08,2026-10-09,Food-grade dry van,84,49,fixed monthly,30.8,9587000,10:00-14:00,81,35,29,64,,anchor-compatible FMCG backhaul,Can ride with packaged food and dry FMCG cargo.,cement|chemicals|hazardous
SHP-00230,west,Horizon Industries,Packaged tea cartons,food-grade dry,Jaipur,Pune,692,road,3900,109,82,dry,36 h,42,return,2026-10-16,2026-10-20,Food-grade dry van,88,37,SLA contract,34.6,7478000,14:00-22:00,89,31,29,58,,anchor-compatible FMCG backhaul,Can ride with packaged food and dry FMCG cargo.,cement|chemicals|hazardous
SHP-00231,west,Swift Forwarders,Textile bales,textile dry,Bikaner,Nashik,152,road,4100,62,80,dry,48 h,95,backhaul,2026-10-11,2026-10-13,Dry van with moisture guard,93,69,per-tonne contract,28.2,2321000,22:00-02:00,95,31,2,81,,dry industrial backhaul,Needs dry handling and moisture protection.,wet cargo|chemicals
SHP-00232,west,AgroStar Supply Co,Reverse logistics parcels,parcel returns,Bikaner,Chennai,169,staging,5900,76,92,ambient,96 h,96,spot,2026-10-27,2026-11-02,Parcel cage vehicle,82,11,spot market,43.5,4014000,06:00-10:00,97,24,2,87,,reverse logistics,Works well in staged consolidation waves.,loose food|hazardous
SHP-00233,west,Bharat Logistics,Durable snacks overflow,food-grade dry,Bikaner,Nashik,675,road,4500,205,86,ambient,60 h,52,contract,2026-10-23,2026-10-24,Food-grade dry van,67,57,spot market,31.8,12481000,14:00-22:00,45,43,21,31,,anchor-compatible FMCG overflow,Highly compatible with Britannia-style packaged food lanes.,cement|chemicals|wet cargo
SHP-00234,west,BluePeak Trade Network,Electronics returns,electronics,Kishangarh,Mumbai,183,staging,5900,102,90,ambient,24 h,67,spot,2026-10-26,2026-10-28,Secure parcel truck,78,81,per-trip contract,39.6,4266000,14:00-22:00,39,26,7,74,,high-value reverse logistics,"Needs dry, secure movement and claims control.",wet cargo|magnetic cargo|loose food
SHP-00235,west,CraftBridge Distributors,High value samples,secured samples,Bikaner,Bengaluru,6,air,25000,96,89,regulated,6 d,26,return,2026-10-04,2026-10-05,Secure air cargo pouch,95,67,per-tonne contract,18.4,455000,14:00-22:00,77,114,167,328,BIK-DEL/BOM gateway,high-value urgent,Needs secure handling and tight handoff control.,bulk cargo|unsecured parcels
SHP-00236,west,Horizon Forwarders,Frozen bakery inputs,chilled food,Jaipur,Bengaluru,72,road,5800,78,86,chilled,24 h,29,return,2026-09-18,2026-09-19,Reefer truck,73,30,dedicated fleet,32.8,1266000,14:00-22:00,40,16,0,44,,temperature-controlled food,Needs temperature-controlled carriage.,ambient dry cargo|cement|chemicals
SHP-00237,west,Eastern Supply Co,Reverse logistics parcels,parcel returns,Jaipur,Nhava Sheva,408,staging,6700,159,86,ambient,6 d,57,spot,2026-09-18,2026-09-24,Parcel cage vehicle,90,19,per-trip contract,38.3,11744000,22:00-02:00,90,44,17,17,,reverse logistics,Works well in staged consolidation waves.,loose food|hazardous
SHP-00238,west,Greenfield Distributors,Textile bales,textile dry,Kishangarh,Nhava Sheva,641,road,3500,235,87,dry,6 d,49,contract,2026-09-24,2026-09-28,Dry van with moisture guard,82,44,per-tonne contract,35.7,5370000,14:00-22:00,56,12,23,36,,dry industrial backhaul,Needs dry handling and moisture protection.,wet cargo|chemicals
SHP-00239,west,Horizon Industries,Frozen bakery inputs,chilled food,Udaipur,Nashik,134,road,7600,180,88,chilled,48 h,71,spot,2026-09-20,2026-09-21,Reefer truck,90,71,per-trip contract,31.6,4637000,14:00-22:00,38,17,13,48,,temperature-controlled food,Needs temperature-controlled carriage.,ambient dry cargo|cement|chemicals
SHP-00240,west,RetailLoop Industries,Durable snacks overflow,food-grade dry,Jodhpur,Nashik,167,road,3700,40,89,ambient,24 h,84,contract,2026-10-05,2026-10-11,Food-grade dry van,91,50,per-tonne contract,30.9,1737000,22:00-02:00,96,32,5,84,,anchor-compatible FMCG overflow,Highly compatible with Britannia-style packaged food lanes.,cement|chemicals|wet cargo
SHP-00241,west,Tea Garden Industries,Electronics returns,electronics,Jodhpur,Nhava Sheva,34,staging,8200,88,81,ambient,48 h,66,spot,2026-10-09,2026-10-11,Secure parcel truck,94,44,spot market,37.8,1234000,10:00-14:00,95,44,19,40,,high-value reverse logistics,"Needs dry, secure movement and claims control.",wet cargo|magnetic cargo|loose food
SHP-00242,west,BluePeak Supply Co,Containerised export overflow,container export,Jaipur,Nhava Sheva,676,sea,3400,143,89,dry,96 h,90,contract,2026-09-19,2026-09-23,Sealed container feeder,89,47,SLA contract,75.2,10886000,22:00-02:00,56,25,186,38,,bulk export overflow,Best suited to feeder or port-linked consolidation.,loose perishable|fragile craft
SHP-00243,west,Prime Collective,Durable snacks overflow,food-grade dry,Bhilwara,Nhava Sheva,207,road,3000,70,90,ambient,96 h,45,contract,2026-09-30,2026-10-01,Food-grade dry van,80,50,per-tonne contract,30.9,2964000,22:00-02:00,85,43,32,41,,anchor-compatible FMCG overflow,Highly compatible with Britannia-style packaged food lanes.,cement|chemicals|wet cargo
SHP-00244,west,BluePeak Foods,Regulated pharma samples,regulated pharma,Jaipur,Mumbai,44,air,24100,43,83,regulated,72 h,36,contract,2026-09-27,2026-09-29,Validated secure pharma uplift,66,24,spot market,20.0,3737000,22:00-02:00,84,124,238,171,JAI-DEL/BOM gateway,regulated high-value urgent,Needs chain-of-custody and compliance clearance.,food|cement|chemicals|unsecured parcels
SHP-00245,west,BluePeak Export House,Frozen bakery inputs,chilled food,Bikaner,Nashik,583,road,7900,35,90,chilled,6 d,50,backhaul,2026-10-05,2026-10-09,Reefer truck,82,48,per-trip contract,34.2,11003000,14:00-22:00,96,29,24,47,,temperature-controlled food,Needs temperature-controlled carriage.,ambient dry cargo|cement|chemicals
SHP-00246,west,Eastern Export House,Regulated pharma samples,regulated pharma,Bikaner,Pune,31,air,30500,127,94,regulated,48 h,40,premium,2026-10-10,2026-10-12,Validated secure pharma uplift,84,33,SLA contract,17.4,2854000,06:00-10:00,86,81,222,186,BIK-DEL/BOM gateway,regulated high-value urgent,Needs chain-of-custody and compliance clearance.,food|cement|chemicals|unsecured parcels
SHP-00247,west,BluePeak Industries,Bamboo panels and handicrafts,fragile craft,Bikaner,Mumbai,40,staging,6600,46,86,fragile,60 h,82,return,2026-09-22,2026-09-24,Padded box truck with staging buffer,73,38,SLA contract,43.7,1092000,06:00-10:00,86,39,8,56,,fragile regional exports,Needs bracing and should avoid dusty or heavy loads.,cement|heavy machinery|wet cargo
SHP-00248,west,Metro Export House,Bamboo panels and handicrafts,fragile craft,Udaipur,Nhava Sheva,339,staging,6500,52,81,fragile,72 h,99,backhaul,2026-10-18,2026-10-19,Padded box truck with staging buffer,98,36,per-trip contract,40.4,6499000,06:00-10:00,36,45,35,28,,fragile regional exports,Needs bracing and should avoid dusty or heavy loads.,cement|heavy machinery|wet cargo
SHP-00249,west,Bharat Supply Co,Textile bales,textile dry,Jodhpur,Nashik,73,road,4400,57,99,dry,36 h,45,overflow,2026-10-26,2026-10-31,Dry van with moisture guard,76,19,spot market,32.9,1160000,14:00-22:00,50,26,2,29,,dry industrial backhaul,Needs dry handling and moisture protection.,wet cargo|chemicals
SHP-00250,west,Metro Supply Co,Coffee and cocoa sacks,food-grade dry,Kishangarh,Mumbai,159,sea,3500,114,90,dry,24 h,44,premium,2026-10-20,2026-10-24,Dry container with odour guard,79,80,dedicated fleet,74.5,2169000,06:00-10:00,100,34,31,89,,bulk food export,Can consolidate with dry food cargo.,cement|chemicals|odour cargo
SHP-00251,west,Spice Valley Distributors,Medical devices,regulated devices,Udaipur,Bengaluru,36,air,19300,77,84,regulated,60 h,79,return,2026-10-02,2026-10-04,Secure high-value air cargo,85,46,fixed monthly,15.9,2960000,06:00-10:00,40,68,230,306,UDA-DEL/BOM gateway,regulated high-value urgent,Needs secure handling and documented custody.,cement|chemicals|unsealed food
SHP-00252,west,Spice Valley Trade Network,Electronics returns,electronics,Jaipur,Chennai,338,staging,6000,172,87,ambient,96 h,43,premium,2026-10-15,2026-10-17,Secure parcel truck,89,28,dedicated fleet,43.2,8372000,10:00-14:00,58,16,22,20,,high-value reverse logistics,"Needs dry, secure movement and claims control.",wet cargo|magnetic cargo|loose food
SHP-00253,west,CraftBridge Industries,Medical devices,regulated devices,Udaipur,Mumbai,58,air,21800,96,88,regulated,12 h,94,return,2026-10-23,2026-10-24,Secure high-value air cargo,93,73,fixed monthly,14.0,4939000,10:00-14:00,87,90,140,269,UDA-DEL/BOM gateway,regulated high-value urgent,Needs secure handling and documented custody.,cement|chemicals|unsealed food
SHP-00254,west,Bharat Industries,Speciality ginger and citrus,fresh produce,Udaipur,Mumbai,69,road,7000,127,85,chilled,96 h,46,overflow,2026-10-17,2026-10-18,Ventilated reefer truck,78,40,per-trip contract,35.4,1359000,06:00-10:00,38,14,24,44,,perishable agriculture,Requires food-safe handling and temperature discipline.,cement|chemicals|odour cargo
SHP-00255,west,Prime Export House,Bamboo panels and handicrafts,fragile craft,Kishangarh,Nhava Sheva,25,staging,5200,98,84,fragile,5 d,39,spot,2026-09-20,2026-09-22,Padded box truck with staging buffer,96,46,fixed monthly,40.4,442000,10:00-14:00,70,19,31,9,,fragile regional exports,Needs bracing and should avoid dusty or heavy loads.,cement|heavy machinery|wet cargo
SHP-00256,west,Riverline Industries,Frozen bakery inputs,chilled food,Bikaner,Chennai,577,road,7100,86,89,chilled,60 h,75,overflow,2026-10-29,2026-10-31,Reefer truck,86,42,spot market,28.6,11600000,22:00-02:00,66,28,14,1,,temperature-controlled food,Needs temperature-controlled carriage.,ambient dry cargo|cement|chemicals
SHP-00257,west,Summit Industries,Containerised export overflow,container export,Jaipur,Bengaluru,973,sea,3300,173,98,dry,48 h,85,backhaul,2026-10-28,2026-10-30,Sealed container feeder,89,63,SLA contract,77.2,11161000,14:00-22:00,37,21,226,0,,bulk export overflow,Best suited to feeder or port-linked consolidation.,loose perishable|fragile craft
SHP-00258,west,Summit Forwarders,Reverse logistics parcels,parcel returns,Kishangarh,Mumbai,324,staging,5600,57,82,ambient,96 h,27,overflow,2026-10-12,2026-10-16,Parcel cage vehicle,84,16,per-trip contract,41.5,4731000,10:00-14:00,88,43,34,73,,reverse logistics,Works well in staged consolidation waves.,loose food|hazardous
SHP-00259,west,Spice Valley Export House,Packaged tea cartons,food-grade dry,Udaipur,Nhava Sheva,498,road,3600,46,78,dry,5 d,78,premium,2026-10-09,2026-10-12,Food-grade dry van,88,2,fixed monthly,30.0,6620000,10:00-14:00,93,18,33,81,,anchor-compatible FMCG backhaul,Can ride with packaged food and dry FMCG cargo.,cement|chemicals|hazardous
SHP-00260,west,Horizon Industries,High value samples,secured samples,Jodhpur,Bengaluru,11,air,33400,72,95,regulated,12 h,97,contract,2026-09-23,2026-09-25,Secure air cargo pouch,85,81,spot market,13.9,1162000,10:00-14:00,72,104,85,99,JOD-DEL/BOM gateway,high-value urgent,Needs secure handling and tight handoff control.,bulk cargo|unsecured parcels
SHP-00261,west,Bharat Export House,Regulated pharma samples,regulated pharma,Jaipur,Nhava Sheva,27,air,15100,50,96,regulated,12 h,90,premium,2026-10-31,2026-11-01,Validated secure pharma uplift,78,18,spot market,16.7,1230000,22:00-02:00,80,162,61,244,JAI-DEL/BOM gateway,regulated high-value urgent,Needs chain-of-custody and compliance clearance.,food|cement|chemicals|unsecured parcels
SHP-00262,west,Prime Collective,Packaged tea cartons,food-grade dry,Bikaner,Pune,685,road,4100,29,85,dry,72 h,77,premium,2026-10-06,2026-10-09,Food-grade dry van,92,28,SLA contract,28.7,7405000,10:00-14:00,61,17,28,26,,anchor-compatible FMCG backhaul,Can ride with packaged food and dry FMCG cargo.,cement|chemicals|hazardous
SHP-00263,west,Eastern Supply Co,Reverse logistics parcels,parcel returns,Bikaner,Nhava Sheva,72,staging,6400,71,96,ambient,96 h,64,return,2026-10-19,2026-10-20,Parcel cage vehicle,81,78,spot market,39.8,1262000,10:00-14:00,77,39,33,13,,reverse logistics,Works well in staged consolidation waves.,loose food|hazardous
SHP-00264,west,CraftBridge Forwarders,Durable snacks overflow,food-grade dry,Jodhpur,Bengaluru,510,road,4200,92,96,ambient,6 d,33,overflow,2026-09-22,2026-09-23,Food-grade dry van,82,61,spot market,30.5,9716000,06:00-10:00,86,37,5,66,,anchor-compatible FMCG overflow,Highly compatible with Britannia-style packaged food lanes.,cement|chemicals|wet cargo
SHP-00265,west,Spice Valley Trade Network,Durable snacks overflow,food-grade dry,Bikaner,Chennai,164,road,4200,43,88,ambient,72 h,47,backhaul,2026-10-29,2026-11-04,Food-grade dry van,78,41,dedicated fleet,30.5,2204000,06:00-10:00,46,26,0,40,,anchor-compatible FMCG overflow,Highly compatible with Britannia-style packaged food lanes.,cement|chemicals|wet cargo
SHP-00266,west,Swift Distributors,Coffee and cocoa sacks,food-grade dry,Jaipur,Bengaluru,1125,sea,4300,47,92,dry,48 h,58,return,2026-10-02,2026-10-03,Dry container with odour guard,86,70,spot market,75.1,14287000,06:00-10:00,86,17,237,81,,bulk food export,Can consolidate with dry food cargo.,cement|chemicals|odour cargo
SHP-00267,west,Summit Export House,Textile bales,textile dry,Jodhpur,Chennai,354,road,4800,185,97,dry,96 h,61,return,2026-10-08,2026-10-12,Dry van with moisture guard,82,75,per-tonne contract,36.2,6891000,14:00-22:00,56,17,31,32,,dry industrial backhaul,Needs dry handling and moisture protection.,wet cargo|chemicals
SHP-00268,west,RetailLoop Supply Co,Speciality ginger and citrus,fresh produce,Bhilwara,Mumbai,621,road,7600,88,83,chilled,96 h,27,premium,2026-10-15,2026-10-18,Ventilated reefer truck,64,35,SLA contract,32.6,10729000,10:00-14:00,88,21,32,18,,perishable agriculture,Requires food-safe handling and temperature discipline.,cement|chemicals|odour cargo
SHP-00269,west,Healthline Logistics,Electronics returns,electronics,Jodhpur,Nashik,132,staging,7800,136,89,ambient,48 h,94,spot,2026-09-22,2026-09-28,Secure parcel truck,87,63,SLA contract,41.1,2519000,06:00-10:00,43,20,24,30,,high-value reverse logistics,"Needs dry, secure movement and claims control.",wet cargo|magnetic cargo|loose food
SHP-00270,west,RetailLoop Consortium,Regulated pharma samples,regulated pharma,Bikaner,Pune,12,air,15500,175,90,regulated,24 h,70,contract,2026-09-17,2026-09-19,Validated secure pharma uplift,88,45,per-trip contract,19.8,503000,06:00-10:00,78,113,231,162,BIK-DEL/BOM gateway,regulated high-value urgent,Needs chain-of-custody and compliance clearance.,food|cement|chemicals|unsecured parcels
SHP-00271,west,Horizon Logistics,Packaged tea cartons,food-grade dry,Bhilwara,Bengaluru,538,road,3600,53,91,dry,60 h,24,spot,2026-10-07,2026-10-08,Food-grade dry van,66,59,spot market,34.2,7625000,10:00-14:00,98,30,13,40,,anchor-compatible FMCG backhaul,Can ride with packaged food and dry FMCG cargo.,cement|chemicals|hazardous
SHP-00272,west,Spice Valley Collective,Frozen bakery inputs,chilled food,Kishangarh,Chennai,340,road,9200,64,86,chilled,24 h,32,spot,2026-10-12,2026-10-18,Reefer truck,86,79,dedicated fleet,30.5,9073000,14:00-22:00,44,14,15,44,,temperature-controlled food,Needs temperature-controlled carriage.,ambient dry cargo|cement|chemicals
SHP-00273,west,CraftBridge Foods,Medical devices,regulated devices,Udaipur,Pune,69,air,16400,184,92,regulated,60 h,48,spot,2026-10-29,2026-10-30,Secure high-value air cargo,79,40,per-tonne contract,14.0,4846000,10:00-14:00,46,65,215,331,UDA-DEL/BOM gateway,regulated high-value urgent,Needs secure handling and documented custody.,cement|chemicals|unsealed food
SHP-00274,west,Bharat Supply Co,Bamboo panels and handicrafts,fragile craft,Bhilwara,Bengaluru,140,staging,4900,82,97,fragile,72 h,82,premium,2026-10-06,2026-10-10,Padded box truck with staging buffer,82,14,SLA contract,37.8,1641000,22:00-02:00,39,17,31,64,,fragile regional exports,Needs bracing and should avoid dusty or heavy loads.,cement|heavy machinery|wet cargo
SHP-00275,west,Greenfield Consortium,Reverse logistics parcels,parcel returns,Jodhpur,Nashik,175,staging,6200,56,91,ambient,24 h,79,spot,2026-10-14,2026-10-18,Parcel cage vehicle,76,16,spot market,40.3,4334000,10:00-14:00,38,26,0,11,,reverse logistics,Works well in staged consolidation waves.,loose food|hazardous
SHP-00276,west,Riverline Supply Co,Regulated pharma samples,regulated pharma,Jaipur,Mumbai,10,air,12100,94,87,regulated,5 d,64,contract,2026-10-02,2026-10-03,Validated secure pharma uplift,79,23,per-trip contract,10.5,518000,22:00-02:00,52,159,94,105,JAI-DEL/BOM gateway,regulated high-value urgent,Needs chain-of-custody and compliance clearance.,food|cement|chemicals|unsecured parcels
SHP-00277,west,Bharat Logistics,Spice cartons,food-grade dry,Jodhpur,Bengaluru,495,road,5500,94,84,ambient,72 h,89,overflow,2026-09-23,2026-09-28,Food-grade dry van,85,14,per-trip contract,30.0,12545000,22:00-02:00,69,15,24,23,,ambient food exports,Compatible with packaged food when odour control is maintained.,cement|chemicals|odour cargo
SHP-00278,west,National Logistics,Regulated pharma samples,regulated pharma,Bhilwara,Pune,31,air,23700,98,94,regulated,24 h,83,contract,2026-10-07,2026-10-09,Validated secure pharma uplift,87,17,per-tonne contract,14.9,1735000,06:00-10:00,69,96,239,237,BHI-DEL/BOM gateway,regulated high-value urgent,Needs chain-of-custody and compliance clearance.,food|cement|chemicals|unsecured parcels
SHP-00279,west,Bharat Supply Co,Speciality ginger and citrus,fresh produce,Bhilwara,Nashik,663,road,5200,139,94,chilled,96 h,91,spot,2026-10-04,2026-10-06,Ventilated reefer truck,91,34,per-trip contract,33.2,9187000,06:00-10:00,74,10,17,25,,perishable agriculture,Requires food-safe handling and temperature discipline.,cement|chemicals|odour cargo
SHP-00280,west,Healthline Supply Co,Speciality ginger and citrus,fresh produce,Bikaner,Bengaluru,481,road,6800,148,85,chilled,48 h,74,backhaul,2026-09-28,2026-10-01,Ventilated reefer truck,77,62,SLA contract,34.1,8318000,22:00-02:00,47,35,33,76,,perishable agriculture,Requires food-safe handling and temperature discipline.,cement|chemicals|odour cargo
SHP-00281,west,Metro Foods,Regulated pharma samples,regulated pharma,Bikaner,Chennai,46,air,24900,81,82,regulated,24 h,65,contract,2026-10-15,2026-10-16,Validated secure pharma uplift,90,22,fixed monthly,14.1,3214000,22:00-02:00,54,174,36,279,BIK-DEL/BOM gateway,regulated high-value urgent,Needs chain-of-custody and compliance clearance.,food|cement|chemicals|unsecured parcels
SHP-00282,west,BluePeak Export House,Reverse logistics parcels,parcel returns,Jodhpur,Nashik,128,staging,4800,79,92,ambient,6 d,88,overflow,2026-09-30,2026-10-01,Parcel cage vehicle,87,82,dedicated fleet,36.3,2886000,06:00-10:00,93,16,9,58,,reverse logistics,Works well in staged consolidation waves.,loose food|hazardous
SHP-00283,west,Summit Forwarders,Durable snacks overflow,food-grade dry,Kishangarh,Pune,404,road,3700,130,80,ambient,48 h,32,premium,2026-10-28,2026-10-30,Food-grade dry van,81,51,SLA contract,30.7,3763000,10:00-14:00,70,17,31,79,,anchor-compatible FMCG overflow,Highly compatible with Britannia-style packaged food lanes.,cement|chemicals|wet cargo
SHP-00284,west,Summit Collective,Coffee and cocoa sacks,food-grade dry,Udaipur,Nashik,435,sea,3000,69,97,dry,24 h,34,premium,2026-10-08,2026-10-09,Dry container with odour guard,79,80,fixed monthly,70.9,4531000,22:00-02:00,72,37,76,42,,bulk food export,Can consolidate with dry food cargo.,cement|chemicals|odour cargo
SHP-00285,west,Bharat Export House,Medical devices,regulated devices,Udaipur,Chennai,19,air,15100,59,85,regulated,36 h,70,backhaul,2026-09-29,2026-09-30,Secure high-value air cargo,90,67,SLA contract,15.4,1084000,06:00-10:00,65,102,188,55,UDA-DEL/BOM gateway,regulated high-value urgent,Needs secure handling and documented custody.,cement|chemicals|unsealed food
SHP-00286,west,RetailLoop Distributors,Reverse logistics parcels,parcel returns,Bikaner,Chennai,135,staging,6700,37,84,ambient,60 h,93,spot,2026-10-30,2026-11-03,Parcel cage vehicle,86,59,per-tonne contract,43.6,2644000,14:00-22:00,60,30,5,30,,reverse logistics,Works well in staged consolidation waves.,loose food|hazardous
SHP-00287,west,Bharat Logistics,High value samples,secured samples,Kishangarh,Pune,12,air,37000,131,95,regulated,12 h,86,premium,2026-10-14,2026-10-15,Secure air cargo pouch,72,20,fixed monthly,12.0,1680000,14:00-22:00,87,96,60,47,KIS-DEL/BOM gateway,high-value urgent,Needs secure handling and tight handoff control.,bulk cargo|unsecured parcels
SHP-00288,west,Summit Distributors,High value samples,secured samples,Udaipur,Bengaluru,58,air,37300,226,87,regulated,96 h,70,return,2026-10-23,2026-10-25,Secure air cargo pouch,84,21,dedicated fleet,15.7,8988000,14:00-22:00,64,105,176,101,UDA-DEL/BOM gateway,high-value urgent,Needs secure handling and tight handoff control.,bulk cargo|unsecured parcels
SHP-00289,west,Prime Logistics,Regulated pharma samples,regulated pharma,Bhilwara,Mumbai,18,air,21900,77,84,regulated,60 h,45,overflow,2026-10-29,2026-10-31,Validated secure pharma uplift,67,13,fixed monthly,21.2,1197000,06:00-10:00,57,173,103,326,BHI-DEL/BOM gateway,regulated high-value urgent,Needs chain-of-custody and compliance clearance.,food|cement|chemicals|unsecured parcels
SHP-00290,west,Prime Forwarders,Durable snacks overflow,food-grade dry,Bhilwara,Nhava Sheva,244,road,4400,182,87,ambient,48 h,85,spot,2026-09-25,2026-09-30,Food-grade dry van,80,16,per-trip contract,37.2,4377000,22:00-02:00,81,16,33,84,,anchor-compatible FMCG overflow,Highly compatible with Britannia-style packaged food lanes.,cement|chemicals|wet cargo
SHP-00291,west,National Consortium,Speciality ginger and citrus,fresh produce,Jaipur,Pune,301,road,7600,28,90,chilled,6 d,55,spot,2026-09-20,2026-09-26,Ventilated reefer truck,83,62,per-trip contract,29.1,7483000,06:00-10:00,94,32,15,69,,perishable agriculture,Requires food-safe handling and temperature discipline.,cement|chemicals|odour cargo
SHP-00292,west,Bharat Export House,Electronics returns,electronics,Bhilwara,Pune,209,staging,8100,82,81,ambient,72 h,49,overflow,2026-10-13,2026-10-19,Secure parcel truck,74,47,per-trip contract,37.6,7407000,14:00-22:00,60,18,15,56,,high-value reverse logistics,"Needs dry, secure movement and claims control.",wet cargo|magnetic cargo|loose food
SHP-00293,west,Metro Foods,Containerised export overflow,container export,Jodhpur,Nashik,1139,sea,4600,126,82,dry,6 d,54,spot,2026-10-02,2026-10-04,Sealed container feeder,93,17,per-trip contract,77.8,19226000,22:00-02:00,79,30,224,16,,bulk export overflow,Best suited to feeder or port-linked consolidation.,loose perishable|fragile craft
SHP-00294,west,Prime Foods,Durable snacks overflow,food-grade dry,Kishangarh,Chennai,98,road,3300,105,96,ambient,5 d,79,backhaul,2026-10-16,2026-10-22,Food-grade dry van,92,43,fixed monthly,33.1,1218000,22:00-02:00,46,34,35,41,,anchor-compatible FMCG overflow,Highly compatible with Britannia-style packaged food lanes.,cement|chemicals|wet cargo
SHP-00295,west,Greenfield Distributors,Durable snacks overflow,food-grade dry,Kishangarh,Nashik,628,road,3700,149,86,ambient,6 d,68,backhaul,2026-10-25,2026-10-27,Food-grade dry van,77,95,dedicated fleet,34.1,5418000,22:00-02:00,62,36,24,63,,anchor-compatible FMCG overflow,Highly compatible with Britannia-style packaged food lanes.,cement|chemicals|wet cargo
SHP-00296,west,Horizon Trade Network,Premium craft consignments,fragile craft,Jaipur,Mumbai,117,staging,8700,84,83,fragile,48 h,37,return,2026-10-22,2026-10-26,Padded box truck with staging buffer,71,55,spot market,40.3,2334000,22:00-02:00,60,27,16,15,,premium fragile exports,Needs gentle handling and staging protection.,cement|heavy machinery|wet cargo
SHP-00297,west,Metro Export House,Electronics returns,electronics,Bhilwara,Mumbai,237,staging,7600,179,90,ambient,24 h,79,backhaul,2026-10-30,2026-11-05,Secure parcel truck,92,6,per-tonne contract,40.5,7158000,22:00-02:00,96,31,26,4,,high-value reverse logistics,"Needs dry, secure movement and claims control.",wet cargo|magnetic cargo|loose food
SHP-00298,west,RetailLoop Supply Co,High value samples,secured samples,Bhilwara,Chennai,54,air,22200,79,87,regulated,60 h,44,spot,2026-10-19,2026-10-20,Secure air cargo pouch,86,47,per-trip contract,15.3,3822000,06:00-10:00,45,80,90,358,BHI-DEL/BOM gateway,high-value urgent,Needs secure handling and tight handoff control.,bulk cargo|unsecured parcels
SHP-00299,west,Spice Valley Logistics,Containerised export overflow,container export,Udaipur,Mumbai,355,sea,3400,147,82,dry,5 d,29,overflow,2026-10-30,2026-11-04,Sealed container feeder,92,58,fixed monthly,78.1,4263000,14:00-22:00,95,20,103,30,,bulk export overflow,Best suited to feeder or port-linked consolidation.,loose perishable|fragile craft
SHP-00300,west,AgroStar Logistics,Coffee and cocoa sacks,food-grade dry,Jodhpur,Mumbai,896,sea,3700,164,86,dry,60 h,47,backhaul,2026-09-25,2026-10-01,Dry container with odour guard,84,25,fixed monthly,78.4,9046000,06:00-10:00,43,18,62,51,,bulk food export,Can consolidate with dry food cargo.,cement|chemicals|odour cargo
SHP-00301,west,BluePeak Export House,Spice cartons,food-grade dry,Jodhpur,Nashik,434,road,5000,102,85,ambient,60 h,46,overflow,2026-10-09,2026-10-14,Food-grade dry van,96,44,fixed monthly,31.9,6689000,22:00-02:00,44,30,0,19,,ambient food exports,Compatible with packaged food when odour control is maintained.,cement|chemicals|odour cargo
SHP-00302,west,BluePeak Foods,Packaged tea cartons,food-grade dry,Kishangarh,Bengaluru,242,road,4600,103,92,dry,6 d,64,return,2026-10-31,2026-11-01,Food-grade dry van,76,11,per-tonne contract,29.2,3563000,06:00-10:00,92,12,9,44,,anchor-compatible FMCG backhaul,Can ride with packaged food and dry FMCG cargo.,cement|chemicals|hazardous
SHP-00303,west,National Industries,Containerised export overflow,container export,Udaipur,Pune,741,sea,3400,49,83,dry,24 h,31,spot,2026-10-25,2026-10-26,Sealed container feeder,76,64,fixed monthly,74.1,9656000,22:00-02:00,67,24,173,14,,bulk export overflow,Best suited to feeder or port-linked consolidation.,loose perishable|fragile craft
SHP-00304,west,Metro Forwarders,Spice cartons,food-grade dry,Kishangarh,Mumbai,162,road,4500,128,85,ambient,72 h,40,premium,2026-10-26,2026-10-27,Food-grade dry van,77,36,fixed monthly,34.9,2263000,14:00-22:00,85,20,16,32,,ambient food exports,Compatible with packaged food when odour control is maintained.,cement|chemicals|odour cargo
SHP-00305,west,Summit Supply Co,High value samples,secured samples,Udaipur,Bengaluru,67,air,25300,75,94,regulated,60 h,63,backhaul,2026-09-21,2026-09-22,Secure air cargo pouch,87,10,dedicated fleet,14.6,5413000,06:00-10:00,47,84,162,70,UDA-DEL/BOM gateway,high-value urgent,Needs secure handling and tight handoff control.,bulk cargo|unsecured parcels
SHP-00306,west,Bharat Trade Network,High value samples,secured samples,Jodhpur,Mumbai,22,air,28100,189,88,regulated,12 h,90,premium,2026-10-17,2026-10-19,Secure air cargo pouch,91,35,per-tonne contract,14.4,2455000,22:00-02:00,100,177,114,77,JOD-DEL/BOM gateway,high-value urgent,Needs secure handling and tight handoff control.,bulk cargo|unsecured parcels
SHP-00307,west,Riverline Trade Network,Premium craft consignments,fragile craft,Jaipur,Bengaluru,414,staging,7400,138,88,fragile,48 h,59,overflow,2026-10-22,2026-10-23,Padded box truck with staging buffer,62,42,fixed monthly,41.8,13948000,22:00-02:00,94,17,1,73,,premium fragile exports,Needs gentle handling and staging protection.,cement|heavy machinery|wet cargo
SHP-00308,west,Greenfield Consortium,Speciality ginger and citrus,fresh produce,Jaipur,Mumbai,422,road,5100,209,86,chilled,5 d,31,backhaul,2026-10-16,2026-10-17,Ventilated reefer truck,88,32,SLA contract,34.1,5181000,10:00-14:00,70,41,29,32,,perishable agriculture,Requires food-safe handling and temperature discipline.,cement|chemicals|odour cargo
SHP-00309,west,Metro Distributors,Medical devices,regulated devices,Jaipur,Bengaluru,57,air,25500,91,83,regulated,96 h,63,return,2026-10-29,2026-10-30,Secure high-value air cargo,80,15,per-trip contract,12.3,6845000,10:00-14:00,44,97,52,87,JAI-DEL/BOM gateway,regulated high-value urgent,Needs secure handling and documented custody.,cement|chemicals|unsealed food
SHP-00310,west,BluePeak Foods,Packaged tea cartons,food-grade dry,Bhilwara,Bengaluru,189,road,4400,143,81,dry,36 h,41,contract,2026-09-16,2026-09-20,Food-grade dry van,84,17,per-tonne contract,31.9,2206000,22:00-02:00,80,45,10,20,,anchor-compatible FMCG backhaul,Can ride with packaged food and dry FMCG cargo.,cement|chemicals|hazardous
SHP-00311,west,Bharat Supply Co,Medical devices,regulated devices,Kishangarh,Nhava Sheva,64,air,21700,65,87,regulated,12 h,87,return,2026-10-28,2026-10-29,Secure high-value air cargo,85,10,SLA contract,19.1,4021000,14:00-22:00,93,120,81,283,KIS-DEL/BOM gateway,regulated high-value urgent,Needs secure handling and documented custody.,cement|chemicals|unsealed food
SHP-00312,west,Spice Valley Supply Co,Textile bales,textile dry,Jaipur,Nhava Sheva,50,road,3700,148,97,dry,6 d,48,premium,2026-09-24,2026-09-29,Dry van with moisture guard,84,29,per-trip contract,35.9,625000,22:00-02:00,48,13,3,20,,dry industrial backhaul,Needs dry handling and moisture protection.,wet cargo|chemicals
SHP-00313,west,Horizon Foods,Frozen bakery inputs,chilled food,Jodhpur,Nhava Sheva,290,road,5600,112,87,chilled,24 h,75,contract,2026-10-20,2026-10-25,Reefer truck,75,34,SLA contract,34.5,4625000,06:00-10:00,48,33,18,0,,temperature-controlled food,Needs temperature-controlled carriage.,ambient dry cargo|cement|chemicals
SHP-00314,west,BluePeak Foods,Durable snacks overflow,food-grade dry,Jodhpur,Nhava Sheva,359,road,4300,28,95,ambient,60 h,38,backhaul,2026-10-05,2026-10-11,Food-grade dry van,93,59,per-trip contract,32.6,4736000,14:00-22:00,88,13,22,61,,anchor-compatible FMCG overflow,Highly compatible with Britannia-style packaged food lanes.,cement|chemicals|wet cargo
SHP-00315,west,Bharat Consortium,Frozen bakery inputs,chilled food,Bhilwara,Bengaluru,101,road,6000,77,91,chilled,36 h,81,premium,2026-10-10,2026-10-12,Reefer truck,80,32,fixed monthly,33.4,2354000,10:00-14:00,81,19,26,49,,temperature-controlled food,Needs temperature-controlled carriage.,ambient dry cargo|cement|chemicals
SHP-00316,west,National Supply Co,Regulated pharma samples,regulated pharma,Jaipur,Chennai,41,air,17900,150,81,regulated,72 h,53,spot,2026-10-03,2026-10-05,Validated secure pharma uplift,76,47,spot market,13.8,2059000,14:00-22:00,42,180,172,234,JAI-DEL/BOM gateway,regulated high-value urgent,Needs chain-of-custody and compliance clearance.,food|cement|chemicals|unsecured parcels
SHP-00317,west,RetailLoop Supply Co,Textile bales,textile dry,Jaipur,Nhava Sheva,341,road,4200,56,90,dry,5 d,63,premium,2026-10-29,2026-11-03,Dry van with moisture guard,78,36,per-trip contract,29.0,5083000,10:00-14:00,58,30,5,24,,dry industrial backhaul,Needs dry handling and moisture protection.,wet cargo|chemicals
SHP-00318,west,Swift Forwarders,Coffee and cocoa sacks,food-grade dry,Jaipur,Bengaluru,447,sea,4200,116,85,dry,72 h,77,overflow,2026-10-16,2026-10-19,Dry container with odour guard,73,29,per-tonne contract,75.3,4607000,10:00-14:00,62,27,236,44,,bulk food export,Can consolidate with dry food cargo.,cement|chemicals|odour cargo
SHP-00319,west,CraftBridge Trade Network,Packaged tea cartons,food-grade dry,Bikaner,Nhava Sheva,361,road,4000,56,83,dry,48 h,26,backhaul,2026-10-24,2026-10-29,Food-grade dry van,88,51,SLA contract,27.7,3448000,10:00-14:00,43,39,21,39,,anchor-compatible FMCG backhaul,Can ride with packaged food and dry FMCG cargo.,cement|chemicals|hazardous
SHP-00320,west,Eastern Industries,Durable snacks overflow,food-grade dry,Jaipur,Bengaluru,557,road,4000,43,86,ambient,72 h,49,return,2026-10-13,2026-10-18,Food-grade dry van,78,8,SLA contract,31.2,7234000,06:00-10:00,58,13,20,51,,anchor-compatible FMCG overflow,Highly compatible with Britannia-style packaged food lanes.,cement|chemicals|wet cargo
SHP-00321,west,Tea Garden Forwarders,Containerised export overflow,container export,Jodhpur,Pune,595,sea,3000,78,91,dry,48 h,95,overflow,2026-10-04,2026-10-09,Sealed container feeder,73,64,spot market,75.3,8177000,10:00-14:00,42,45,94,25,,bulk export overflow,Best suited to feeder or port-linked consolidation.,loose perishable|fragile craft
SHP-00322,west,Metro Forwarders,Reverse logistics parcels,parcel returns,Kishangarh,Pune,390,staging,6100,191,88,ambient,24 h,61,premium,2026-09-20,2026-09-21,Parcel cage vehicle,93,63,per-trip contract,39.7,5548000,22:00-02:00,64,28,25,81,,reverse logistics,Works well in staged consolidation waves.,loose food|hazardous
SHP-00323,west,Tea Garden Collective,Premium craft consignments,fragile craft,Udaipur,Bengaluru,190,staging,7900,84,86,fragile,60 h,90,backhaul,2026-09-23,2026-09-28,Padded box truck with staging buffer,71,11,spot market,40.0,4047000,10:00-14:00,97,38,14,48,,premium fragile exports,Needs gentle handling and staging protection.,cement|heavy machinery|wet cargo
SHP-00324,west,Healthline Industries,Regulated pharma samples,regulated pharma,Jaipur,Nashik,15,air,24600,40,88,regulated,36 h,81,overflow,2026-09-20,2026-09-21,Validated secure pharma uplift,83,19,SLA contract,19.4,882000,06:00-10:00,92,135,207,306,JAI-DEL/BOM gateway,regulated high-value urgent,Needs chain-of-custody and compliance clearance.,food|cement|chemicals|unsecured parcels
SHP-00325,west,National Export House,Spice cartons,food-grade dry,Jaipur,Chennai,567,road,5900,225,84,ambient,5 d,30,overflow,2026-10-05,2026-10-10,Food-grade dry van,91,25,SLA contract,38.6,14800000,06:00-10:00,55,36,10,16,,ambient food exports,Compatible with packaged food when odour control is maintained.,cement|chemicals|odour cargo
SHP-00326,west,Bharat Foods,Regulated pharma samples,regulated pharma,Udaipur,Nhava Sheva,21,air,14700,67,94,regulated,36 h,48,spot,2026-10-18,2026-10-19,Validated secure pharma uplift,74,31,fixed monthly,16.0,1402000,22:00-02:00,94,153,131,161,UDA-DEL/BOM gateway,regulated high-value urgent,Needs chain-of-custody and compliance clearance.,food|cement|chemicals|unsecured parcels
SHP-00327,west,Eastern Consortium,Regulated pharma samples,regulated pharma,Jaipur,Bengaluru,36,air,20100,135,88,regulated,96 h,28,overflow,2026-10-10,2026-10-11,Validated secure pharma uplift,73,31,dedicated fleet,14.8,2329000,06:00-10:00,94,50,188,104,JAI-DEL/BOM gateway,regulated high-value urgent,Needs chain-of-custody and compliance clearance.,food|cement|chemicals|unsecured parcels
SHP-00328,west,Swift Logistics,Regulated pharma samples,regulated pharma,Kishangarh,Nhava Sheva,15,air,19300,61,74,regulated,48 h,47,return,2026-10-06,2026-10-07,Validated secure pharma uplift,84,37,per-tonne contract,13.9,1251000,22:00-02:00,88,139,170,80,KIS-DEL/BOM gateway,regulated high-value urgent,Needs chain-of-custody and compliance clearance.,food|cement|chemicals|unsecured parcels
SHP-00329,west,Prime Trade Network,Medical devices,regulated devices,Jodhpur,Mumbai,41,air,18400,125,87,regulated,12 h,95,contract,2026-10-19,2026-10-21,Secure high-value air cargo,81,67,per-tonne contract,15.7,2172000,14:00-22:00,69,152,135,69,JOD-DEL/BOM gateway,regulated high-value urgent,Needs secure handling and documented custody.,cement|chemicals|unsealed food
SHP-00330,west,Swift Trade Network,Electronics returns,electronics,Kishangarh,Mumbai,329,staging,5600,52,86,ambient,24 h,44,backhaul,2026-09-19,2026-09-22,Secure parcel truck,72,25,spot market,37.6,5922000,06:00-10:00,85,25,2,13,,high-value reverse logistics,"Needs dry, secure movement and claims control.",wet cargo|magnetic cargo|loose food
SHP-00331,west,AgroStar Industries,Spice cartons,food-grade dry,Bikaner,Pune,538,road,5400,36,98,ambient,96 h,58,contract,2026-10-26,2026-10-30,Food-grade dry van,83,59,per-tonne contract,29.7,12897000,06:00-10:00,39,18,31,22,,ambient food exports,Compatible with packaged food when odour control is maintained.,cement|chemicals|odour cargo
SHP-00332,west,RetailLoop Industries,Speciality ginger and citrus,fresh produce,Jodhpur,Bengaluru,516,road,7000,96,89,chilled,96 h,51,spot,2026-10-30,2026-10-31,Ventilated reefer truck,73,27,spot market,35.0,12336000,14:00-22:00,53,29,9,43,,perishable agriculture,Requires food-safe handling and temperature discipline.,cement|chemicals|odour cargo
SHP-00333,west,Greenfield Collective,Speciality ginger and citrus,fresh produce,Kishangarh,Mumbai,626,road,5500,58,76,chilled,60 h,57,return,2026-10-25,2026-10-26,Ventilated reefer truck,93,22,spot market,27.1,9091000,10:00-14:00,68,14,20,70,,perishable agriculture,Requires food-safe handling and temperature discipline.,cement|chemicals|odour cargo
SHP-00334,west,Prime Foods,Speciality ginger and citrus,fresh produce,Jaipur,Nhava Sheva,699,road,4600,89,91,chilled,36 h,28,return,2026-10-06,2026-10-11,Ventilated reefer truck,90,74,SLA contract,31.1,10240000,14:00-22:00,54,29,24,52,,perishable agriculture,Requires food-safe handling and temperature discipline.,cement|chemicals|odour cargo
SHP-00335,west,Prime Forwarders,Speciality ginger and citrus,fresh produce,Udaipur,Pune,712,road,6600,196,94,chilled,96 h,51,premium,2026-10-04,2026-10-08,Ventilated reefer truck,86,39,SLA contract,34.6,10340000,14:00-22:00,68,37,21,42,,perishable agriculture,Requires food-safe handling and temperature discipline.,cement|chemicals|odour cargo
SHP-00336,west,Riverline Forwarders,Speciality ginger and citrus,fresh produce,Jaipur,Chennai,452,road,6000,112,89,chilled,96 h,80,return,2026-10-15,2026-10-20,Ventilated reefer truck,73,84,SLA contract,35.9,10799000,10:00-14:00,70,41,31,36,,perishable agriculture,Requires food-safe handling and temperature discipline.,cement|chemicals|odour cargo
SHP-00337,west,Healthline Consortium,Reverse logistics parcels,parcel returns,Bikaner,Nashik,237,staging,6000,152,93,ambient,72 h,39,spot,2026-09-16,2026-09-21,Parcel cage vehicle,91,54,per-trip contract,43.1,3609000,10:00-14:00,63,44,27,54,,reverse logistics,Works well in staged consolidation waves.,loose food|hazardous
SHP-00338,west,BluePeak Logistics,Bamboo panels and handicrafts,fragile craft,Bikaner,Pune,60,staging,4500,142,88,fragile,96 h,28,overflow,2026-09-16,2026-09-17,Padded box truck with staging buffer,79,24,spot market,40.5,796000,06:00-10:00,42,20,21,33,,fragile regional exports,Needs bracing and should avoid dusty or heavy loads.,cement|heavy machinery|wet cargo
SHP-00339,west,RetailLoop Forwarders,Reverse logistics parcels,parcel returns,Jodhpur,Pune,210,staging,6800,136,80,ambient,24 h,97,backhaul,2026-10-14,2026-10-17,Parcel cage vehicle,73,20,SLA contract,37.9,6790000,14:00-22:00,55,41,24,21,,reverse logistics,Works well in staged consolidation waves.,loose food|hazardous
SHP-00340,west,Summit Export House,High value samples,secured samples,Udaipur,Bengaluru,28,air,33800,130,79,regulated,96 h,29,premium,2026-10-13,2026-10-14,Secure air cargo pouch,85,30,SLA contract,18.1,3450000,10:00-14:00,72,134,149,132,UDA-DEL/BOM gateway,high-value urgent,Needs secure handling and tight handoff control.,bulk cargo|unsecured parcels
SHP-00341,west,AgroStar Industries,Bamboo panels and handicrafts,fragile craft,Kishangarh,Nhava Sheva,140,staging,5000,219,82,fragile,72 h,62,return,2026-10-10,2026-10-13,Padded box truck with staging buffer,96,15,fixed monthly,36.3,2158000,14:00-22:00,71,40,14,49,,fragile regional exports,Needs bracing and should avoid dusty or heavy loads.,cement|heavy machinery|wet cargo
SHP-00342,west,Metro Logistics,Coffee and cocoa sacks,food-grade dry,Udaipur,Nhava Sheva,347,sea,3900,138,96,dry,48 h,52,return,2026-10-04,2026-10-06,Dry container with odour guard,81,55,fixed monthly,74.5,5082000,14:00-22:00,97,20,70,3,,bulk food export,Can consolidate with dry food cargo.,cement|chemicals|odour cargo
SHP-00343,west,Horizon Foods,Coffee and cocoa sacks,food-grade dry,Bikaner,Pune,1093,sea,3600,118,89,dry,60 h,31,backhaul,2026-09-17,2026-09-23,Dry container with odour guard,89,43,fixed monthly,73.4,9727000,06:00-10:00,57,29,157,66,,bulk food export,Can consolidate with dry food cargo.,cement|chemicals|odour cargo
SHP-00344,west,National Collective,Packaged tea cartons,food-grade dry,Jaipur,Nhava Sheva,596,road,4300,174,86,dry,5 d,60,backhaul,2026-10-20,2026-10-21,Food-grade dry van,70,65,spot market,30.8,6174000,10:00-14:00,85,19,16,62,,anchor-compatible FMCG backhaul,Can ride with packaged food and dry FMCG cargo.,cement|chemicals|hazardous
SHP-00345,west,Horizon Export House,Bamboo panels and handicrafts,fragile craft,Jaipur,Nhava Sheva,65,staging,6600,133,81,fragile,6 d,94,spot,2026-10-07,2026-10-10,Padded box truck with staging buffer,89,11,SLA contract,39.9,1199000,22:00-02:00,66,13,25,73,,fragile regional exports,Needs bracing and should avoid dusty or heavy loads.,cement|heavy machinery|wet cargo
SHP-00346,west,Prime Consortium,High value samples,secured samples,Kishangarh,Nhava Sheva,41,air,23700,130,92,regulated,12 h,99,overflow,2026-09-27,2026-09-29,Secure air cargo pouch,86,22,fixed monthly,17.7,2859000,22:00-02:00,73,126,219,270,KIS-DEL/BOM gateway,high-value urgent,Needs secure handling and tight handoff control.,bulk cargo|unsecured parcels
SHP-00347,west,CraftBridge Trade Network,Spice cartons,food-grade dry,Jodhpur,Mumbai,559,road,4100,161,88,ambient,96 h,96,overflow,2026-10-26,2026-10-31,Food-grade dry van,80,68,per-tonne contract,33.9,9772000,22:00-02:00,67,27,19,41,,ambient food exports,Compatible with packaged food when odour control is maintained.,cement|chemicals|odour cargo
SHP-00348,west,RetailLoop Distributors,Coffee and cocoa sacks,food-grade dry,Bhilwara,Nashik,503,sea,4300,120,79,dry,48 h,61,contract,2026-09-23,2026-09-29,Dry container with odour guard,94,27,spot market,71.8,7617000,06:00-10:00,92,28,36,25,,bulk food export,Can consolidate with dry food cargo.,cement|chemicals|odour cargo
SHP-00349,west,Tea Garden Collective,Spice cartons,food-grade dry,Bhilwara,Nhava Sheva,67,road,5600,59,89,ambient,48 h,47,contract,2026-10-07,2026-10-11,Food-grade dry van,68,60,spot market,27.1,1687000,22:00-02:00,71,33,25,72,,ambient food exports,Compatible with packaged food when odour control is maintained.,cement|chemicals|odour cargo
SHP-00350,west,RetailLoop Consortium,Electronics returns,electronics,Bikaner,Pune,129,staging,5800,120,85,ambient,60 h,59,return,2026-09-28,2026-09-29,Secure parcel truck,84,34,per-tonne contract,43.6,2650000,14:00-22:00,83,39,16,52,,high-value reverse logistics,"Needs dry, secure movement and claims control.",wet cargo|magnetic cargo|loose food
SHP-00351,west,CraftBridge Trade Network,Electronics returns,electronics,Bhilwara,Nashik,160,staging,5500,92,91,ambient,72 h,32,overflow,2026-10-01,2026-10-06,Secure parcel truck,77,17,dedicated fleet,38.8,4082000,10:00-14:00,62,12,19,77,,high-value reverse logistics,"Needs dry, secure movement and claims control.",wet cargo|magnetic cargo|loose food
SHP-00352,west,CraftBridge Forwarders,Spice cartons,food-grade dry,Jaipur,Chennai,598,road,4300,196,86,ambient,48 h,62,spot,2026-10-18,2026-10-19,Food-grade dry van,85,53,SLA contract,38.6,7639000,14:00-22:00,86,32,21,34,,ambient food exports,Compatible with packaged food when odour control is maintained.,cement|chemicals|odour cargo
SHP-00353,west,Horizon Trade Network,Bamboo panels and handicrafts,fragile craft,Udaipur,Nhava Sheva,357,staging,6600,156,91,fragile,6 d,29,spot,2026-10-19,2026-10-22,Padded box truck with staging buffer,86,17,SLA contract,40.9,8308000,22:00-02:00,76,35,24,17,,fragile regional exports,Needs bracing and should avoid dusty or heavy loads.,cement|heavy machinery|wet cargo
SHP-00354,west,Riverline Foods,Speciality ginger and citrus,fresh produce,Bhilwara,Pune,577,road,4500,76,96,chilled,5 d,88,spot,2026-10-17,2026-10-23,Ventilated reefer truck,73,76,per-trip contract,29.9,8515000,14:00-22:00,66,43,33,41,,perishable agriculture,Requires food-safe handling and temperature discipline.,cement|chemicals|odour cargo
SHP-00355,west,Prime Consortium,Regulated pharma samples,regulated pharma,Bikaner,Pune,60,air,15500,56,80,regulated,12 h,89,overflow,2026-09-25,2026-09-26,Validated secure pharma uplift,84,77,spot market,14.3,2065000,10:00-14:00,51,70,100,333,BIK-DEL/BOM gateway,regulated high-value urgent,Needs chain-of-custody and compliance clearance.,food|cement|chemicals|unsecured parcels
SHP-00356,west,Horizon Supply Co,Bamboo panels and handicrafts,fragile craft,Kishangarh,Chennai,278,staging,4500,46,91,fragile,96 h,56,contract,2026-10-28,2026-11-03,Padded box truck with staging buffer,93,45,per-tonne contract,42.7,3047000,22:00-02:00,92,37,8,50,,fragile regional exports,Needs bracing and should avoid dusty or heavy loads.,cement|heavy machinery|wet cargo
SHP-00357,west,PortLink Distributors,Coffee and cocoa sacks,food-grade dry,Kishangarh,Pune,921,sea,4100,77,82,dry,6 d,88,return,2026-10-28,2026-10-31,Dry container with odour guard,81,19,per-trip contract,75.1,16941000,14:00-22:00,60,11,200,27,,bulk food export,Can consolidate with dry food cargo.,cement|chemicals|odour cargo
SHP-00358,west,BluePeak Export House,Frozen bakery inputs,chilled food,Jaipur,Chennai,571,road,8400,89,81,chilled,5 d,69,backhaul,2026-10-01,2026-10-06,Reefer truck,69,67,fixed monthly,35.7,17568000,14:00-22:00,64,20,19,80,,temperature-controlled food,Needs temperature-controlled carriage.,ambient dry cargo|cement|chemicals
SHP-00359,west,Horizon Export House,Durable snacks overflow,food-grade dry,Bhilwara,Nashik,443,road,4100,127,92,ambient,24 h,92,overflow,2026-10-24,2026-10-29,Food-grade dry van,80,34,per-trip contract,34.2,5196000,22:00-02:00,62,24,21,86,,anchor-compatible FMCG overflow,Highly compatible with Britannia-style packaged food lanes.,cement|chemicals|wet cargo
SHP-00360,west,AgroStar Collective,Medical devices,regulated devices,Jaipur,Pune,58,air,14500,126,81,regulated,12 h,95,premium,2026-10-17,2026-10-18,Secure high-value air cargo,82,18,SLA contract,13.1,3879000,10:00-14:00,68,93,49,295,JAI-DEL/BOM gateway,regulated high-value urgent,Needs secure handling and documented custody.,cement|chemicals|unsealed food
SHP-00361,west,PortLink Industries,High value samples,secured samples,Jaipur,Bengaluru,18,air,32600,140,89,regulated,5 d,48,backhaul,2026-10-05,2026-10-07,Secure air cargo pouch,88,22,SLA contract,17.4,2766000,22:00-02:00,43,164,190,314,JAI-DEL/BOM gateway,high-value urgent,Needs secure handling and tight handoff control.,bulk cargo|unsecured parcels
SHP-00362,west,BluePeak Supply Co,Regulated pharma samples,regulated pharma,Kishangarh,Chennai,69,air,25500,65,94,regulated,72 h,79,backhaul,2026-09-30,2026-10-02,Validated secure pharma uplift,88,39,SLA contract,20.3,5834000,10:00-14:00,71,126,166,315,KIS-DEL/BOM gateway,regulated high-value urgent,Needs chain-of-custody and compliance clearance.,food|cement|chemicals|unsecured parcels
SHP-00363,west,PortLink Industries,Textile bales,textile dry,Jaipur,Nhava Sheva,512,road,3500,189,94,dry,60 h,93,spot,2026-10-20,2026-10-22,Dry van with moisture guard,90,42,dedicated fleet,31.3,5052000,14:00-22:00,90,12,10,19,,dry industrial backhaul,Needs dry handling and moisture protection.,wet cargo|chemicals
SHP-00364,west,Metro Supply Co,Electronics returns,electronics,Udaipur,Nashik,202,staging,6600,129,80,ambient,96 h,56,contract,2026-10-25,2026-10-31,Secure parcel truck,83,54,fixed monthly,41.0,4044000,06:00-10:00,48,42,32,1,,high-value reverse logistics,"Needs dry, secure movement and claims control.",wet cargo|magnetic cargo|loose food
SHP-00365,west,AgroStar Industries,Regulated pharma samples,regulated pharma,Bikaner,Nashik,59,air,12300,120,89,regulated,48 h,63,backhaul,2026-10-14,2026-10-16,Validated secure pharma uplift,81,44,per-tonne contract,11.6,3135000,10:00-14:00,70,176,187,61,BIK-DEL/BOM gateway,regulated high-value urgent,Needs chain-of-custody and compliance clearance.,food|cement|chemicals|unsecured parcels
SHP-00366,west,Riverline Foods,Frozen bakery inputs,chilled food,Jaipur,Nashik,80,road,6900,33,84,chilled,60 h,25,overflow,2026-10-12,2026-10-16,Reefer truck,85,44,spot market,28.3,1892000,06:00-10:00,96,24,5,57,,temperature-controlled food,Needs temperature-controlled carriage.,ambient dry cargo|cement|chemicals
SHP-00367,west,Eastern Forwarders,Textile bales,textile dry,Kishangarh,Chennai,369,road,4300,112,89,dry,36 h,82,spot,2026-09-18,2026-09-21,Dry van with moisture guard,94,68,per-trip contract,29.3,3865000,14:00-22:00,78,43,22,35,,dry industrial backhaul,Needs dry handling and moisture protection.,wet cargo|chemicals
SHP-00368,west,National Export House,Spice cartons,food-grade dry,Udaipur,Pune,229,road,3900,34,86,ambient,60 h,87,premium,2026-10-03,2026-10-06,Food-grade dry van,90,16,fixed monthly,30.3,3368000,10:00-14:00,42,16,20,28,,ambient food exports,Compatible with packaged food when odour control is maintained.,cement|chemicals|odour cargo
SHP-00369,west,Eastern Trade Network,Frozen bakery inputs,chilled food,Bikaner,Chennai,57,road,7800,49,76,chilled,48 h,25,overflow,2026-10-05,2026-10-07,Reefer truck,84,39,fixed monthly,26.8,1688000,22:00-02:00,77,40,5,54,,temperature-controlled food,Needs temperature-controlled carriage.,ambient dry cargo|cement|chemicals
SHP-00370,west,Greenfield Trade Network,Reverse logistics parcels,parcel returns,Jaipur,Bengaluru,113,staging,5400,173,82,ambient,24 h,70,return,2026-10-17,2026-10-19,Parcel cage vehicle,99,47,per-tonne contract,43.6,2433000,10:00-14:00,68,33,17,85,,reverse logistics,Works well in staged consolidation waves.,loose food|hazardous
SHP-00371,west,Spice Valley Collective,Coffee and cocoa sacks,food-grade dry,Jaipur,Nashik,1054,sea,3100,131,92,dry,60 h,83,return,2026-10-30,2026-11-04,Dry container with odour guard,71,23,fixed monthly,72.8,15599000,22:00-02:00,77,29,58,13,,bulk food export,Can consolidate with dry food cargo.,cement|chemicals|odour cargo
SHP-00372,west,Spice Valley Logistics,Speciality ginger and citrus,fresh produce,Bhilwara,Nashik,229,road,7200,73,93,chilled,60 h,45,premium,2026-10-23,2026-10-25,Ventilated reefer truck,90,29,per-tonne contract,30.8,4698000,06:00-10:00,69,44,2,1,,perishable agriculture,Requires food-safe handling and temperature discipline.,cement|chemicals|odour cargo
SHP-00373,west,RetailLoop Consortium,Regulated pharma samples,regulated pharma,Jaipur,Nashik,67,air,14400,156,86,regulated,24 h,36,overflow,2026-10-21,2026-10-22,Validated secure pharma uplift,85,64,dedicated fleet,9.3,4398000,22:00-02:00,72,79,41,143,JAI-DEL/BOM gateway,regulated high-value urgent,Needs chain-of-custody and compliance clearance.,food|cement|chemicals|unsecured parcels
SHP-00374,west,AgroStar Industries,Frozen bakery inputs,chilled food,Bhilwara,Mumbai,342,road,5900,79,84,chilled,60 h,31,spot,2026-10-29,2026-11-02,Reefer truck,93,48,per-trip contract,28.5,5361000,10:00-14:00,78,12,12,78,,temperature-controlled food,Needs temperature-controlled carriage.,ambient dry cargo|cement|chemicals
SHP-00375,west,RetailLoop Supply Co,Premium craft consignments,fragile craft,Udaipur,Pune,123,staging,5900,199,81,fragile,96 h,34,premium,2026-10-16,2026-10-18,Padded box truck with staging buffer,81,25,fixed monthly,39.1,2523000,22:00-02:00,62,37,15,16,,premium fragile exports,Needs gentle handling and staging protection.,cement|heavy machinery|wet cargo
SHP-00376,west,BluePeak Logistics,Coffee and cocoa sacks,food-grade dry,Bhilwara,Bengaluru,500,sea,2800,224,95,dry,72 h,40,return,2026-10-19,2026-10-21,Dry container with odour guard,89,32,spot market,78.0,5732000,14:00-22:00,66,19,199,63,,bulk food export,Can consolidate with dry food cargo.,cement|chemicals|odour cargo
SHP-00377,west,Tea Garden Supply Co,Medical devices,regulated devices,Jaipur,Nashik,22,air,16000,172,92,regulated,96 h,43,overflow,2026-10-31,2026-11-02,Secure high-value air cargo,79,40,dedicated fleet,11.3,1667000,22:00-02:00,67,67,71,54,JAI-DEL/BOM gateway,regulated high-value urgent,Needs secure handling and documented custody.,cement|chemicals|unsealed food
SHP-00378,west,Eastern Distributors,Containerised export overflow,container export,Bhilwara,Nhava Sheva,558,sea,3000,133,78,dry,48 h,95,backhaul,2026-09-18,2026-09-23,Sealed container feeder,82,44,dedicated fleet,71.9,7123000,10:00-14:00,68,25,40,86,,bulk export overflow,Best suited to feeder or port-linked consolidation.,loose perishable|fragile craft
SHP-00379,west,PortLink Trade Network,Medical devices,regulated devices,Bhilwara,Bengaluru,36,air,14400,29,82,regulated,12 h,86,return,2026-10-17,2026-10-19,Secure high-value air cargo,93,49,fixed monthly,14.6,1668000,14:00-22:00,74,111,44,256,BHI-DEL/BOM gateway,regulated high-value urgent,Needs secure handling and documented custody.,cement|chemicals|unsealed food
SHP-00380,west,National Export House,Durable snacks overflow,food-grade dry,Bikaner,Bengaluru,606,road,4200,104,82,ambient,5 d,49,overflow,2026-09-22,2026-09-26,Food-grade dry van,85,36,fixed monthly,28.2,7777000,22:00-02:00,96,33,23,20,,anchor-compatible FMCG overflow,Highly compatible with Britannia-style packaged food lanes.,cement|chemicals|wet cargo
SHP-00381,west,BluePeak Foods,Regulated pharma samples,regulated pharma,Kishangarh,Mumbai,55,air,15900,210,91,regulated,36 h,62,backhaul,2026-10-14,2026-10-16,Validated secure pharma uplift,84,17,per-trip contract,12.8,3088000,06:00-10:00,39,146,136,221,KIS-DEL/BOM gateway,regulated high-value urgent,Needs chain-of-custody and compliance clearance.,food|cement|chemicals|unsecured parcels
SHP-00382,west,PortLink Logistics,Containerised export overflow,container export,Jaipur,Pune,988,sea,3900,99,87,dry,96 h,82,contract,2026-09-25,2026-09-28,Sealed container feeder,92,7,per-trip contract,73.7,12219000,06:00-10:00,64,12,113,30,,bulk export overflow,Best suited to feeder or port-linked consolidation.,loose perishable|fragile craft
SHP-00383,west,Spice Valley Foods,Premium craft consignments,fragile craft,Udaipur,Bengaluru,227,staging,7200,51,79,fragile,48 h,66,premium,2026-10-25,2026-10-26,Padded box truck with staging buffer,82,52,dedicated fleet,41.4,7346000,10:00-14:00,60,19,25,21,,premium fragile exports,Needs gentle handling and staging protection.,cement|heavy machinery|wet cargo
SHP-00384,west,AgroStar Trade Network,Frozen bakery inputs,chilled food,Udaipur,Mumbai,292,road,7300,191,73,chilled,72 h,50,backhaul,2026-10-19,2026-10-20,Reefer truck,91,43,per-trip contract,38.6,6515000,10:00-14:00,90,41,17,53,,temperature-controlled food,Needs temperature-controlled carriage.,ambient dry cargo|cement|chemicals
SHP-00385,west,Spice Valley Logistics,Regulated pharma samples,regulated pharma,Jodhpur,Nashik,63,air,17600,152,93,regulated,72 h,54,backhaul,2026-10-14,2026-10-15,Validated secure pharma uplift,90,16,SLA contract,16.6,4045000,06:00-10:00,55,51,212,226,JOD-DEL/BOM gateway,regulated high-value urgent,Needs chain-of-custody and compliance clearance.,food|cement|chemicals|unsecured parcels
SHP-00386,west,PortLink Supply Co,Premium craft consignments,fragile craft,Jodhpur,Nashik,156,staging,6000,174,97,fragile,6 d,51,spot,2026-10-30,2026-11-01,Padded box truck with staging buffer,86,27,fixed monthly,38.0,2114000,22:00-02:00,82,30,34,16,,premium fragile exports,Needs gentle handling and staging protection.,cement|heavy machinery|wet cargo
SHP-00387,west,Riverline Collective,Premium craft consignments,fragile craft,Udaipur,Chennai,213,staging,7900,43,83,fragile,24 h,99,return,2026-10-14,2026-10-17,Padded box truck with staging buffer,90,29,fixed monthly,37.8,7157000,14:00-22:00,52,10,5,55,,premium fragile exports,Needs gentle handling and staging protection.,cement|heavy machinery|wet cargo
SHP-00388,west,Riverline Supply Co,Coffee and cocoa sacks,food-grade dry,Jaipur,Chennai,528,sea,4200,91,92,dry,6 d,49,backhaul,2026-10-02,2026-10-08,Dry container with odour guard,80,29,SLA contract,74.6,6338000,22:00-02:00,81,27,106,45,,bulk food export,Can consolidate with dry food cargo.,cement|chemicals|odour cargo
SHP-00389,west,Eastern Supply Co,Medical devices,regulated devices,Kishangarh,Nhava Sheva,53,air,20700,164,88,regulated,60 h,74,overflow,2026-10-16,2026-10-17,Secure high-value air cargo,79,13,per-trip contract,17.3,4796000,10:00-14:00,99,165,34,164,KIS-DEL/BOM gateway,regulated high-value urgent,Needs secure handling and documented custody.,cement|chemicals|unsealed food
SHP-00390,west,BluePeak Logistics,Electronics returns,electronics,Kishangarh,Chennai,172,staging,6100,142,90,ambient,60 h,65,return,2026-09-24,2026-09-25,Secure parcel truck,78,20,dedicated fleet,37.1,2852000,14:00-22:00,39,23,11,17,,high-value reverse logistics,"Needs dry, secure movement and claims control.",wet cargo|magnetic cargo|loose food
SHP-00391,west,Greenfield Consortium,Bamboo panels and handicrafts,fragile craft,Bhilwara,Mumbai,232,staging,7000,100,84,fragile,5 d,34,return,2026-09-30,2026-10-04,Padded box truck with staging buffer,78,95,SLA contract,44.2,4173000,06:00-10:00,94,39,1,77,,fragile regional exports,Needs bracing and should avoid dusty or heavy loads.,cement|heavy machinery|wet cargo
SHP-00392,west,Healthline Supply Co,Regulated pharma samples,regulated pharma,Bikaner,Bengaluru,14,air,14400,69,92,regulated,5 d,43,contract,2026-10-01,2026-10-03,Validated secure pharma uplift,82,90,per-tonne contract,15.2,517000,10:00-14:00,60,118,33,278,BIK-DEL/BOM gateway,regulated high-value urgent,Needs chain-of-custody and compliance clearance.,food|cement|chemicals|unsecured parcels
SHP-00393,west,AgroStar Industries,Speciality ginger and citrus,fresh produce,Kishangarh,Bengaluru,378,road,6800,91,97,chilled,72 h,34,spot,2026-10-08,2026-10-13,Ventilated reefer truck,76,46,per-tonne contract,35.1,9726000,06:00-10:00,74,13,13,72,,perishable agriculture,Requires food-safe handling and temperature discipline.,cement|chemicals|odour cargo
SHP-00394,west,Summit Foods,Medical devices,regulated devices,Bhilwara,Mumbai,58,air,23500,48,77,regulated,12 h,97,premium,2026-10-03,2026-10-04,Secure high-value air cargo,86,34,per-tonne contract,11.4,5342000,14:00-22:00,88,104,125,96,BHI-DEL/BOM gateway,regulated high-value urgent,Needs secure handling and documented custody.,cement|chemicals|unsealed food
SHP-00395,west,Metro Trade Network,Regulated pharma samples,regulated pharma,Bhilwara,Bengaluru,48,air,28700,47,86,regulated,5 d,79,overflow,2026-10-24,2026-10-25,Validated secure pharma uplift,79,9,spot market,13.2,6111000,14:00-22:00,47,136,188,141,BHI-DEL/BOM gateway,regulated high-value urgent,Needs chain-of-custody and compliance clearance.,food|cement|chemicals|unsecured parcels
SHP-00396,west,Swift Industries,Regulated pharma samples,regulated pharma,Jodhpur,Pune,37,air,21900,70,84,regulated,5 d,60,overflow,2026-10-18,2026-10-20,Validated secure pharma uplift,80,19,SLA contract,18.5,2974000,14:00-22:00,88,66,189,263,JOD-DEL/BOM gateway,regulated high-value urgent,Needs chain-of-custody and compliance clearance.,food|cement|chemicals|unsecured parcels
SHP-00397,west,AgroStar Export House,Frozen bakery inputs,chilled food,Kishangarh,Nhava Sheva,544,road,6400,32,84,chilled,60 h,97,overflow,2026-09-26,2026-10-02,Reefer truck,91,43,per-trip contract,28.3,11613000,22:00-02:00,40,30,33,79,,temperature-controlled food,Needs temperature-controlled carriage.,ambient dry cargo|cement|chemicals
SHP-00398,west,CraftBridge Collective,Spice cartons,food-grade dry,Kishangarh,Nhava Sheva,413,road,4800,104,80,ambient,96 h,27,contract,2026-10-10,2026-10-12,Food-grade dry van,82,41,dedicated fleet,29.9,4761000,10:00-14:00,63,32,32,53,,ambient food exports,Compatible with packaged food when odour control is maintained.,cement|chemicals|odour cargo
SHP-00399,west,Healthline Export House,High value samples,secured samples,Jaipur,Nhava Sheva,65,air,28300,71,97,regulated,96 h,82,premium,2026-10-10,2026-10-11,Secure air cargo pouch,72,8,spot market,16.6,5920000,14:00-22:00,39,58,173,148,JAI-DEL/BOM gateway,high-value urgent,Needs secure handling and tight handoff control.,bulk cargo|unsecured parcels
SHP-00400,west,Prime Industries,High value samples,secured samples,Jaipur,Mumbai,17,air,31000,149,81,regulated,6 d,24,overflow,2026-10-18,2026-10-19,Secure air cargo pouch,91,21,per-trip contract,13.8,1453000,06:00-10:00,54,105,148,111,JAI-DEL/BOM gateway,high-value urgent,Needs secure handling and tight handoff control.,bulk cargo|unsecured parcels
SHP-00401,coastal,Horizon Logistics,Reverse logistics parcels,parcel returns,Kottayam,Mangaluru,194,staging,5700,222,90,ambient,6 d,93,premium,2026-10-24,2026-10-30,Parcel cage vehicle,77,0,per-trip contract,32.7,4648000,22:00-02:00,47,38,7,60,,reverse logistics,Works well in staged consolidation waves.,loose food|hazardous
SHP-00402,coastal,RetailLoop Trade Network,High value samples,secured samples,Alappuzha,Hyderabad,9,air,23800,207,91,regulated,48 h,24,contract,2026-09-22,2026-09-23,Secure air cargo pouch,85,67,SLA contract,16.9,875000,10:00-14:00,69,119,185,273,ALA-DEL/BOM gateway,high-value urgent,Needs secure handling and tight handoff control.,bulk cargo|unsecured parcels
SHP-00403,coastal,National Trade Network,Regulated pharma samples,regulated pharma,Kottayam,Mumbai,69,air,25400,150,86,regulated,6 d,30,overflow,2026-10-16,2026-10-18,Validated secure pharma uplift,75,21,per-tonne contract,11.6,5143000,22:00-02:00,36,46,62,167,KOT-DEL/BOM gateway,regulated high-value urgent,Needs chain-of-custody and compliance clearance.,food|cement|chemicals|unsecured parcels
SHP-00404,coastal,Bharat Collective,Bamboo panels and handicrafts,fragile craft,Coimbatore,Mangaluru,90,staging,6800,53,98,fragile,60 h,87,overflow,2026-10-02,2026-10-04,Padded box truck with staging buffer,77,25,fixed monthly,33.9,1504000,14:00-22:00,94,38,17,21,,fragile regional exports,Needs bracing and should avoid dusty or heavy loads.,cement|heavy machinery|wet cargo
SHP-00405,coastal,Metro Consortium,Medical devices,regulated devices,Alappuzha,Bengaluru,50,air,24300,93,89,regulated,72 h,63,spot,2026-10-25,2026-10-27,Secure high-value air cargo,74,15,per-tonne contract,17.4,4424000,14:00-22:00,78,45,172,153,ALA-DEL/BOM gateway,regulated high-value urgent,Needs secure handling and documented custody.,cement|chemicals|unsealed food
SHP-00406,coastal,Spice Valley Distributors,Frozen bakery inputs,chilled food,Kannur,Hyderabad,535,road,8500,121,90,chilled,72 h,95,return,2026-10-08,2026-10-10,Reefer truck,70,60,spot market,26.9,20488000,14:00-22:00,67,13,19,62,,temperature-controlled food,Needs temperature-controlled carriage.,ambient dry cargo|cement|chemicals
SHP-00407,coastal,RetailLoop Trade Network,Frozen bakery inputs,chilled food,Kottayam,Mangaluru,447,road,8500,202,99,chilled,48 h,92,backhaul,2026-09-16,2026-09-20,Reefer truck,67,76,spot market,29.9,10952000,14:00-22:00,86,26,18,18,,temperature-controlled food,Needs temperature-controlled carriage.,ambient dry cargo|cement|chemicals
SHP-00408,coastal,CraftBridge Industries,Electronics returns,electronics,Kottayam,Mumbai,359,staging,7800,119,99,ambient,96 h,35,spot,2026-09-20,2026-09-25,Secure parcel truck,79,11,fixed monthly,31.0,10937000,06:00-10:00,38,25,8,60,,high-value reverse logistics,"Needs dry, secure movement and claims control.",wet cargo|magnetic cargo|loose food
SHP-00409,coastal,Spice Valley Foods,High value samples,secured samples,Kottayam,Tuticorin port,59,air,21300,62,88,regulated,6 d,78,return,2026-10-22,2026-10-24,Secure air cargo pouch,99,16,per-trip contract,19.0,3537000,10:00-14:00,88,180,195,357,KOT-DEL/BOM gateway,high-value urgent,Needs secure handling and tight handoff control.,bulk cargo|unsecured parcels
SHP-00410,coastal,Greenfield Distributors,Regulated pharma samples,regulated pharma,Kannur,Bengaluru,64,air,12800,42,97,regulated,12 h,86,return,2026-09-18,2026-09-20,Validated secure pharma uplift,83,27,SLA contract,18.4,2788000,22:00-02:00,54,160,205,189,KAN-DEL/BOM gateway,regulated high-value urgent,Needs chain-of-custody and compliance clearance.,food|cement|chemicals|unsecured parcels
SHP-00411,coastal,RetailLoop Collective,Packaged tea cartons,food-grade dry,Kochi,Mumbai,101,road,4900,127,82,dry,72 h,90,return,2026-10-28,2026-11-03,Food-grade dry van,86,45,per-tonne contract,27.2,1324000,06:00-10:00,75,21,3,14,,anchor-compatible FMCG backhaul,Can ride with packaged food and dry FMCG cargo.,cement|chemicals|hazardous
SHP-00412,coastal,AgroStar Collective,Regulated pharma samples,regulated pharma,Kochi,Mangaluru,57,air,28000,70,95,regulated,5 d,75,contract,2026-10-02,2026-10-03,Validated secure pharma uplift,83,12,dedicated fleet,19.0,6054000,10:00-14:00,42,78,220,243,KOC-DEL/BOM gateway,regulated high-value urgent,Needs chain-of-custody and compliance clearance.,food|cement|chemicals|unsecured parcels
SHP-00413,coastal,National Forwarders,Containerised export overflow,container export,Calicut,Tuticorin port,433,sea,2900,190,90,dry,6 d,83,premium,2026-10-14,2026-10-20,Sealed container feeder,85,20,spot market,55.6,3825000,10:00-14:00,98,12,212,17,,bulk export overflow,Best suited to feeder or port-linked consolidation.,loose perishable|fragile craft
SHP-00414,coastal,Bharat Logistics,Packaged tea cartons,food-grade dry,Kochi,Bengaluru,224,road,5000,123,99,dry,60 h,88,return,2026-09-27,2026-10-01,Food-grade dry van,80,53,dedicated fleet,27.2,4653000,22:00-02:00,39,26,26,66,,anchor-compatible FMCG backhaul,Can ride with packaged food and dry FMCG cargo.,cement|chemicals|hazardous
SHP-00415,coastal,Riverline Industries,Bamboo panels and handicrafts,fragile craft,Coimbatore,Mangaluru,241,staging,6600,39,85,fragile,96 h,67,return,2026-09-23,2026-09-27,Padded box truck with staging buffer,96,8,per-tonne contract,32.2,6491000,06:00-10:00,42,14,16,9,,fragile regional exports,Needs bracing and should avoid dusty or heavy loads.,cement|heavy machinery|wet cargo
SHP-00416,coastal,Horizon Consortium,Textile bales,textile dry,Calicut,Chennai,574,road,3900,120,88,dry,6 d,87,contract,2026-10-05,2026-10-10,Dry van with moisture guard,84,62,per-tonne contract,25.6,9300000,06:00-10:00,65,12,28,59,,dry industrial backhaul,Needs dry handling and moisture protection.,wet cargo|chemicals
SHP-00417,coastal,Spice Valley Forwarders,Spice cartons,food-grade dry,Kottayam,Bengaluru,374,road,5300,90,87,ambient,60 h,44,overflow,2026-10-22,2026-10-27,Food-grade dry van,63,68,dedicated fleet,21.6,7227000,06:00-10:00,46,27,1,0,,ambient food exports,Compatible with packaged food when odour control is maintained.,cement|chemicals|odour cargo
SHP-00418,coastal,CraftBridge Forwarders,Medical devices,regulated devices,Calicut,Chennai,38,air,24700,134,96,regulated,48 h,73,overflow,2026-10-06,2026-10-07,Secure high-value air cargo,72,90,spot market,14.2,2264000,14:00-22:00,74,57,165,88,CAL-DEL/BOM gateway,regulated high-value urgent,Needs secure handling and documented custody.,cement|chemicals|unsealed food
SHP-00419,coastal,Bharat Consortium,Packaged tea cartons,food-grade dry,Calicut,Tuticorin port,169,road,4200,78,91,dry,48 h,45,contract,2026-09-20,2026-09-21,Food-grade dry van,75,36,spot market,21.3,1915000,06:00-10:00,90,18,148,19,,anchor-compatible FMCG backhaul,Can ride with packaged food and dry FMCG cargo.,cement|chemicals|hazardous
SHP-00420,coastal,Eastern Industries,Reverse logistics parcels,parcel returns,Kottayam,Hyderabad,238,staging,5600,102,97,ambient,24 h,63,contract,2026-10-15,2026-10-17,Parcel cage vehicle,85,41,per-tonne contract,30.4,3817000,06:00-10:00,97,29,18,88,,reverse logistics,Works well in staged consolidation waves.,loose food|hazardous
SHP-00421,coastal,RetailLoop Export House,Speciality ginger and citrus,fresh produce,Calicut,Mangaluru,237,road,4800,136,99,chilled,48 h,53,premium,2026-10-04,2026-10-05,Ventilated reefer truck,77,33,SLA contract,24.5,4438000,22:00-02:00,75,14,30,82,,perishable agriculture,Requires food-safe handling and temperature discipline.,cement|chemicals|odour cargo
SHP-00422,coastal,Summit Distributors,Durable snacks overflow,food-grade dry,Coimbatore,Tuticorin port,364,road,3600,159,99,ambient,6 d,99,overflow,2026-10-07,2026-10-10,Food-grade dry van,76,54,dedicated fleet,26.9,3851000,10:00-14:00,46,28,70,45,,anchor-compatible FMCG overflow,Highly compatible with Britannia-style packaged food lanes.,cement|chemicals|wet cargo
SHP-00423,coastal,Tea Garden Collective,Durable snacks overflow,food-grade dry,Kannur,Chennai,714,road,4700,100,88,ambient,24 h,46,premium,2026-10-26,2026-11-01,Food-grade dry van,78,43,dedicated fleet,23.6,8686000,06:00-10:00,94,19,3,38,,anchor-compatible FMCG overflow,Highly compatible with Britannia-style packaged food lanes.,cement|chemicals|wet cargo
SHP-00424,coastal,Summit Distributors,Packaged tea cartons,food-grade dry,Kannur,Hyderabad,205,road,3700,114,94,dry,6 d,28,premium,2026-10-25,2026-10-30,Food-grade dry van,79,42,per-tonne contract,28.3,3278000,10:00-14:00,45,45,6,0,,anchor-compatible FMCG backhaul,Can ride with packaged food and dry FMCG cargo.,cement|chemicals|hazardous
SHP-00425,coastal,Eastern Foods,Packaged tea cartons,food-grade dry,Coimbatore,Chennai,108,road,5000,204,95,dry,5 d,75,contract,2026-10-17,2026-10-22,Food-grade dry van,89,25,per-trip contract,26.9,1787000,10:00-14:00,89,24,3,1,,anchor-compatible FMCG backhaul,Can ride with packaged food and dry FMCG cargo.,cement|chemicals|hazardous
SHP-00426,coastal,PortLink Supply Co,Reverse logistics parcels,parcel returns,Calicut,Mangaluru,125,staging,5900,56,96,ambient,72 h,46,return,2026-10-19,2026-10-22,Parcel cage vehicle,89,28,dedicated fleet,34.8,2326000,06:00-10:00,52,16,25,42,,reverse logistics,Works well in staged consolidation waves.,loose food|hazardous
SHP-00427,coastal,RetailLoop Logistics,Durable snacks overflow,food-grade dry,Alappuzha,Mumbai,664,road,4100,139,96,ambient,36 h,96,backhaul,2026-10-24,2026-10-25,Food-grade dry van,83,57,per-tonne contract,27.4,7472000,10:00-14:00,42,21,8,1,,anchor-compatible FMCG overflow,Highly compatible with Britannia-style packaged food lanes.,cement|chemicals|wet cargo
SHP-00428,coastal,AgroStar Industries,Spice cartons,food-grade dry,Kannur,Mangaluru,136,road,3900,135,93,ambient,6 d,44,premium,2026-10-13,2026-10-18,Food-grade dry van,83,44,dedicated fleet,29.1,2528000,10:00-14:00,62,34,3,66,,ambient food exports,Compatible with packaged food when odour control is maintained.,cement|chemicals|odour cargo
SHP-00429,coastal,Healthline Collective,Speciality ginger and citrus,fresh produce,Kottayam,Tuticorin port,360,road,6800,19,85,chilled,60 h,77,contract,2026-10-10,2026-10-13,Ventilated reefer truck,79,33,fixed monthly,26.1,9461000,10:00-14:00,81,28,144,18,,perishable agriculture,Requires food-safe handling and temperature discipline.,cement|chemicals|odour cargo
SHP-00430,coastal,Swift Trade Network,Frozen bakery inputs,chilled food,Coimbatore,Chennai,53,road,9000,114,87,chilled,36 h,63,premium,2026-09-20,2026-09-25,Reefer truck,88,84,per-trip contract,25.0,2156000,14:00-22:00,76,14,22,60,,temperature-controlled food,Needs temperature-controlled carriage.,ambient dry cargo|cement|chemicals
SHP-00431,coastal,Metro Logistics,Premium craft consignments,fragile craft,Kochi,Mangaluru,354,staging,7500,182,84,fragile,48 h,50,overflow,2026-10-01,2026-10-05,Padded box truck with staging buffer,96,5,SLA contract,29.0,8417000,22:00-02:00,98,33,24,12,,premium fragile exports,Needs gentle handling and staging protection.,cement|heavy machinery|wet cargo
SHP-00432,coastal,Spice Valley Industries,Medical devices,regulated devices,Kottayam,Mangaluru,28,air,14600,152,93,regulated,5 d,31,return,2026-09-18,2026-09-19,Secure high-value air cargo,82,27,per-trip contract,12.7,1032000,06:00-10:00,91,67,173,90,KOT-DEL/BOM gateway,regulated high-value urgent,Needs secure handling and documented custody.,cement|chemicals|unsealed food
SHP-00433,coastal,Swift Export House,Containerised export overflow,container export,Calicut,Chennai,1047,sea,4300,62,96,dry,96 h,98,return,2026-10-01,2026-10-06,Sealed container feeder,78,9,per-tonne contract,62.1,10454000,14:00-22:00,97,25,135,73,,bulk export overflow,Best suited to feeder or port-linked consolidation.,loose perishable|fragile craft
SHP-00434,coastal,RetailLoop Consortium,Bamboo panels and handicrafts,fragile craft,Kannur,Mumbai,120,staging,6300,83,87,fragile,96 h,59,contract,2026-09-28,2026-10-02,Padded box truck with staging buffer,85,31,per-tonne contract,32.4,2942000,22:00-02:00,95,30,34,21,,fragile regional exports,Needs bracing and should avoid dusty or heavy loads.,cement|heavy machinery|wet cargo
SHP-00435,coastal,CraftBridge Logistics,Medical devices,regulated devices,Calicut,Mumbai,7,air,16000,92,88,regulated,5 d,50,backhaul,2026-10-26,2026-10-28,Secure high-value air cargo,96,6,per-tonne contract,8.8,314000,22:00-02:00,83,159,39,51,CAL-DEL/BOM gateway,regulated high-value urgent,Needs secure handling and documented custody.,cement|chemicals|unsealed food
SHP-00436,coastal,Swift Forwarders,Spice cartons,food-grade dry,Coimbatore,Tuticorin port,89,road,5400,105,87,ambient,60 h,95,overflow,2026-09-27,2026-09-29,Food-grade dry van,91,70,SLA contract,27.8,1502000,10:00-14:00,62,23,100,51,,ambient food exports,Compatible with packaged food when odour control is maintained.,cement|chemicals|odour cargo
SHP-00437,coastal,Swift Supply Co,Speciality ginger and citrus,fresh produce,Kannur,Chennai,412,road,5700,73,99,chilled,6 d,68,return,2026-10-28,2026-11-01,Ventilated reefer truck,93,50,SLA contract,26.8,6256000,06:00-10:00,54,17,8,52,,perishable agriculture,Requires food-safe handling and temperature discipline.,cement|chemicals|odour cargo
SHP-00438,coastal,Bharat Foods,High value samples,secured samples,Kannur,Hyderabad,55,air,32400,131,87,regulated,24 h,79,return,2026-09-27,2026-09-29,Secure air cargo pouch,70,25,SLA contract,18.2,6095000,14:00-22:00,99,81,192,219,KAN-DEL/BOM gateway,high-value urgent,Needs secure handling and tight handoff control.,bulk cargo|unsecured parcels
SHP-00439,coastal,BluePeak Distributors,Speciality ginger and citrus,fresh produce,Alappuzha,Hyderabad,403,road,7300,96,99,chilled,96 h,48,return,2026-09-18,2026-09-19,Ventilated reefer truck,84,28,SLA contract,29.2,13724000,10:00-14:00,90,21,9,77,,perishable agriculture,Requires food-safe handling and temperature discipline.,cement|chemicals|odour cargo
SHP-00440,coastal,Healthline Collective,Textile bales,textile dry,Kottayam,Hyderabad,283,road,3200,148,98,dry,60 h,91,return,2026-10-16,2026-10-20,Dry van with moisture guard,79,26,SLA contract,28.1,2151000,14:00-22:00,54,17,33,2,,dry industrial backhaul,Needs dry handling and moisture protection.,wet cargo|chemicals
SHP-00441,coastal,BluePeak Industries,Regulated pharma samples,regulated pharma,Coimbatore,Hyderabad,66,air,21300,167,96,regulated,96 h,30,return,2026-09-20,2026-09-21,Validated secure pharma uplift,90,30,SLA contract,12.7,4714000,22:00-02:00,72,132,178,160,COI-DEL/BOM gateway,regulated high-value urgent,Needs chain-of-custody and compliance clearance.,food|cement|chemicals|unsecured parcels
SHP-00442,coastal,BluePeak Consortium,Regulated pharma samples,regulated pharma,Alappuzha,Tuticorin port,57,air,20300,106,88,regulated,72 h,72,return,2026-10-12,2026-10-13,Validated secure pharma uplift,87,38,per-trip contract,16.1,3037000,22:00-02:00,87,165,73,151,ALA-DEL/BOM gateway,regulated high-value urgent,Needs chain-of-custody and compliance clearance.,food|cement|chemicals|unsecured parcels
SHP-00443,coastal,AgroStar Logistics,Reverse logistics parcels,parcel returns,Alappuzha,Mumbai,138,staging,5600,66,92,ambient,96 h,93,premium,2026-10-09,2026-10-14,Parcel cage vehicle,82,57,per-trip contract,30.3,3373000,10:00-14:00,67,38,27,71,,reverse logistics,Works well in staged consolidation waves.,loose food|hazardous
SHP-00444,coastal,Tea Garden Consortium,Reverse logistics parcels,parcel returns,Kottayam,Bengaluru,45,staging,5600,190,99,ambient,96 h,94,return,2026-09-28,2026-10-04,Parcel cage vehicle,96,54,dedicated fleet,31.6,955000,22:00-02:00,84,23,12,29,,reverse logistics,Works well in staged consolidation waves.,loose food|hazardous
SHP-00445,coastal,RetailLoop Export House,High value samples,secured samples,Kottayam,Hyderabad,47,air,22500,155,87,regulated,12 h,97,contract,2026-10-12,2026-10-14,Secure air cargo pouch,74,22,dedicated fleet,16.8,4244000,22:00-02:00,87,118,206,331,KOT-DEL/BOM gateway,high-value urgent,Needs secure handling and tight handoff control.,bulk cargo|unsecured parcels
SHP-00446,coastal,Riverline Industries,Containerised export overflow,container export,Kochi,Chennai,225,sea,3200,39,99,dry,24 h,73,overflow,2026-09-23,2026-09-25,Sealed container feeder,91,26,SLA contract,55.6,2805000,22:00-02:00,65,37,96,67,,bulk export overflow,Best suited to feeder or port-linked consolidation.,loose perishable|fragile craft
SHP-00447,coastal,BluePeak Foods,Bamboo panels and handicrafts,fragile craft,Calicut,Mangaluru,116,staging,5000,158,91,fragile,5 d,83,premium,2026-10-11,2026-10-12,Padded box truck with staging buffer,77,69,per-trip contract,29.7,1912000,14:00-22:00,75,31,21,71,,fragile regional exports,Needs bracing and should avoid dusty or heavy loads.,cement|heavy machinery|wet cargo
SHP-00448,coastal,Prime Logistics,Premium craft consignments,fragile craft,Calicut,Chennai,354,staging,7300,112,99,fragile,48 h,83,backhaul,2026-09-29,2026-10-02,Padded box truck with staging buffer,90,56,fixed monthly,32.4,12284000,06:00-10:00,47,17,26,71,,premium fragile exports,Needs gentle handling and staging protection.,cement|heavy machinery|wet cargo
SHP-00449,coastal,Swift Foods,Regulated pharma samples,regulated pharma,Coimbatore,Hyderabad,54,air,28800,65,94,regulated,60 h,39,premium,2026-09-18,2026-09-20,Validated secure pharma uplift,84,77,fixed monthly,9.2,3474000,06:00-10:00,50,64,83,82,COI-DEL/BOM gateway,regulated high-value urgent,Needs chain-of-custody and compliance clearance.,food|cement|chemicals|unsecured parcels
SHP-00450,coastal,BluePeak Logistics,Bamboo panels and handicrafts,fragile craft,Calicut,Mangaluru,40,staging,5600,65,99,fragile,72 h,51,premium,2026-10-29,2026-11-02,Padded box truck with staging buffer,66,38,spot market,31.1,863000,22:00-02:00,35,30,22,10,,fragile regional exports,Needs bracing and should avoid dusty or heavy loads.,cement|heavy machinery|wet cargo
SHP-00451,coastal,Greenfield Foods,Speciality ginger and citrus,fresh produce,Calicut,Bengaluru,143,road,5500,150,97,chilled,5 d,26,backhaul,2026-10-23,2026-10-26,Ventilated reefer truck,77,54,SLA contract,30.3,2040000,10:00-14:00,82,12,10,12,,perishable agriculture,Requires food-safe handling and temperature discipline.,cement|chemicals|odour cargo
SHP-00452,coastal,AgroStar Industries,Bamboo panels and handicrafts,fragile craft,Calicut,Chennai,342,staging,5700,32,93,fragile,48 h,54,overflow,2026-10-28,2026-10-30,Padded box truck with staging buffer,86,22,per-tonne contract,28.3,8883000,14:00-22:00,41,12,23,63,,fragile regional exports,Needs bracing and should avoid dusty or heavy loads.,cement|heavy machinery|wet cargo
SHP-00453,coastal,CraftBridge Collective,Premium craft consignments,fragile craft,Kannur,Tuticorin port,207,staging,7800,61,94,fragile,72 h,70,return,2026-10-30,2026-10-31,Padded box truck with staging buffer,98,60,per-trip contract,35.0,3658000,06:00-10:00,55,12,236,60,,premium fragile exports,Needs gentle handling and staging protection.,cement|heavy machinery|wet cargo
SHP-00454,coastal,AgroStar Foods,Coffee and cocoa sacks,food-grade dry,Coimbatore,Mangaluru,592,sea,3400,107,95,dry,96 h,80,overflow,2026-09-20,2026-09-22,Dry container with odour guard,93,10,spot market,60.6,8399000,14:00-22:00,91,22,171,60,,bulk food export,Can consolidate with dry food cargo.,cement|chemicals|odour cargo
SHP-00455,coastal,Eastern Distributors,Coffee and cocoa sacks,food-grade dry,Alappuzha,Bengaluru,798,sea,3500,101,93,dry,60 h,39,return,2026-09-30,2026-10-01,Dry container with odour guard,85,63,per-tonne contract,56.1,12171000,10:00-14:00,36,27,53,16,,bulk food export,Can consolidate with dry food cargo.,cement|chemicals|odour cargo
SHP-00456,coastal,National Trade Network,Reverse logistics parcels,parcel returns,Kochi,Mumbai,68,staging,4900,212,91,ambient,48 h,49,premium,2026-10-01,2026-10-03,Parcel cage vehicle,79,16,dedicated fleet,27.7,1430000,10:00-14:00,51,22,7,7,,reverse logistics,Works well in staged consolidation waves.,loose food|hazardous
SHP-00457,coastal,Healthline Industries,Durable snacks overflow,food-grade dry,Coimbatore,Tuticorin port,302,road,3700,86,85,ambient,48 h,84,premium,2026-10-11,2026-10-12,Food-grade dry van,76,46,per-trip contract,29.2,4474000,10:00-14:00,95,23,144,58,,anchor-compatible FMCG overflow,Highly compatible with Britannia-style packaged food lanes.,cement|chemicals|wet cargo
SHP-00458,coastal,National Industries,Electronics returns,electronics,Calicut,Mangaluru,213,staging,7400,128,95,ambient,72 h,32,premium,2026-09-25,2026-10-01,Secure parcel truck,83,7,dedicated fleet,28.4,7390000,06:00-10:00,83,39,10,81,,high-value reverse logistics,"Needs dry, secure movement and claims control.",wet cargo|magnetic cargo|loose food
SHP-00459,coastal,Bharat Consortium,Premium craft consignments,fragile craft,Calicut,Bengaluru,290,staging,8600,65,91,fragile,60 h,28,return,2026-10-15,2026-10-16,Padded box truck with staging buffer,84,39,SLA contract,27.4,10443000,14:00-22:00,56,42,12,32,,premium fragile exports,Needs gentle handling and staging protection.,cement|heavy machinery|wet cargo
SHP-00460,coastal,Tea Garden Logistics,Bamboo panels and handicrafts,fragile craft,Kochi,Tuticorin port,363,staging,6000,81,99,fragile,6 d,63,contract,2026-10-19,2026-10-22,Padded box truck with staging buffer,78,92,per-tonne contract,32.3,9775000,22:00-02:00,37,43,210,60,,fragile regional exports,Needs bracing and should avoid dusty or heavy loads.,cement|heavy machinery|wet cargo
SHP-00461,coastal,PortLink Trade Network,Containerised export overflow,container export,Coimbatore,Tuticorin port,205,sea,3900,111,86,dry,72 h,86,return,2026-09-16,2026-09-18,Sealed container feeder,83,53,SLA contract,60.1,2938000,22:00-02:00,52,30,66,21,,bulk export overflow,Best suited to feeder or port-linked consolidation.,loose perishable|fragile craft
SHP-00462,coastal,Swift Logistics,Spice cartons,food-grade dry,Kannur,Hyderabad,543,road,5400,100,89,ambient,96 h,32,backhaul,2026-09-19,2026-09-20,Food-grade dry van,82,45,SLA contract,27.0,10153000,22:00-02:00,92,24,11,49,,ambient food exports,Compatible with packaged food when odour control is maintained.,cement|chemicals|odour cargo
SHP-00463,coastal,BluePeak Export House,Speciality ginger and citrus,fresh produce,Kannur,Mangaluru,413,road,5700,11,95,chilled,72 h,74,premium,2026-10-02,2026-10-08,Ventilated reefer truck,82,32,per-tonne contract,24.4,7725000,10:00-14:00,96,31,27,56,,perishable agriculture,Requires food-safe handling and temperature discipline.,cement|chemicals|odour cargo
SHP-00464,coastal,Riverline Export House,Speciality ginger and citrus,fresh produce,Coimbatore,Hyderabad,559,road,5500,22,96,chilled,96 h,38,overflow,2026-10-06,2026-10-08,Ventilated reefer truck,79,37,fixed monthly,21.2,9846000,10:00-14:00,71,12,11,45,,perishable agriculture,Requires food-safe handling and temperature discipline.,cement|chemicals|odour cargo
SHP-00465,coastal,RetailLoop Industries,Premium craft consignments,fragile craft,Kochi,Tuticorin port,80,staging,6300,49,91,fragile,72 h,50,overflow,2026-10-20,2026-10-21,Padded box truck with staging buffer,88,43,SLA contract,34.5,1450000,14:00-22:00,84,22,138,26,,premium fragile exports,Needs gentle handling and staging protection.,cement|heavy machinery|wet cargo
SHP-00466,coastal,CraftBridge Foods,Frozen bakery inputs,chilled food,Kannur,Hyderabad,277,road,7500,126,84,chilled,60 h,54,backhaul,2026-10-04,2026-10-07,Reefer truck,80,25,fixed monthly,23.6,5393000,10:00-14:00,72,13,5,33,,temperature-controlled food,Needs temperature-controlled carriage.,ambient dry cargo|cement|chemicals
SHP-00467,coastal,CraftBridge Foods,High value samples,secured samples,Kannur,Mumbai,48,air,23400,133,99,regulated,24 h,36,contract,2026-10-16,2026-10-18,Secure air cargo pouch,79,20,dedicated fleet,13.6,4813000,14:00-22:00,64,98,146,88,KAN-DEL/BOM gateway,high-value urgent,Needs secure handling and tight handoff control.,bulk cargo|unsecured parcels
SHP-00468,coastal,RetailLoop Industries,Coffee and cocoa sacks,food-grade dry,Kottayam,Chennai,748,sea,3000,150,93,dry,36 h,64,spot,2026-10-21,2026-10-27,Dry container with odour guard,79,58,spot market,57.8,7857000,06:00-10:00,91,44,226,89,,bulk food export,Can consolidate with dry food cargo.,cement|chemicals|odour cargo
SHP-00469,coastal,Greenfield Foods,Packaged tea cartons,food-grade dry,Calicut,Chennai,491,road,4600,109,92,dry,48 h,35,overflow,2026-10-01,2026-10-03,Food-grade dry van,80,24,per-tonne contract,24.2,10145000,22:00-02:00,72,14,30,87,,anchor-compatible FMCG backhaul,Can ride with packaged food and dry FMCG cargo.,cement|chemicals|hazardous
SHP-00470,coastal,AgroStar Forwarders,High value samples,secured samples,Coimbatore,Tuticorin port,6,air,27700,78,87,regulated,60 h,38,spot,2026-10-13,2026-10-15,Secure air cargo pouch,76,15,fixed monthly,16.7,546000,06:00-10:00,74,113,222,174,COI-DEL/BOM gateway,high-value urgent,Needs secure handling and tight handoff control.,bulk cargo|unsecured parcels
SHP-00471,coastal,CraftBridge Forwarders,High value samples,secured samples,Kannur,Bengaluru,62,air,30000,56,95,regulated,72 h,68,spot,2026-10-17,2026-10-19,Secure air cargo pouch,89,11,per-tonne contract,22.0,7446000,06:00-10:00,93,177,141,302,KAN-DEL/BOM gateway,high-value urgent,Needs secure handling and tight handoff control.,bulk cargo|unsecured parcels
SHP-00472,coastal,Riverline Forwarders,Spice cartons,food-grade dry,Kochi,Hyderabad,246,road,5300,36,97,ambient,6 d,33,spot,2026-10-13,2026-10-14,Food-grade dry van,79,81,per-trip contract,25.8,5265000,22:00-02:00,87,28,3,46,,ambient food exports,Compatible with packaged food when odour control is maintained.,cement|chemicals|odour cargo
SHP-00473,coastal,Swift Consortium,Durable snacks overflow,food-grade dry,Coimbatore,Chennai,711,road,3800,158,86,ambient,6 d,48,spot,2026-10-11,2026-10-16,Food-grade dry van,75,64,dedicated fleet,24.8,10853000,10:00-14:00,86,21,7,63,,anchor-compatible FMCG overflow,Highly compatible with Britannia-style packaged food lanes.,cement|chemicals|wet cargo
SHP-00474,coastal,Summit Industries,Textile bales,textile dry,Alappuzha,Mumbai,714,road,3600,101,96,dry,6 d,42,overflow,2026-10-26,2026-11-01,Dry van with moisture guard,87,34,SLA contract,24.4,8867000,10:00-14:00,48,23,20,26,,dry industrial backhaul,Needs dry handling and moisture protection.,wet cargo|chemicals
SHP-00475,coastal,Spice Valley Foods,Regulated pharma samples,regulated pharma,Calicut,Bengaluru,46,air,17500,70,97,regulated,12 h,96,backhaul,2026-09-23,2026-09-25,Validated secure pharma uplift,73,53,per-tonne contract,9.9,2984000,14:00-22:00,35,107,47,251,CAL-DEL/BOM gateway,regulated high-value urgent,Needs chain-of-custody and compliance clearance.,food|cement|chemicals|unsecured parcels
SHP-00476,coastal,Riverline Logistics,Durable snacks overflow,food-grade dry,Kottayam,Hyderabad,629,road,3200,165,89,ambient,5 d,73,overflow,2026-10-03,2026-10-09,Food-grade dry van,77,27,spot market,30.5,6319000,10:00-14:00,99,25,10,61,,anchor-compatible FMCG overflow,Highly compatible with Britannia-style packaged food lanes.,cement|chemicals|wet cargo
SHP-00477,coastal,PortLink Industries,Frozen bakery inputs,chilled food,Alappuzha,Mumbai,288,road,6000,84,93,chilled,60 h,52,contract,2026-10-14,2026-10-17,Reefer truck,87,43,dedicated fleet,22.9,4026000,22:00-02:00,68,29,20,77,,temperature-controlled food,Needs temperature-controlled carriage.,ambient dry cargo|cement|chemicals
SHP-00478,coastal,Bharat Distributors,High value samples,secured samples,Kannur,Tuticorin port,64,air,27500,97,95,regulated,12 h,96,contract,2026-09-24,2026-09-25,Secure air cargo pouch,93,7,per-tonne contract,9.3,7613000,06:00-10:00,44,109,193,58,KAN-DEL/BOM gateway,high-value urgent,Needs secure handling and tight handoff control.,bulk cargo|unsecured parcels
SHP-00479,coastal,AgroStar Forwarders,Premium craft consignments,fragile craft,Coimbatore,Bengaluru,218,staging,5400,144,98,fragile,96 h,50,contract,2026-09-29,2026-10-03,Padded box truck with staging buffer,78,16,spot market,35.4,5260000,10:00-14:00,90,14,9,24,,premium fragile exports,Needs gentle handling and staging protection.,cement|heavy machinery|wet cargo
SHP-00480,coastal,PortLink Consortium,Durable snacks overflow,food-grade dry,Coimbatore,Bengaluru,291,road,4000,120,95,ambient,72 h,34,spot,2026-10-22,2026-10-27,Food-grade dry van,87,47,SLA contract,29.9,2873000,06:00-10:00,96,44,10,10,,anchor-compatible FMCG overflow,Highly compatible with Britannia-style packaged food lanes.,cement|chemicals|wet cargo
SHP-00481,coastal,Prime Supply Co,Medical devices,regulated devices,Alappuzha,Hyderabad,25,air,20900,108,95,regulated,48 h,68,overflow,2026-10-24,2026-10-25,Secure high-value air cargo,81,34,per-trip contract,16.4,1958000,14:00-22:00,77,179,181,334,ALA-DEL/BOM gateway,regulated high-value urgent,Needs secure handling and documented custody.,cement|chemicals|unsealed food
SHP-00482,coastal,RetailLoop Supply Co,Bamboo panels and handicrafts,fragile craft,Kochi,Mumbai,178,staging,6700,105,99,fragile,48 h,24,overflow,2026-09-18,2026-09-23,Padded box truck with staging buffer,85,18,per-trip contract,27.1,2820000,06:00-10:00,59,23,5,9,,fragile regional exports,Needs bracing and should avoid dusty or heavy loads.,cement|heavy machinery|wet cargo
SHP-00483,coastal,National Trade Network,High value samples,secured samples,Coimbatore,Hyderabad,13,air,31600,112,86,regulated,96 h,59,overflow,2026-09-29,2026-10-01,Secure air cargo pouch,79,50,fixed monthly,12.3,949000,22:00-02:00,54,83,149,153,COI-DEL/BOM gateway,high-value urgent,Needs secure handling and tight handoff control.,bulk cargo|unsecured parcels
SHP-00484,coastal,AgroStar Forwarders,Containerised export overflow,container export,Alappuzha,Bengaluru,977,sea,3400,43,98,dry,24 h,98,spot,2026-10-01,2026-10-06,Sealed container feeder,92,66,fixed monthly,63.1,7595000,14:00-22:00,36,26,223,40,,bulk export overflow,Best suited to feeder or port-linked consolidation.,loose perishable|fragile craft
SHP-00485,coastal,Summit Distributors,Speciality ginger and citrus,fresh produce,Alappuzha,Mumbai,266,road,7300,92,96,chilled,24 h,78,overflow,2026-09-27,2026-09-28,Ventilated reefer truck,76,29,spot market,25.3,6609000,10:00-14:00,56,44,29,17,,perishable agriculture,Requires food-safe handling and temperature discipline.,cement|chemicals|odour cargo
SHP-00486,coastal,CraftBridge Forwarders,High value samples,secured samples,Alappuzha,Bengaluru,61,air,26400,59,99,regulated,72 h,66,backhaul,2026-10-01,2026-10-03,Secure air cargo pouch,85,13,fixed monthly,18.5,6606000,22:00-02:00,54,133,215,179,ALA-DEL/BOM gateway,high-value urgent,Needs secure handling and tight handoff control.,bulk cargo|unsecured parcels
SHP-00487,coastal,RetailLoop Industries,Containerised export overflow,container export,Coimbatore,Chennai,1111,sea,2600,117,99,dry,72 h,57,return,2026-09-16,2026-09-17,Sealed container feeder,80,37,fixed monthly,60.3,12980000,14:00-22:00,37,45,53,14,,bulk export overflow,Best suited to feeder or port-linked consolidation.,loose perishable|fragile craft
SHP-00488,coastal,Prime Industries,Bamboo panels and handicrafts,fragile craft,Kochi,Tuticorin port,415,staging,6100,134,96,fragile,96 h,28,backhaul,2026-09-22,2026-09-23,Padded box truck with staging buffer,84,5,fixed monthly,32.3,7015000,22:00-02:00,67,42,239,29,,fragile regional exports,Needs bracing and should avoid dusty or heavy loads.,cement|heavy machinery|wet cargo
SHP-00489,coastal,Healthline Supply Co,Frozen bakery inputs,chilled food,Kannur,Hyderabad,522,road,9100,57,99,chilled,36 h,89,spot,2026-10-30,2026-10-31,Reefer truck,74,73,SLA contract,22.3,22097000,14:00-22:00,69,18,13,68,,temperature-controlled food,Needs temperature-controlled carriage.,ambient dry cargo|cement|chemicals
SHP-00490,coastal,Metro Trade Network,Textile bales,textile dry,Coimbatore,Bengaluru,188,road,4100,111,98,dry,60 h,85,backhaul,2026-10-29,2026-11-04,Dry van with moisture guard,84,67,fixed monthly,27.1,3048000,22:00-02:00,78,35,20,49,,dry industrial backhaul,Needs dry handling and moisture protection.,wet cargo|chemicals
SHP-00491,coastal,Riverline Export House,Reverse logistics parcels,parcel returns,Kottayam,Chennai,143,staging,6400,78,93,ambient,5 d,32,return,2026-10-14,2026-10-16,Parcel cage vehicle,97,20,per-tonne contract,28.8,4324000,10:00-14:00,35,39,3,13,,reverse logistics,Works well in staged consolidation waves.,loose food|hazardous
SHP-00492,coastal,AgroStar Logistics,Medical devices,regulated devices,Kannur,Hyderabad,6,air,14700,201,95,regulated,24 h,25,spot,2026-10-17,2026-10-18,Secure high-value air cargo,81,12,spot market,17.2,221000,06:00-10:00,50,173,216,204,KAN-DEL/BOM gateway,regulated high-value urgent,Needs secure handling and documented custody.,cement|chemicals|unsealed food
SHP-00493,coastal,RetailLoop Collective,Premium craft consignments,fragile craft,Kochi,Hyderabad,144,staging,8700,132,89,fragile,60 h,86,spot,2026-09-27,2026-10-01,Padded box truck with staging buffer,83,31,per-tonne contract,27.0,5933000,14:00-22:00,48,34,7,53,,premium fragile exports,Needs gentle handling and staging protection.,cement|heavy machinery|wet cargo
SHP-00494,coastal,Healthline Industries,Coffee and cocoa sacks,food-grade dry,Coimbatore,Mangaluru,344,sea,4300,76,89,dry,36 h,89,premium,2026-10-08,2026-10-12,Dry container with odour guard,80,18,dedicated fleet,62.8,6333000,06:00-10:00,51,10,223,51,,bulk food export,Can consolidate with dry food cargo.,cement|chemicals|odour cargo
SHP-00495,coastal,AgroStar Forwarders,Reverse logistics parcels,parcel returns,Kochi,Tuticorin port,24,staging,6300,68,96,ambient,96 h,58,spot,2026-09-16,2026-09-20,Parcel cage vehicle,82,34,per-tonne contract,34.5,616000,14:00-22:00,72,15,120,57,,reverse logistics,Works well in staged consolidation waves.,loose food|hazardous
SHP-00496,coastal,Horizon Industries,Bamboo panels and handicrafts,fragile craft,Calicut,Hyderabad,375,staging,5300,64,89,fragile,48 h,75,return,2026-09-29,2026-10-03,Padded box truck with staging buffer,86,19,per-trip contract,32.3,9458000,06:00-10:00,84,45,7,84,,fragile regional exports,Needs bracing and should avoid dusty or heavy loads.,cement|heavy machinery|wet cargo
SHP-00497,coastal,National Consortium,Reverse logistics parcels,parcel returns,Kottayam,Mangaluru,262,staging,5300,125,88,ambient,6 d,95,spot,2026-10-25,2026-10-31,Parcel cage vehicle,82,15,per-trip contract,27.3,6084000,14:00-22:00,43,28,14,68,,reverse logistics,Works well in staged consolidation waves.,loose food|hazardous
SHP-00498,coastal,Eastern Collective,Coffee and cocoa sacks,food-grade dry,Kottayam,Mangaluru,634,sea,2800,45,92,dry,72 h,33,return,2026-10-29,2026-10-31,Dry container with odour guard,95,26,fixed monthly,60.0,6113000,10:00-14:00,80,33,144,43,,bulk food export,Can consolidate with dry food cargo.,cement|chemicals|odour cargo
SHP-00499,coastal,RetailLoop Forwarders,Coffee and cocoa sacks,food-grade dry,Kottayam,Mangaluru,678,sea,3900,224,85,dry,72 h,67,spot,2026-09-21,2026-09-24,Dry container with odour guard,83,37,dedicated fleet,55.5,8682000,06:00-10:00,40,42,143,6,,bulk food export,Can consolidate with dry food cargo.,cement|chemicals|odour cargo
SHP-00500,coastal,CraftBridge Consortium,High value samples,secured samples,Calicut,Chennai,51,air,30000,109,87,regulated,5 d,62,overflow,2026-10-09,2026-10-10,Secure air cargo pouch,84,35,per-trip contract,10.9,5334000,10:00-14:00,57,173,93,142,CAL-DEL/BOM gateway,high-value urgent,Needs secure handling and tight handoff control.,bulk cargo|unsecured parcels
SHP-00501,coastal,Eastern Distributors,Spice cartons,food-grade dry,Coimbatore,Bengaluru,261,road,5200,111,88,ambient,36 h,53,premium,2026-10-04,2026-10-07,Food-grade dry van,89,52,fixed monthly,29.6,5483000,10:00-14:00,89,14,30,63,,ambient food exports,Compatible with packaged food when odour control is maintained.,cement|chemicals|odour cargo
SHP-00502,coastal,Summit Distributors,Medical devices,regulated devices,Kannur,Mumbai,40,air,23000,191,96,regulated,12 h,93,return,2026-09-20,2026-09-22,Secure high-value air cargo,79,14,per-tonne contract,19.7,2968000,22:00-02:00,74,94,138,332,KAN-DEL/BOM gateway,regulated high-value urgent,Needs secure handling and documented custody.,cement|chemicals|unsealed food
SHP-00503,coastal,Tea Garden Industries,Speciality ginger and citrus,fresh produce,Kochi,Mangaluru,556,road,7000,150,89,chilled,72 h,55,premium,2026-10-29,2026-11-04,Ventilated reefer truck,86,34,per-tonne contract,26.2,8893000,06:00-10:00,67,38,15,59,,perishable agriculture,Requires food-safe handling and temperature discipline.,cement|chemicals|odour cargo
SHP-00504,coastal,Prime Logistics,Reverse logistics parcels,parcel returns,Coimbatore,Chennai,42,staging,5400,123,86,ambient,96 h,33,overflow,2026-10-12,2026-10-18,Parcel cage vehicle,90,70,SLA contract,31.0,859000,10:00-14:00,63,33,18,26,,reverse logistics,Works well in staged consolidation waves.,loose food|hazardous
SHP-00505,coastal,Greenfield Industries,Spice cartons,food-grade dry,Alappuzha,Hyderabad,345,road,4800,114,97,ambient,36 h,50,overflow,2026-09-29,2026-10-05,Food-grade dry van,90,58,fixed monthly,23.9,5421000,10:00-14:00,85,31,8,39,,ambient food exports,Compatible with packaged food when odour control is maintained.,cement|chemicals|odour cargo
SHP-00506,coastal,Tea Garden Supply Co,Spice cartons,food-grade dry,Alappuzha,Bengaluru,465,road,5900,189,90,ambient,60 h,55,overflow,2026-09-17,2026-09-19,Food-grade dry van,83,33,fixed monthly,30.6,9321000,22:00-02:00,44,44,35,39,,ambient food exports,Compatible with packaged food when odour control is maintained.,cement|chemicals|odour cargo
SHP-00507,coastal,Riverline Distributors,Spice cartons,food-grade dry,Kottayam,Hyderabad,529,road,5800,99,94,ambient,6 d,79,contract,2026-10-10,2026-10-13,Food-grade dry van,91,52,per-trip contract,27.1,9503000,10:00-14:00,98,15,31,80,,ambient food exports,Compatible with packaged food when odour control is maintained.,cement|chemicals|odour cargo
SHP-00508,coastal,National Forwarders,Bamboo panels and handicrafts,fragile craft,Calicut,Mumbai,166,staging,4400,92,82,fragile,96 h,46,overflow,2026-10-22,2026-10-27,Padded box truck with staging buffer,86,77,SLA contract,34.1,2259000,22:00-02:00,35,39,27,27,,fragile regional exports,Needs bracing and should avoid dusty or heavy loads.,cement|heavy machinery|wet cargo
SHP-00509,coastal,Horizon Distributors,Spice cartons,food-grade dry,Calicut,Bengaluru,179,road,4800,86,94,ambient,24 h,97,premium,2026-10-14,2026-10-17,Food-grade dry van,72,50,fixed monthly,28.5,3742000,14:00-22:00,95,42,9,45,,ambient food exports,Compatible with packaged food when odour control is maintained.,cement|chemicals|odour cargo
SHP-00510,coastal,RetailLoop Collective,Packaged tea cartons,food-grade dry,Alappuzha,Hyderabad,504,road,4400,116,98,dry,60 h,55,spot,2026-09-22,2026-09-24,Food-grade dry van,86,13,dedicated fleet,23.1,5995000,22:00-02:00,53,33,6,55,,anchor-compatible FMCG backhaul,Can ride with packaged food and dry FMCG cargo.,cement|chemicals|hazardous
SHP-00511,coastal,Tea Garden Foods,Medical devices,regulated devices,Calicut,Chennai,51,air,16300,170,90,regulated,48 h,81,backhaul,2026-10-10,2026-10-12,Secure high-value air cargo,93,7,per-tonne contract,13.9,1864000,10:00-14:00,40,109,218,208,CAL-DEL/BOM gateway,regulated high-value urgent,Needs secure handling and documented custody.,cement|chemicals|unsealed food
SHP-00512,coastal,Tea Garden Trade Network,Bamboo panels and handicrafts,fragile craft,Kottayam,Tuticorin port,412,staging,5900,109,96,fragile,24 h,45,backhaul,2026-09-26,2026-09-30,Padded box truck with staging buffer,92,26,fixed monthly,29.1,5431000,22:00-02:00,71,13,183,37,,fragile regional exports,Needs bracing and should avoid dusty or heavy loads.,cement|heavy machinery|wet cargo
SHP-00513,coastal,Healthline Logistics,Spice cartons,food-grade dry,Coimbatore,Mangaluru,130,road,5300,109,89,ambient,24 h,46,backhaul,2026-10-16,2026-10-18,Food-grade dry van,78,40,SLA contract,27.1,2219000,14:00-22:00,50,19,25,44,,ambient food exports,Compatible with packaged food when odour control is maintained.,cement|chemicals|odour cargo
SHP-00514,coastal,RetailLoop Collective,Electronics returns,electronics,Alappuzha,Tuticorin port,66,staging,6800,53,83,ambient,6 d,61,overflow,2026-10-10,2026-10-13,Secure parcel truck,76,10,per-tonne contract,28.2,1598000,22:00-02:00,88,14,105,35,,high-value reverse logistics,"Needs dry, secure movement and claims control.",wet cargo|magnetic cargo|loose food
SHP-00515,coastal,PortLink Foods,Containerised export overflow,container export,Coimbatore,Mangaluru,307,sea,4300,66,97,dry,60 h,99,premium,2026-10-19,2026-10-22,Sealed container feeder,77,31,per-tonne contract,58.9,5777000,10:00-14:00,85,44,221,49,,bulk export overflow,Best suited to feeder or port-linked consolidation.,loose perishable|fragile craft
SHP-00516,coastal,CraftBridge Forwarders,High value samples,secured samples,Alappuzha,Hyderabad,47,air,34000,157,91,regulated,6 d,82,spot,2026-09-30,2026-10-02,Secure air cargo pouch,77,60,per-tonne contract,14.5,6369000,10:00-14:00,41,85,90,109,ALA-DEL/BOM gateway,high-value urgent,Needs secure handling and tight handoff control.,bulk cargo|unsecured parcels
SHP-00517,coastal,PortLink Supply Co,Spice cartons,food-grade dry,Coimbatore,Mangaluru,477,road,5000,91,93,ambient,72 h,59,contract,2026-10-03,2026-10-04,Food-grade dry van,83,31,per-trip contract,26.9,9220000,22:00-02:00,66,19,22,30,,ambient food exports,Compatible with packaged food when odour control is maintained.,cement|chemicals|odour cargo
SHP-00518,coastal,Tea Garden Industries,Packaged tea cartons,food-grade dry,Coimbatore,Bengaluru,626,road,4600,33,85,dry,24 h,86,overflow,2026-10-09,2026-10-10,Food-grade dry van,87,14,fixed monthly,22.8,11826000,06:00-10:00,61,36,18,67,,anchor-compatible FMCG backhaul,Can ride with packaged food and dry FMCG cargo.,cement|chemicals|hazardous
SHP-00519,coastal,RetailLoop Trade Network,Electronics returns,electronics,Kochi,Hyderabad,72,staging,5200,233,88,ambient,72 h,59,contract,2026-10-10,2026-10-11,Secure parcel truck,86,31,fixed monthly,30.9,1059000,14:00-22:00,55,26,9,61,,high-value reverse logistics,"Needs dry, secure movement and claims control.",wet cargo|magnetic cargo|loose food
SHP-00520,coastal,CraftBridge Distributors,Bamboo panels and handicrafts,fragile craft,Kottayam,Mangaluru,117,staging,5400,83,99,fragile,60 h,68,backhaul,2026-09-25,2026-09-28,Padded box truck with staging buffer,81,6,SLA contract,30.7,1595000,22:00-02:00,80,15,12,66,,fragile regional exports,Needs bracing and should avoid dusty or heavy loads.,cement|heavy machinery|wet cargo
SHP-00521,coastal,Metro Foods,Electronics returns,electronics,Calicut,Tuticorin port,37,staging,6900,110,95,ambient,48 h,46,overflow,2026-10-16,2026-10-22,Secure parcel truck,75,52,per-trip contract,31.3,962000,06:00-10:00,41,22,170,72,,high-value reverse logistics,"Needs dry, secure movement and claims control.",wet cargo|magnetic cargo|loose food
SHP-00522,coastal,Summit Consortium,Packaged tea cartons,food-grade dry,Alappuzha,Tuticorin port,359,road,3700,77,96,dry,72 h,26,backhaul,2026-09-17,2026-09-18,Food-grade dry van,77,70,spot market,22.4,6034000,14:00-22:00,44,24,48,87,,anchor-compatible FMCG backhaul,Can ride with packaged food and dry FMCG cargo.,cement|chemicals|hazardous
SHP-00523,coastal,Greenfield Industries,Textile bales,textile dry,Kochi,Chennai,329,road,3700,64,94,dry,24 h,80,spot,2026-09-24,2026-09-29,Dry van with moisture guard,75,9,per-trip contract,26.1,5624000,10:00-14:00,49,41,2,44,,dry industrial backhaul,Needs dry handling and moisture protection.,wet cargo|chemicals
SHP-00524,coastal,Prime Supply Co,Containerised export overflow,container export,Kochi,Bengaluru,399,sea,2800,125,94,dry,6 d,25,contract,2026-10-07,2026-10-12,Sealed container feeder,97,32,SLA contract,56.6,2966000,14:00-22:00,66,25,139,53,,bulk export overflow,Best suited to feeder or port-linked consolidation.,loose perishable|fragile craft
SHP-00525,coastal,Prime Supply Co,Electronics returns,electronics,Coimbatore,Chennai,202,staging,6400,161,96,ambient,36 h,33,backhaul,2026-10-04,2026-10-10,Secure parcel truck,69,39,fixed monthly,31.5,6113000,06:00-10:00,87,33,3,3,,high-value reverse logistics,"Needs dry, secure movement and claims control.",wet cargo|magnetic cargo|loose food
SHP-00526,coastal,Bharat Industries,Medical devices,regulated devices,Coimbatore,Chennai,40,air,18600,194,87,regulated,48 h,30,overflow,2026-10-25,2026-10-26,Secure high-value air cargo,87,82,fixed monthly,13.3,3366000,10:00-14:00,87,140,99,163,COI-DEL/BOM gateway,regulated high-value urgent,Needs secure handling and documented custody.,cement|chemicals|unsealed food
SHP-00527,coastal,Horizon Foods,Coffee and cocoa sacks,food-grade dry,Calicut,Mumbai,979,sea,3800,83,94,dry,48 h,69,contract,2026-09-16,2026-09-19,Dry container with odour guard,94,19,SLA contract,58.8,14349000,06:00-10:00,61,22,216,60,,bulk food export,Can consolidate with dry food cargo.,cement|chemicals|odour cargo
SHP-00528,coastal,Healthline Distributors,Speciality ginger and citrus,fresh produce,Coimbatore,Mumbai,297,road,5800,62,83,chilled,36 h,54,contract,2026-09-22,2026-09-28,Ventilated reefer truck,83,26,per-tonne contract,23.3,6381000,14:00-22:00,50,35,7,42,,perishable agriculture,Requires food-safe handling and temperature discipline.,cement|chemicals|odour cargo
SHP-00529,coastal,Prime Trade Network,Speciality ginger and citrus,fresh produce,Alappuzha,Bengaluru,596,road,5800,60,98,chilled,96 h,69,contract,2026-10-19,2026-10-22,Ventilated reefer truck,80,32,SLA contract,26.7,13463000,14:00-22:00,95,32,9,22,,perishable agriculture,Requires food-safe handling and temperature discipline.,cement|chemicals|odour cargo
SHP-00530,coastal,Summit Trade Network,Spice cartons,food-grade dry,Kannur,Bengaluru,324,road,4800,194,92,ambient,5 d,87,backhaul,2026-09-19,2026-09-21,Food-grade dry van,80,32,fixed monthly,32.1,3720000,14:00-22:00,48,25,23,42,,ambient food exports,Compatible with packaged food when odour control is maintained.,cement|chemicals|odour cargo
SHP-00531,coastal,Riverline Forwarders,Containerised export overflow,container export,Alappuzha,Chennai,382,sea,3800,165,99,dry,48 h,72,spot,2026-09-27,2026-10-02,Sealed container feeder,94,50,per-tonne contract,55.3,6726000,10:00-14:00,58,42,200,58,,bulk export overflow,Best suited to feeder or port-linked consolidation.,loose perishable|fragile craft
SHP-00532,coastal,BluePeak Foods,Medical devices,regulated devices,Alappuzha,Bengaluru,26,air,19300,20,87,regulated,36 h,42,backhaul,2026-10-28,2026-10-29,Secure high-value air cargo,77,32,SLA contract,13.3,1627000,14:00-22:00,70,157,197,114,ALA-DEL/BOM gateway,regulated high-value urgent,Needs secure handling and documented custody.,cement|chemicals|unsealed food
SHP-00533,coastal,Metro Consortium,Premium craft consignments,fragile craft,Kottayam,Tuticorin port,227,staging,7100,136,99,fragile,6 d,55,contract,2026-10-10,2026-10-12,Padded box truck with staging buffer,84,20,per-trip contract,35.2,6572000,10:00-14:00,72,40,172,35,,premium fragile exports,Needs gentle handling and staging protection.,cement|heavy machinery|wet cargo
SHP-00534,coastal,Greenfield Forwarders,Bamboo panels and handicrafts,fragile craft,Kochi,Tuticorin port,135,staging,4300,145,84,fragile,96 h,77,return,2026-10-11,2026-10-16,Padded box truck with staging buffer,81,15,per-tonne contract,28.9,1283000,06:00-10:00,89,32,193,29,,fragile regional exports,Needs bracing and should avoid dusty or heavy loads.,cement|heavy machinery|wet cargo
SHP-00535,coastal,RetailLoop Consortium,Durable snacks overflow,food-grade dry,Coimbatore,Mangaluru,706,road,3900,47,86,ambient,72 h,75,overflow,2026-10-13,2026-10-18,Food-grade dry van,76,32,per-tonne contract,27.9,7896000,14:00-22:00,68,43,0,60,,anchor-compatible FMCG overflow,Highly compatible with Britannia-style packaged food lanes.,cement|chemicals|wet cargo
SHP-00536,coastal,Eastern Forwarders,Coffee and cocoa sacks,food-grade dry,Alappuzha,Tuticorin port,802,sea,3300,93,85,dry,24 h,54,spot,2026-10-01,2026-10-06,Dry container with odour guard,88,9,per-tonne contract,58.6,11078000,06:00-10:00,80,16,146,10,,bulk food export,Can consolidate with dry food cargo.,cement|chemicals|odour cargo
SHP-00537,coastal,AgroStar Industries,Premium craft consignments,fragile craft,Coimbatore,Tuticorin port,337,staging,6900,34,99,fragile,6 d,61,return,2026-10-24,2026-10-28,Padded box truck with staging buffer,87,22,SLA contract,28.6,6823000,22:00-02:00,93,43,155,41,,premium fragile exports,Needs gentle handling and staging protection.,cement|heavy machinery|wet cargo
SHP-00538,coastal,Tea Garden Consortium,Reverse logistics parcels,parcel returns,Kannur,Chennai,358,staging,5700,53,90,ambient,24 h,65,backhaul,2026-09-30,2026-10-02,Parcel cage vehicle,86,19,per-tonne contract,32.3,6061000,10:00-14:00,37,41,23,72,,reverse logistics,Works well in staged consolidation waves.,loose food|hazardous
SHP-00539,coastal,Bharat Export House,Textile bales,textile dry,Kochi,Bengaluru,106,road,3400,77,99,dry,5 d,47,premium,2026-09-29,2026-10-01,Dry van with moisture guard,89,35,dedicated fleet,21.9,819000,06:00-10:00,46,12,9,11,,dry industrial backhaul,Needs dry handling and moisture protection.,wet cargo|chemicals
SHP-00540,coastal,Greenfield Foods,Speciality ginger and citrus,fresh produce,Calicut,Bengaluru,586,road,7500,113,92,chilled,96 h,69,spot,2026-10-04,2026-10-06,Ventilated reefer truck,80,68,dedicated fleet,28.0,16762000,22:00-02:00,94,24,6,32,,perishable agriculture,Requires food-safe handling and temperature discipline.,cement|chemicals|odour cargo
SHP-00541,coastal,Healthline Forwarders,Durable snacks overflow,food-grade dry,Kottayam,Tuticorin port,565,road,4700,94,87,ambient,36 h,58,backhaul,2026-09-24,2026-09-27,Food-grade dry van,90,55,per-trip contract,24.4,7397000,14:00-22:00,36,43,174,2,,anchor-compatible FMCG overflow,Highly compatible with Britannia-style packaged food lanes.,cement|chemicals|wet cargo
SHP-00542,coastal,RetailLoop Collective,Frozen bakery inputs,chilled food,Alappuzha,Chennai,376,road,8800,116,91,chilled,24 h,31,spot,2026-10-03,2026-10-04,Reefer truck,81,33,per-trip contract,24.1,12791000,14:00-22:00,80,44,31,90,,temperature-controlled food,Needs temperature-controlled carriage.,ambient dry cargo|cement|chemicals
SHP-00543,coastal,National Supply Co,Electronics returns,electronics,Kochi,Mangaluru,151,staging,6600,65,96,ambient,60 h,98,premium,2026-10-23,2026-10-25,Secure parcel truck,82,26,SLA contract,28.6,3368000,22:00-02:00,41,31,12,46,,high-value reverse logistics,"Needs dry, secure movement and claims control.",wet cargo|magnetic cargo|loose food
SHP-00544,coastal,BluePeak Export House,High value samples,secured samples,Coimbatore,Chennai,58,air,21700,165,97,regulated,5 d,24,overflow,2026-09-30,2026-10-01,Secure air cargo pouch,93,26,SLA contract,17.8,3748000,06:00-10:00,84,104,185,141,COI-DEL/BOM gateway,high-value urgent,Needs secure handling and tight handoff control.,bulk cargo|unsecured parcels
SHP-00545,coastal,Eastern Trade Network,Containerised export overflow,container export,Calicut,Mangaluru,1154,sea,2600,157,87,dry,36 h,92,spot,2026-09-23,2026-09-27,Sealed container feeder,81,43,SLA contract,55.8,7481000,06:00-10:00,99,40,35,67,,bulk export overflow,Best suited to feeder or port-linked consolidation.,loose perishable|fragile craft
SHP-00546,coastal,CraftBridge Forwarders,Electronics returns,electronics,Calicut,Chennai,338,staging,6200,76,87,ambient,48 h,37,backhaul,2026-10-29,2026-10-31,Secure parcel truck,80,51,per-tonne contract,35.2,7125000,14:00-22:00,90,12,12,38,,high-value reverse logistics,"Needs dry, secure movement and claims control.",wet cargo|magnetic cargo|loose food
SHP-00547,coastal,PortLink Forwarders,Medical devices,regulated devices,Kochi,Mangaluru,37,air,21900,30,85,regulated,12 h,95,contract,2026-10-02,2026-10-03,Secure high-value air cargo,88,38,SLA contract,20.0,2274000,10:00-14:00,94,56,87,354,KOC-DEL/BOM gateway,regulated high-value urgent,Needs secure handling and documented custody.,cement|chemicals|unsealed food
SHP-00548,coastal,Greenfield Forwarders,Electronics returns,electronics,Calicut,Mangaluru,34,staging,5700,29,98,ambient,72 h,95,backhaul,2026-09-24,2026-09-26,Secure parcel truck,85,48,SLA contract,33.5,910000,10:00-14:00,95,11,3,32,,high-value reverse logistics,"Needs dry, secure movement and claims control.",wet cargo|magnetic cargo|loose food
SHP-00549,coastal,BluePeak Export House,Speciality ginger and citrus,fresh produce,Kottayam,Mangaluru,449,road,4800,91,95,chilled,6 d,42,contract,2026-10-12,2026-10-15,Ventilated reefer truck,78,73,per-trip contract,29.1,8956000,22:00-02:00,40,11,14,0,,perishable agriculture,Requires food-safe handling and temperature discipline.,cement|chemicals|odour cargo
SHP-00550,coastal,Eastern Distributors,Premium craft consignments,fragile craft,Kottayam,Hyderabad,39,staging,8500,160,89,fragile,60 h,88,return,2026-09-19,2026-09-20,Padded box truck with staging buffer,88,10,per-trip contract,31.9,981000,10:00-14:00,44,17,26,75,,premium fragile exports,Needs gentle handling and staging protection.,cement|heavy machinery|wet cargo
SHP-00551,coastal,Eastern Industries,Coffee and cocoa sacks,food-grade dry,Coimbatore,Mumbai,222,sea,3600,90,95,dry,36 h,78,premium,2026-10-16,2026-10-17,Dry container with odour guard,83,48,per-trip contract,58.0,2518000,22:00-02:00,92,19,63,2,,bulk food export,Can consolidate with dry food cargo.,cement|chemicals|odour cargo
SHP-00552,coastal,Horizon Industries,Packaged tea cartons,food-grade dry,Alappuzha,Mumbai,174,road,4200,175,98,dry,96 h,36,contract,2026-09-26,2026-09-30,Food-grade dry van,89,58,fixed monthly,24.5,2092000,06:00-10:00,79,44,16,10,,anchor-compatible FMCG backhaul,Can ride with packaged food and dry FMCG cargo.,cement|chemicals|hazardous
SHP-00553,coastal,PortLink Forwarders,Spice cartons,food-grade dry,Kannur,Tuticorin port,518,road,5900,125,85,ambient,96 h,31,spot,2026-10-01,2026-10-04,Food-grade dry van,83,29,spot market,28.2,8569000,22:00-02:00,83,36,217,72,,ambient food exports,Compatible with packaged food when odour control is maintained.,cement|chemicals|odour cargo
SHP-00554,coastal,CraftBridge Logistics,Spice cartons,food-grade dry,Kannur,Chennai,469,road,6100,168,99,ambient,6 d,77,overflow,2026-09-29,2026-10-04,Food-grade dry van,89,28,per-trip contract,25.9,9060000,06:00-10:00,55,43,28,2,,ambient food exports,Compatible with packaged food when odour control is maintained.,cement|chemicals|odour cargo
SHP-00555,coastal,Prime Logistics,Electronics returns,electronics,Alappuzha,Hyderabad,24,staging,5700,213,97,ambient,5 d,42,contract,2026-10-18,2026-10-21,Secure parcel truck,80,21,fixed monthly,31.6,485000,10:00-14:00,57,23,5,10,,high-value reverse logistics,"Needs dry, secure movement and claims control.",wet cargo|magnetic cargo|loose food
SHP-00556,coastal,RetailLoop Supply Co,Medical devices,regulated devices,Kochi,Chennai,55,air,17500,84,97,regulated,48 h,56,premium,2026-10-07,2026-10-08,Secure high-value air cargo,84,16,SLA contract,17.8,2994000,14:00-22:00,59,78,82,237,KOC-DEL/BOM gateway,regulated high-value urgent,Needs secure handling and documented custody.,cement|chemicals|unsealed food
SHP-00557,coastal,Spice Valley Forwarders,Spice cartons,food-grade dry,Kannur,Mangaluru,575,road,6100,83,99,ambient,5 d,61,backhaul,2026-10-03,2026-10-06,Food-grade dry van,88,27,spot market,21.8,14885000,06:00-10:00,59,44,30,65,,ambient food exports,Compatible with packaged food when odour control is maintained.,cement|chemicals|odour cargo
SHP-00558,coastal,Summit Supply Co,High value samples,secured samples,Coimbatore,Mumbai,66,air,33000,191,84,regulated,6 d,50,overflow,2026-09-17,2026-09-18,Secure air cargo pouch,84,43,per-tonne contract,18.4,7435000,14:00-22:00,38,108,85,275,COI-DEL/BOM gateway,high-value urgent,Needs secure handling and tight handoff control.,bulk cargo|unsecured parcels
SHP-00559,coastal,Riverline Consortium,Containerised export overflow,container export,Coimbatore,Mangaluru,116,sea,4400,45,84,dry,60 h,55,contract,2026-10-26,2026-10-28,Sealed container feeder,93,35,fixed monthly,61.5,1586000,14:00-22:00,96,32,151,15,,bulk export overflow,Best suited to feeder or port-linked consolidation.,loose perishable|fragile craft
SHP-00560,coastal,Healthline Industries,Reverse logistics parcels,parcel returns,Coimbatore,Tuticorin port,45,staging,4800,192,97,ambient,96 h,97,spot,2026-10-27,2026-10-31,Parcel cage vehicle,74,66,SLA contract,33.6,530000,10:00-14:00,91,30,45,85,,reverse logistics,Works well in staged consolidation waves.,loose food|hazardous
SHP-00561,coastal,Metro Trade Network,Speciality ginger and citrus,fresh produce,Calicut,Bengaluru,495,road,4900,120,96,chilled,36 h,24,overflow,2026-09-22,2026-09-28,Ventilated reefer truck,82,9,dedicated fleet,27.0,10925000,10:00-14:00,40,33,35,5,,perishable agriculture,Requires food-safe handling and temperature discipline.,cement|chemicals|odour cargo
SHP-00562,coastal,Bharat Supply Co,Durable snacks overflow,food-grade dry,Coimbatore,Bengaluru,468,road,3700,37,95,ambient,6 d,46,contract,2026-10-01,2026-10-05,Food-grade dry van,62,67,per-trip contract,23.2,4233000,14:00-22:00,100,41,16,49,,anchor-compatible FMCG overflow,Highly compatible with Britannia-style packaged food lanes.,cement|chemicals|wet cargo
SHP-00563,coastal,Swift Distributors,Regulated pharma samples,regulated pharma,Kochi,Tuticorin port,43,air,14600,148,95,regulated,12 h,97,spot,2026-10-16,2026-10-17,Validated secure pharma uplift,71,41,fixed monthly,17.4,1493000,14:00-22:00,62,54,124,274,KOC-DEL/BOM gateway,regulated high-value urgent,Needs chain-of-custody and compliance clearance.,food|cement|chemicals|unsecured parcels
SHP-00564,coastal,Prime Foods,High value samples,secured samples,Kannur,Bengaluru,36,air,34000,71,93,regulated,6 d,55,premium,2026-09-27,2026-09-28,Secure air cargo pouch,89,6,per-trip contract,15.0,2792000,10:00-14:00,49,72,228,262,KAN-DEL/BOM gateway,high-value urgent,Needs secure handling and tight handoff control.,bulk cargo|unsecured parcels
SHP-00565,coastal,Summit Forwarders,Frozen bakery inputs,chilled food,Calicut,Bengaluru,365,road,8400,170,94,chilled,96 h,31,backhaul,2026-10-03,2026-10-08,Reefer truck,93,88,dedicated fleet,29.7,13071000,14:00-22:00,75,30,35,12,,temperature-controlled food,Needs temperature-controlled carriage.,ambient dry cargo|cement|chemicals
SHP-00566,coastal,Horizon Industries,High value samples,secured samples,Coimbatore,Bengaluru,68,air,35700,104,93,regulated,72 h,46,backhaul,2026-09-28,2026-09-30,Secure air cargo pouch,83,38,spot market,17.9,6772000,06:00-10:00,84,85,109,289,COI-DEL/BOM gateway,high-value urgent,Needs secure handling and tight handoff control.,bulk cargo|unsecured parcels
SHP-00567,coastal,Eastern Consortium,Durable snacks overflow,food-grade dry,Coimbatore,Hyderabad,105,road,4300,55,91,ambient,96 h,92,return,2026-10-29,2026-11-03,Food-grade dry van,91,50,per-trip contract,21.4,1100000,06:00-10:00,56,42,31,62,,anchor-compatible FMCG overflow,Highly compatible with Britannia-style packaged food lanes.,cement|chemicals|wet cargo
SHP-00568,coastal,Healthline Logistics,High value samples,secured samples,Kochi,Mumbai,44,air,23800,76,88,regulated,96 h,31,return,2026-09-29,2026-10-01,Secure air cargo pouch,61,19,spot market,12.4,3929000,22:00-02:00,83,77,233,184,KOC-DEL/BOM gateway,high-value urgent,Needs secure handling and tight handoff control.,bulk cargo|unsecured parcels
SHP-00569,coastal,Swift Supply Co,Durable snacks overflow,food-grade dry,Coimbatore,Tuticorin port,681,road,3000,87,91,ambient,36 h,43,backhaul,2026-09-24,2026-09-30,Food-grade dry van,83,39,SLA contract,27.8,9805000,22:00-02:00,46,34,98,53,,anchor-compatible FMCG overflow,Highly compatible with Britannia-style packaged food lanes.,cement|chemicals|wet cargo
SHP-00570,coastal,Swift Distributors,Coffee and cocoa sacks,food-grade dry,Kannur,Tuticorin port,820,sea,3100,192,98,dry,60 h,59,return,2026-09-26,2026-10-02,Dry container with odour guard,86,13,spot market,62.1,12158000,22:00-02:00,55,11,218,87,,bulk food export,Can consolidate with dry food cargo.,cement|chemicals|odour cargo
SHP-00571,coastal,Swift Collective,Frozen bakery inputs,chilled food,Alappuzha,Mumbai,332,road,6100,181,91,chilled,48 h,81,backhaul,2026-09-24,2026-09-27,Reefer truck,78,58,fixed monthly,24.8,9043000,22:00-02:00,44,17,10,35,,temperature-controlled food,Needs temperature-controlled carriage.,ambient dry cargo|cement|chemicals
SHP-00572,coastal,BluePeak Consortium,Durable snacks overflow,food-grade dry,Calicut,Hyderabad,239,road,4600,187,90,ambient,6 d,33,premium,2026-10-19,2026-10-23,Food-grade dry van,92,55,dedicated fleet,30.9,4529000,06:00-10:00,87,35,10,68,,anchor-compatible FMCG overflow,Highly compatible with Britannia-style packaged food lanes.,cement|chemicals|wet cargo
SHP-00573,coastal,Spice Valley Industries,High value samples,secured samples,Alappuzha,Tuticorin port,46,air,35800,134,95,regulated,6 d,42,backhaul,2026-10-07,2026-10-09,Secure air cargo pouch,79,18,spot market,19.3,6200000,14:00-22:00,67,152,237,107,ALA-DEL/BOM gateway,high-value urgent,Needs secure handling and tight handoff control.,bulk cargo|unsecured parcels
SHP-00574,coastal,Spice Valley Export House,High value samples,secured samples,Kochi,Tuticorin port,53,air,23900,154,88,regulated,36 h,78,return,2026-10-22,2026-10-24,Secure air cargo pouch,83,32,fixed monthly,18.0,3605000,10:00-14:00,58,85,195,149,KOC-DEL/BOM gateway,high-value urgent,Needs secure handling and tight handoff control.,bulk cargo|unsecured parcels
SHP-00575,coastal,BluePeak Consortium,Reverse logistics parcels,parcel returns,Coimbatore,Mumbai,255,staging,4800,210,89,ambient,72 h,54,spot,2026-09-23,2026-09-24,Parcel cage vehicle,90,28,SLA contract,30.4,4998000,14:00-22:00,87,40,0,7,,reverse logistics,Works well in staged consolidation waves.,loose food|hazardous
SHP-00576,coastal,National Supply Co,Speciality ginger and citrus,fresh produce,Kottayam,Bengaluru,302,road,6400,72,84,chilled,48 h,44,spot,2026-10-26,2026-10-29,Ventilated reefer truck,87,41,per-tonne contract,25.3,8726000,14:00-22:00,53,23,0,68,,perishable agriculture,Requires food-safe handling and temperature discipline.,cement|chemicals|odour cargo
SHP-00577,coastal,Swift Forwarders,Frozen bakery inputs,chilled food,Calicut,Hyderabad,540,road,6200,26,97,chilled,24 h,26,premium,2026-10-02,2026-10-07,Reefer truck,83,9,dedicated fleet,23.0,14566000,22:00-02:00,63,34,25,50,,temperature-controlled food,Needs temperature-controlled carriage.,ambient dry cargo|cement|chemicals
SHP-00578,coastal,PortLink Export House,Bamboo panels and handicrafts,fragile craft,Kochi,Mumbai,165,staging,5000,162,95,fragile,5 d,68,overflow,2026-09-30,2026-10-02,Padded box truck with staging buffer,87,49,per-trip contract,27.2,2186000,06:00-10:00,52,15,6,15,,fragile regional exports,Needs bracing and should avoid dusty or heavy loads.,cement|heavy machinery|wet cargo
SHP-00579,coastal,PortLink Industries,Reverse logistics parcels,parcel returns,Kochi,Tuticorin port,60,staging,6600,34,98,ambient,48 h,24,spot,2026-10-23,2026-10-24,Parcel cage vehicle,84,37,per-tonne contract,30.0,1412000,10:00-14:00,37,10,55,39,,reverse logistics,Works well in staged consolidation waves.,loose food|hazardous
SHP-00580,coastal,National Logistics,Speciality ginger and citrus,fresh produce,Kannur,Mangaluru,309,road,6700,80,96,chilled,5 d,91,return,2026-09-18,2026-09-23,Ventilated reefer truck,75,21,per-trip contract,23.7,7192000,10:00-14:00,67,36,20,63,,perishable agriculture,Requires food-safe handling and temperature discipline.,cement|chemicals|odour cargo
SHP-00581,coastal,BluePeak Distributors,Regulated pharma samples,regulated pharma,Calicut,Chennai,44,air,24300,94,90,regulated,36 h,26,backhaul,2026-10-20,2026-10-21,Validated secure pharma uplift,78,40,SLA contract,12.3,3535000,14:00-22:00,95,47,110,126,CAL-DEL/BOM gateway,regulated high-value urgent,Needs chain-of-custody and compliance clearance.,food|cement|chemicals|unsecured parcels
SHP-00582,coastal,Riverline Forwarders,Regulated pharma samples,regulated pharma,Kannur,Tuticorin port,32,air,19200,59,89,regulated,60 h,64,contract,2026-10-23,2026-10-24,Validated secure pharma uplift,88,32,fixed monthly,19.2,2441000,10:00-14:00,89,163,116,175,KAN-DEL/BOM gateway,regulated high-value urgent,Needs chain-of-custody and compliance clearance.,food|cement|chemicals|unsecured parcels
SHP-00583,coastal,CraftBridge Distributors,Premium craft consignments,fragile craft,Kottayam,Mumbai,273,staging,7600,42,99,fragile,6 d,45,contract,2026-10-04,2026-10-07,Padded box truck with staging buffer,98,22,per-tonne contract,31.8,5481000,14:00-22:00,88,41,13,64,,premium fragile exports,Needs gentle handling and staging protection.,cement|heavy machinery|wet cargo
SHP-00584,coastal,Greenfield Distributors,Spice cartons,food-grade dry,Alappuzha,Bengaluru,666,road,4900,37,93,ambient,72 h,85,backhaul,2026-10-15,2026-10-19,Food-grade dry van,80,38,per-tonne contract,23.8,11524000,06:00-10:00,42,21,22,45,,ambient food exports,Compatible with packaged food when odour control is maintained.,cement|chemicals|odour cargo
SHP-00585,coastal,Metro Export House,Premium craft consignments,fragile craft,Kottayam,Bengaluru,259,staging,6400,62,98,fragile,60 h,33,overflow,2026-10-28,2026-11-02,Padded box truck with staging buffer,96,41,per-tonne contract,28.9,3747000,22:00-02:00,58,37,6,88,,premium fragile exports,Needs gentle handling and staging protection.,cement|heavy machinery|wet cargo
SHP-00586,coastal,National Foods,Speciality ginger and citrus,fresh produce,Coimbatore,Bengaluru,598,road,6900,107,94,chilled,72 h,76,contract,2026-10-09,2026-10-11,Ventilated reefer truck,73,32,spot market,29.6,13834000,10:00-14:00,69,38,21,30,,perishable agriculture,Requires food-safe handling and temperature discipline.,cement|chemicals|odour cargo
SHP-00587,coastal,National Trade Network,Medical devices,regulated devices,Kochi,Chennai,53,air,14200,70,95,regulated,60 h,71,overflow,2026-10-10,2026-10-11,Secure high-value air cargo,82,15,SLA contract,17.7,1705000,10:00-14:00,76,59,196,249,KOC-DEL/BOM gateway,regulated high-value urgent,Needs secure handling and documented custody.,cement|chemicals|unsealed food
SHP-00588,coastal,BluePeak Forwarders,Coffee and cocoa sacks,food-grade dry,Calicut,Bengaluru,579,sea,2800,208,82,dry,60 h,78,backhaul,2026-10-11,2026-10-12,Dry container with odour guard,87,43,per-tonne contract,57.4,5670000,06:00-10:00,39,11,240,10,,bulk food export,Can consolidate with dry food cargo.,cement|chemicals|odour cargo
SHP-00589,coastal,Bharat Consortium,Bamboo panels and handicrafts,fragile craft,Alappuzha,Hyderabad,51,staging,5700,69,98,fragile,96 h,30,spot,2026-10-02,2026-10-07,Padded box truck with staging buffer,76,19,fixed monthly,34.6,1084000,14:00-22:00,75,43,1,68,,fragile regional exports,Needs bracing and should avoid dusty or heavy loads.,cement|heavy machinery|wet cargo
SHP-00590,coastal,AgroStar Trade Network,Electronics returns,electronics,Kochi,Mumbai,271,staging,7700,162,90,ambient,6 d,44,return,2026-10-30,2026-11-03,Secure parcel truck,78,80,SLA contract,27.3,7891000,06:00-10:00,72,18,22,87,,high-value reverse logistics,"Needs dry, secure movement and claims control.",wet cargo|magnetic cargo|loose food
SHP-00591,coastal,PortLink Collective,Containerised export overflow,container export,Kottayam,Mangaluru,95,sea,3300,43,91,dry,24 h,31,contract,2026-09-26,2026-10-02,Sealed container feeder,87,44,per-tonne contract,62.7,1017000,14:00-22:00,91,40,162,21,,bulk export overflow,Best suited to feeder or port-linked consolidation.,loose perishable|fragile craft
SHP-00592,coastal,RetailLoop Industries,Frozen bakery inputs,chilled food,Coimbatore,Chennai,64,road,7100,170,91,chilled,48 h,43,contract,2026-09-27,2026-10-01,Reefer truck,92,56,fixed monthly,27.4,2051000,14:00-22:00,86,33,33,76,,temperature-controlled food,Needs temperature-controlled carriage.,ambient dry cargo|cement|chemicals
SHP-00593,coastal,RetailLoop Supply Co,Durable snacks overflow,food-grade dry,Kannur,Hyderabad,119,road,3100,115,88,ambient,5 d,45,spot,2026-09-22,2026-09-26,Food-grade dry van,90,24,SLA contract,24.1,1598000,10:00-14:00,35,39,20,18,,anchor-compatible FMCG overflow,Highly compatible with Britannia-style packaged food lanes.,cement|chemicals|wet cargo
SHP-00594,coastal,Eastern Industries,Premium craft consignments,fragile craft,Coimbatore,Chennai,115,staging,5400,217,89,fragile,60 h,26,spot,2026-10-31,2026-11-06,Padded box truck with staging buffer,75,68,per-trip contract,28.5,1639000,22:00-02:00,60,10,33,68,,premium fragile exports,Needs gentle handling and staging protection.,cement|heavy machinery|wet cargo
SHP-00595,coastal,Healthline Industries,Coffee and cocoa sacks,food-grade dry,Kochi,Hyderabad,286,sea,4300,68,96,dry,48 h,97,backhaul,2026-10-31,2026-11-04,Dry container with odour guard,81,32,fixed monthly,54.0,3860000,22:00-02:00,48,35,51,0,,bulk food export,Can consolidate with dry food cargo.,cement|chemicals|odour cargo
SHP-00596,coastal,RetailLoop Logistics,Reverse logistics parcels,parcel returns,Kochi,Chennai,68,staging,5300,28,99,ambient,24 h,28,contract,2026-09-24,2026-09-25,Parcel cage vehicle,85,75,fixed monthly,27.8,1213000,06:00-10:00,46,15,15,62,,reverse logistics,Works well in staged consolidation waves.,loose food|hazardous
SHP-00597,coastal,CraftBridge Export House,Frozen bakery inputs,chilled food,Calicut,Bengaluru,379,road,5900,93,88,chilled,48 h,95,backhaul,2026-09-21,2026-09-22,Reefer truck,73,25,SLA contract,25.4,6061000,06:00-10:00,75,28,0,27,,temperature-controlled food,Needs temperature-controlled carriage.,ambient dry cargo|cement|chemicals
SHP-00598,coastal,RetailLoop Supply Co,Reverse logistics parcels,parcel returns,Kannur,Chennai,239,staging,6600,167,91,ambient,72 h,98,spot,2026-10-24,2026-10-28,Parcel cage vehicle,86,56,SLA contract,28.8,6626000,06:00-10:00,60,43,8,78,,reverse logistics,Works well in staged consolidation waves.,loose food|hazardous
SHP-00599,coastal,PortLink Industries,Coffee and cocoa sacks,food-grade dry,Alappuzha,Tuticorin port,955,sea,3300,138,97,dry,96 h,80,return,2026-10-05,2026-10-09,Dry container with odour guard,78,56,spot market,57.5,15016000,14:00-22:00,35,13,38,65,,bulk food export,Can consolidate with dry food cargo.,cement|chemicals|odour cargo
SHP-00600,coastal,AgroStar Consortium,Spice cartons,food-grade dry,Alappuzha,Mangaluru,131,road,5800,171,92,ambient,96 h,32,backhaul,2026-10-14,2026-10-20,Food-grade dry van,90,32,fixed monthly,26.5,2003000,22:00-02:00,77,30,6,89,,ambient food exports,Compatible with packaged food when odour control is maintained.,cement|chemicals|odour cargo
SHP-00601,north,RetailLoop Industries,Premium craft consignments,fragile craft,Ludhiana,Kanpur,56,staging,5200,157,90,fragile,24 h,32,return,2026-09-24,2026-09-29,Padded box truck with staging buffer,78,45,per-tonne contract,19.9,1209000,22:00-02:00,96,13,6,85,,premium fragile exports,Needs gentle handling and staging protection.,cement|heavy machinery|wet cargo
SHP-00602,north,PortLink Foods,Medical devices,regulated devices,Baddi,Indore,61,air,23200,109,97,regulated,36 h,59,premium,2026-10-23,2026-10-25,Secure high-value air cargo,87,25,SLA contract,17.5,6625000,14:00-22:00,82,112,183,83,BAD-DEL/BOM gateway,regulated high-value urgent,Needs secure handling and documented custody.,cement|chemicals|unsealed food
SHP-00603,north,Greenfield Supply Co,Regulated pharma samples,regulated pharma,Una,Gurugram,7,air,26400,211,90,regulated,12 h,97,backhaul,2026-09-25,2026-09-26,Validated secure pharma uplift,83,62,spot market,14.6,669000,14:00-22:00,86,113,41,326,UNA-DEL/BOM gateway,regulated high-value urgent,Needs chain-of-custody and compliance clearance.,food|cement|chemicals|unsecured parcels
SHP-00604,north,Horizon Collective,Regulated pharma samples,regulated pharma,Amritsar,Indore,54,air,23600,65,93,regulated,72 h,56,overflow,2026-09-16,2026-09-17,Validated secure pharma uplift,90,53,fixed monthly,13.5,2853000,22:00-02:00,80,59,40,234,AMR-DEL/BOM gateway,regulated high-value urgent,Needs chain-of-custody and compliance clearance.,food|cement|chemicals|unsecured parcels
SHP-00605,north,Swift Forwarders,Reverse logistics parcels,parcel returns,Chandigarh,Gurugram,375,staging,5100,180,86,ambient,96 h,46,premium,2026-09-19,2026-09-22,Parcel cage vehicle,88,40,fixed monthly,23.3,8239000,10:00-14:00,68,32,3,28,,reverse logistics,Works well in staged consolidation waves.,loose food|hazardous
SHP-00606,north,Tea Garden Collective,Spice cartons,food-grade dry,Jalandhar,Jaipur,634,road,4100,118,94,ambient,24 h,98,contract,2026-10-28,2026-10-29,Food-grade dry van,85,17,SLA contract,23.4,10772000,22:00-02:00,43,28,25,31,,ambient food exports,Compatible with packaged food when odour control is maintained.,cement|chemicals|odour cargo
SHP-00607,north,Greenfield Industries,Regulated pharma samples,regulated pharma,Una,Delhi NCR,43,air,26800,189,93,regulated,24 h,70,overflow,2026-10-04,2026-10-06,Validated secure pharma uplift,93,32,per-trip contract,12.8,4266000,06:00-10:00,47,150,215,182,UNA-DEL/BOM gateway,regulated high-value urgent,Needs chain-of-custody and compliance clearance.,food|cement|chemicals|unsecured parcels
SHP-00608,north,Summit Export House,Durable snacks overflow,food-grade dry,Jalandhar,Delhi NCR,518,road,4500,18,89,ambient,24 h,40,return,2026-09-16,2026-09-19,Food-grade dry van,85,39,per-tonne contract,19.7,7158000,14:00-22:00,88,36,33,30,,anchor-compatible FMCG overflow,Highly compatible with Britannia-style packaged food lanes.,cement|chemicals|wet cargo
SHP-00609,north,National Distributors,Textile bales,textile dry,Amritsar,Jaipur,172,road,3300,57,91,dry,24 h,79,return,2026-10-12,2026-10-14,Dry van with moisture guard,78,42,per-trip contract,20.8,1797000,10:00-14:00,78,35,34,21,,dry industrial backhaul,Needs dry handling and moisture protection.,wet cargo|chemicals
SHP-00610,north,BluePeak Forwarders,Electronics returns,electronics,Chandigarh,Indore,143,staging,7700,109,88,ambient,96 h,81,contract,2026-10-13,2026-10-17,Secure parcel truck,80,44,per-trip contract,25.1,4815000,06:00-10:00,58,16,20,38,,high-value reverse logistics,"Needs dry, secure movement and claims control.",wet cargo|magnetic cargo|loose food
SHP-00611,north,Bharat Consortium,Premium craft consignments,fragile craft,Una,Lucknow,208,staging,5300,84,95,fragile,6 d,95,spot,2026-10-01,2026-10-02,Padded box truck with staging buffer,87,31,fixed monthly,21.4,2495000,22:00-02:00,52,23,25,18,,premium fragile exports,Needs gentle handling and staging protection.,cement|heavy machinery|wet cargo
SHP-00612,north,Prime Forwarders,High value samples,secured samples,Ludhiana,Delhi NCR,41,air,30600,87,95,regulated,48 h,26,contract,2026-10-12,2026-10-13,Secure air cargo pouch,87,11,fixed monthly,15.7,4915000,10:00-14:00,95,62,195,120,LUD-DEL/BOM gateway,high-value urgent,Needs secure handling and tight handoff control.,bulk cargo|unsecured parcels
SHP-00613,north,Riverline Logistics,Medical devices,regulated devices,Ludhiana,Lucknow,24,air,17500,84,86,regulated,6 d,60,spot,2026-10-13,2026-10-15,Secure high-value air cargo,80,16,SLA contract,15.3,1888000,06:00-10:00,41,77,193,293,LUD-DEL/BOM gateway,regulated high-value urgent,Needs secure handling and documented custody.,cement|chemicals|unsealed food
SHP-00614,north,Riverline Distributors,Electronics returns,electronics,Una,Jaipur,87,staging,7500,107,84,ambient,36 h,26,contract,2026-10-24,2026-10-27,Secure parcel truck,81,26,per-trip contract,24.1,3023000,14:00-22:00,71,33,5,54,,high-value reverse logistics,"Needs dry, secure movement and claims control.",wet cargo|magnetic cargo|loose food
SHP-00615,north,Healthline Industries,Packaged tea cartons,food-grade dry,Una,Gurugram,336,road,4800,157,92,dry,96 h,61,premium,2026-10-15,2026-10-21,Food-grade dry van,90,35,per-tonne contract,19.8,4128000,22:00-02:00,80,24,13,32,,anchor-compatible FMCG backhaul,Can ride with packaged food and dry FMCG cargo.,cement|chemicals|hazardous
SHP-00616,north,Metro Supply Co,Electronics returns,electronics,Jalandhar,Indore,34,staging,5900,131,91,ambient,6 d,51,return,2026-10-24,2026-10-29,Secure parcel truck,75,40,per-trip contract,23.7,750000,22:00-02:00,98,16,28,76,,high-value reverse logistics,"Needs dry, secure movement and claims control.",wet cargo|magnetic cargo|loose food
SHP-00617,north,CraftBridge Consortium,Electronics returns,electronics,Amritsar,Jaipur,66,staging,5300,104,97,ambient,72 h,45,premium,2026-10-06,2026-10-11,Secure parcel truck,97,22,per-tonne contract,22.5,906000,06:00-10:00,76,24,5,58,,high-value reverse logistics,"Needs dry, secure movement and claims control.",wet cargo|magnetic cargo|loose food
SHP-00618,north,AgroStar Logistics,Coffee and cocoa sacks,food-grade dry,Una,Kanpur,729,sea,4300,33,86,dry,60 h,81,backhaul,2026-10-01,2026-10-05,Dry container with odour guard,91,30,dedicated fleet,41.4,14694000,10:00-14:00,51,29,48,9,,bulk food export,Can consolidate with dry food cargo.,cement|chemicals|odour cargo
SHP-00619,north,Summit Foods,Spice cartons,food-grade dry,Chandigarh,Gurugram,638,road,6100,44,83,ambient,6 d,40,backhaul,2026-09-25,2026-09-26,Food-grade dry van,72,66,spot market,20.7,12734000,06:00-10:00,95,28,7,53,,ambient food exports,Compatible with packaged food when odour control is maintained.,cement|chemicals|odour cargo
SHP-00620,north,AgroStar Consortium,Premium craft consignments,fragile craft,Una,Indore,386,staging,6300,127,83,fragile,5 d,27,return,2026-10-01,2026-10-02,Padded box truck with staging buffer,83,52,SLA contract,21.0,5556000,22:00-02:00,61,41,30,68,,premium fragile exports,Needs gentle handling and staging protection.,cement|heavy machinery|wet cargo
SHP-00621,north,PortLink Consortium,Electronics returns,electronics,Jalandhar,Lucknow,45,staging,6800,66,90,ambient,24 h,49,overflow,2026-09-19,2026-09-21,Secure parcel truck,71,43,SLA contract,18.9,787000,10:00-14:00,36,41,18,87,,high-value reverse logistics,"Needs dry, secure movement and claims control.",wet cargo|magnetic cargo|loose food
SHP-00622,north,Riverline Collective,Premium craft consignments,fragile craft,Baddi,Delhi NCR,130,staging,7000,61,82,fragile,6 d,43,contract,2026-09-30,2026-10-05,Padded box truck with staging buffer,90,51,per-tonne contract,21.8,3423000,10:00-14:00,90,29,12,74,,premium fragile exports,Needs gentle handling and staging protection.,cement|heavy machinery|wet cargo
SHP-00623,north,Tea Garden Trade Network,Reverse logistics parcels,parcel returns,Amritsar,Delhi NCR,341,staging,6300,58,97,ambient,5 d,55,return,2026-10-26,2026-11-01,Parcel cage vehicle,74,45,per-tonne contract,24.0,9791000,22:00-02:00,89,32,24,90,,reverse logistics,Works well in staged consolidation waves.,loose food|hazardous
SHP-00624,north,Bharat Consortium,Speciality ginger and citrus,fresh produce,Chandigarh,Delhi NCR,432,road,4500,48,86,chilled,36 h,74,return,2026-10-11,2026-10-16,Ventilated reefer truck,63,30,spot market,18.3,5349000,06:00-10:00,52,26,4,64,,perishable agriculture,Requires food-safe handling and temperature discipline.,cement|chemicals|odour cargo
SHP-00625,north,Spice Valley Distributors,Coffee and cocoa sacks,food-grade dry,Ludhiana,Jaipur,891,sea,4200,28,96,dry,96 h,69,spot,2026-10-06,2026-10-11,Dry container with odour guard,76,40,per-trip contract,42.5,15631000,10:00-14:00,45,36,124,69,,bulk food export,Can consolidate with dry food cargo.,cement|chemicals|odour cargo
SHP-00626,north,AgroStar Collective,Coffee and cocoa sacks,food-grade dry,Ludhiana,Delhi NCR,671,sea,4200,121,92,dry,24 h,28,overflow,2026-10-25,2026-10-28,Dry container with odour guard,85,80,dedicated fleet,42.0,8643000,14:00-22:00,45,26,147,75,,bulk food export,Can consolidate with dry food cargo.,cement|chemicals|odour cargo
SHP-00627,north,Spice Valley Industries,Premium craft consignments,fragile craft,Chandigarh,Lucknow,289,staging,5300,131,85,fragile,24 h,63,contract,2026-10-24,2026-10-25,Padded box truck with staging buffer,90,8,fixed monthly,25.1,4669000,14:00-22:00,41,15,16,73,,premium fragile exports,Needs gentle handling and staging protection.,cement|heavy machinery|wet cargo
SHP-00628,north,Prime Forwarders,Bamboo panels and handicrafts,fragile craft,Chandigarh,Lucknow,105,staging,4400,90,79,fragile,48 h,86,contract,2026-10-19,2026-10-22,Padded box truck with staging buffer,85,35,spot market,21.5,1231000,06:00-10:00,40,38,7,60,,fragile regional exports,Needs bracing and should avoid dusty or heavy loads.,cement|heavy machinery|wet cargo
SHP-00629,north,Tea Garden Trade Network,Spice cartons,food-grade dry,Una,Gurugram,379,road,4400,128,88,ambient,48 h,35,backhaul,2026-09-23,2026-09-26,Food-grade dry van,89,29,per-tonne contract,21.7,3837000,06:00-10:00,37,21,11,85,,ambient food exports,Compatible with packaged food when odour control is maintained.,cement|chemicals|odour cargo
SHP-00630,north,CraftBridge Forwarders,Packaged tea cartons,food-grade dry,Una,Kanpur,69,road,3600,121,89,dry,6 d,74,premium,2026-09-16,2026-09-17,Food-grade dry van,87,14,per-tonne contract,20.7,578000,22:00-02:00,74,33,11,81,,anchor-compatible FMCG backhaul,Can ride with packaged food and dry FMCG cargo.,cement|chemicals|hazardous
SHP-00631,north,Summit Export House,Coffee and cocoa sacks,food-grade dry,Baddi,Kanpur,228,sea,3700,81,85,dry,48 h,45,overflow,2026-10-26,2026-11-01,Dry container with odour guard,88,11,per-tonne contract,47.1,3139000,22:00-02:00,59,13,202,15,,bulk food export,Can consolidate with dry food cargo.,cement|chemicals|odour cargo
SHP-00632,north,Bharat Collective,Frozen bakery inputs,chilled food,Baddi,Kanpur,410,road,9100,101,99,chilled,72 h,91,premium,2026-10-26,2026-10-28,Reefer truck,80,45,per-tonne contract,21.9,12470000,22:00-02:00,75,26,4,0,,temperature-controlled food,Needs temperature-controlled carriage.,ambient dry cargo|cement|chemicals
SHP-00633,north,Horizon Logistics,Durable snacks overflow,food-grade dry,Chandigarh,Lucknow,200,road,3400,216,86,ambient,48 h,56,overflow,2026-10-11,2026-10-15,Food-grade dry van,81,38,fixed monthly,25.8,1794000,22:00-02:00,41,33,2,42,,anchor-compatible FMCG overflow,Highly compatible with Britannia-style packaged food lanes.,cement|chemicals|wet cargo
SHP-00634,north,National Industries,Bamboo panels and handicrafts,fragile craft,Baddi,Jaipur,231,staging,5000,57,94,fragile,24 h,63,premium,2026-09-22,2026-09-26,Padded box truck with staging buffer,85,7,dedicated fleet,23.7,3365000,22:00-02:00,91,43,20,78,,fragile regional exports,Needs bracing and should avoid dusty or heavy loads.,cement|heavy machinery|wet cargo
SHP-00635,north,BluePeak Industries,Regulated pharma samples,regulated pharma,Ludhiana,Delhi NCR,46,air,27100,63,98,regulated,12 h,87,contract,2026-10-01,2026-10-03,Validated secure pharma uplift,93,10,per-tonne contract,12.1,4919000,14:00-22:00,45,52,185,68,LUD-DEL/BOM gateway,regulated high-value urgent,Needs chain-of-custody and compliance clearance.,food|cement|chemicals|unsecured parcels
SHP-00636,north,CraftBridge Foods,Containerised export overflow,container export,Amritsar,Kanpur,914,sea,2800,102,83,dry,6 d,54,overflow,2026-10-25,2026-10-31,Sealed container feeder,90,49,per-tonne contract,40.9,9899000,10:00-14:00,91,15,209,35,,bulk export overflow,Best suited to feeder or port-linked consolidation.,loose perishable|fragile craft
SHP-00637,north,PortLink Collective,High value samples,secured samples,Chandigarh,Indore,11,air,36500,73,82,regulated,60 h,68,return,2026-09-24,2026-09-25,Secure air cargo pouch,72,25,spot market,16.7,1120000,14:00-22:00,59,156,160,329,CHA-DEL/BOM gateway,high-value urgent,Needs secure handling and tight handoff control.,bulk cargo|unsecured parcels
SHP-00638,north,CraftBridge Forwarders,Speciality ginger and citrus,fresh produce,Baddi,Delhi NCR,83,road,7500,154,85,chilled,36 h,73,return,2026-09-22,2026-09-23,Ventilated reefer truck,74,18,spot market,20.6,1771000,06:00-10:00,59,13,22,65,,perishable agriculture,Requires food-safe handling and temperature discipline.,cement|chemicals|odour cargo
SHP-00639,north,Tea Garden Export House,Bamboo panels and handicrafts,fragile craft,Una,Indore,172,staging,5900,61,84,fragile,5 d,27,backhaul,2026-10-31,2026-11-06,Padded box truck with staging buffer,74,49,spot market,24.1,2854000,06:00-10:00,39,26,15,11,,fragile regional exports,Needs bracing and should avoid dusty or heavy loads.,cement|heavy machinery|wet cargo
SHP-00640,north,Spice Valley Collective,Packaged tea cartons,food-grade dry,Jalandhar,Gurugram,709,road,4600,69,84,dry,24 h,80,overflow,2026-10-07,2026-10-09,Food-grade dry van,80,33,spot market,19.7,11532000,22:00-02:00,59,25,12,88,,anchor-compatible FMCG backhaul,Can ride with packaged food and dry FMCG cargo.,cement|chemicals|hazardous
SHP-00641,north,Bharat Trade Network,Containerised export overflow,container export,Amritsar,Jaipur,555,sea,4200,198,94,dry,36 h,63,overflow,2026-09-27,2026-09-28,Sealed container feeder,99,15,per-tonne contract,44.4,6625000,10:00-14:00,90,10,74,56,,bulk export overflow,Best suited to feeder or port-linked consolidation.,loose perishable|fragile craft
SHP-00642,north,CraftBridge Logistics,Coffee and cocoa sacks,food-grade dry,Jalandhar,Delhi NCR,581,sea,4000,217,89,dry,6 d,35,contract,2026-10-03,2026-10-09,Dry container with odour guard,80,47,dedicated fleet,41.0,6081000,14:00-22:00,57,11,91,59,,bulk food export,Can consolidate with dry food cargo.,cement|chemicals|odour cargo
SHP-00643,north,Tea Garden Foods,Speciality ginger and citrus,fresh produce,Baddi,Lucknow,720,road,5700,90,90,chilled,5 d,68,contract,2026-10-08,2026-10-11,Ventilated reefer truck,89,21,SLA contract,17.6,14972000,14:00-22:00,60,41,18,45,,perishable agriculture,Requires food-safe handling and temperature discipline.,cement|chemicals|odour cargo
SHP-00644,north,Prime Export House,Medical devices,regulated devices,Jalandhar,Kanpur,62,air,24300,63,81,regulated,12 h,88,premium,2026-10-07,2026-10-08,Secure high-value air cargo,96,7,SLA contract,16.9,4047000,22:00-02:00,62,87,175,191,JAL-DEL/BOM gateway,regulated high-value urgent,Needs secure handling and documented custody.,cement|chemicals|unsealed food
SHP-00645,north,Metro Supply Co,Bamboo panels and handicrafts,fragile craft,Una,Jaipur,55,staging,4200,79,91,fragile,48 h,72,contract,2026-10-01,2026-10-07,Padded box truck with staging buffer,87,50,per-trip contract,23.5,622000,06:00-10:00,69,39,15,68,,fragile regional exports,Needs bracing and should avoid dusty or heavy loads.,cement|heavy machinery|wet cargo
SHP-00646,north,Bharat Foods,Textile bales,textile dry,Chandigarh,Jaipur,295,road,4600,125,95,dry,96 h,63,premium,2026-10-11,2026-10-13,Dry van with moisture guard,91,24,SLA contract,23.7,4609000,22:00-02:00,37,28,27,23,,dry industrial backhaul,Needs dry handling and moisture protection.,wet cargo|chemicals
SHP-00647,north,Greenfield Industries,Durable snacks overflow,food-grade dry,Chandigarh,Delhi NCR,268,road,4200,191,90,ambient,72 h,97,contract,2026-10-08,2026-10-12,Food-grade dry van,75,27,spot market,21.5,4841000,06:00-10:00,85,40,8,73,,anchor-compatible FMCG overflow,Highly compatible with Britannia-style packaged food lanes.,cement|chemicals|wet cargo
SHP-00648,north,Greenfield Forwarders,Coffee and cocoa sacks,food-grade dry,Jalandhar,Delhi NCR,527,sea,3600,44,87,dry,72 h,97,contract,2026-10-14,2026-10-15,Dry container with odour guard,83,13,fixed monthly,45.3,6394000,06:00-10:00,97,19,173,43,,bulk food export,Can consolidate with dry food cargo.,cement|chemicals|odour cargo
SHP-00649,north,National Logistics,Regulated pharma samples,regulated pharma,Una,Jaipur,45,air,30200,192,85,regulated,96 h,71,overflow,2026-10-31,2026-11-01,Validated secure pharma uplift,88,6,per-tonne contract,11.0,5893000,10:00-14:00,94,152,112,103,UNA-DEL/BOM gateway,regulated high-value urgent,Needs chain-of-custody and compliance clearance.,food|cement|chemicals|unsecured parcels
SHP-00650,north,BluePeak Industries,Frozen bakery inputs,chilled food,Amritsar,Indore,199,road,6000,158,99,chilled,72 h,58,premium,2026-09-28,2026-09-30,Reefer truck,84,16,per-trip contract,23.0,3068000,14:00-22:00,81,36,20,26,,temperature-controlled food,Needs temperature-controlled carriage.,ambient dry cargo|cement|chemicals
SHP-00651,north,Tea Garden Distributors,Electronics returns,electronics,Chandigarh,Jaipur,281,staging,7600,127,86,ambient,48 h,89,spot,2026-10-18,2026-10-20,Secure parcel truck,83,18,SLA contract,21.6,6059000,14:00-22:00,58,41,6,29,,high-value reverse logistics,"Needs dry, secure movement and claims control.",wet cargo|magnetic cargo|loose food
SHP-00652,north,Horizon Distributors,Reverse logistics parcels,parcel returns,Chandigarh,Lucknow,73,staging,5600,217,91,ambient,6 d,73,overflow,2026-10-31,2026-11-06,Parcel cage vehicle,88,22,per-tonne contract,19.9,1609000,06:00-10:00,42,45,33,23,,reverse logistics,Works well in staged consolidation waves.,loose food|hazardous
SHP-00653,north,CraftBridge Foods,Reverse logistics parcels,parcel returns,Jalandhar,Jaipur,378,staging,4800,72,97,ambient,6 d,49,contract,2026-10-19,2026-10-22,Parcel cage vehicle,86,37,dedicated fleet,22.9,5394000,06:00-10:00,83,20,20,72,,reverse logistics,Works well in staged consolidation waves.,loose food|hazardous
SHP-00654,north,Bharat Consortium,Durable snacks overflow,food-grade dry,Una,Indore,704,road,3000,68,89,ambient,6 d,53,return,2026-09-24,2026-09-27,Food-grade dry van,88,54,per-tonne contract,18.9,9908000,14:00-22:00,48,40,33,49,,anchor-compatible FMCG overflow,Highly compatible with Britannia-style packaged food lanes.,cement|chemicals|wet cargo
SHP-00655,north,BluePeak Trade Network,Speciality ginger and citrus,fresh produce,Baddi,Gurugram,572,road,6200,93,91,chilled,48 h,66,spot,2026-09-22,2026-09-28,Ventilated reefer truck,72,76,SLA contract,16.9,11469000,22:00-02:00,70,11,30,73,,perishable agriculture,Requires food-safe handling and temperature discipline.,cement|chemicals|odour cargo
SHP-00656,north,Eastern Consortium,Containerised export overflow,container export,Ludhiana,Delhi NCR,690,sea,2700,81,89,dry,24 h,91,premium,2026-10-24,2026-10-25,Sealed container feeder,90,16,per-tonne contract,45.9,5659000,14:00-22:00,81,38,192,80,,bulk export overflow,Best suited to feeder or port-linked consolidation.,loose perishable|fragile craft
SHP-00657,north,Horizon Industries,Durable snacks overflow,food-grade dry,Chandigarh,Indore,672,road,4400,182,89,ambient,60 h,39,overflow,2026-10-22,2026-10-24,Food-grade dry van,82,88,per-tonne contract,25.2,11963000,06:00-10:00,73,16,8,12,,anchor-compatible FMCG overflow,Highly compatible with Britannia-style packaged food lanes.,cement|chemicals|wet cargo
SHP-00658,north,Prime Export House,Textile bales,textile dry,Ludhiana,Jaipur,389,road,4800,70,95,dry,72 h,59,return,2026-09-29,2026-10-03,Dry van with moisture guard,83,35,per-trip contract,20.1,7023000,14:00-22:00,91,24,25,63,,dry industrial backhaul,Needs dry handling and moisture protection.,wet cargo|chemicals
SHP-00659,north,Summit Supply Co,Durable snacks overflow,food-grade dry,Baddi,Delhi NCR,411,road,4400,128,95,ambient,96 h,97,backhaul,2026-09-30,2026-10-06,Food-grade dry van,74,33,per-trip contract,19.0,6123000,06:00-10:00,57,19,21,32,,anchor-compatible FMCG overflow,Highly compatible with Britannia-style packaged food lanes.,cement|chemicals|wet cargo
SHP-00660,north,CraftBridge Collective,Frozen bakery inputs,chilled food,Baddi,Lucknow,73,road,9000,73,85,chilled,60 h,46,backhaul,2026-10-20,2026-10-22,Reefer truck,77,41,spot market,20.4,2308000,14:00-22:00,95,38,22,44,,temperature-controlled food,Needs temperature-controlled carriage.,ambient dry cargo|cement|chemicals
SHP-00661,north,Bharat Industries,Reverse logistics parcels,parcel returns,Chandigarh,Gurugram,191,staging,4800,68,92,ambient,36 h,68,return,2026-09-28,2026-10-03,Parcel cage vehicle,74,53,fixed monthly,23.0,2363000,14:00-22:00,63,22,21,73,,reverse logistics,Works well in staged consolidation waves.,loose food|hazardous
SHP-00662,north,Horizon Trade Network,Regulated pharma samples,regulated pharma,Chandigarh,Indore,24,air,22400,78,89,regulated,60 h,24,premium,2026-09-19,2026-09-21,Validated secure pharma uplift,67,20,spot market,12.1,2268000,10:00-14:00,55,67,30,137,CHA-DEL/BOM gateway,regulated high-value urgent,Needs chain-of-custody and compliance clearance.,food|cement|chemicals|unsecured parcels
SHP-00663,north,Horizon Distributors,Durable snacks overflow,food-grade dry,Chandigarh,Jaipur,694,road,4300,211,85,ambient,36 h,90,premium,2026-10-29,2026-11-04,Food-grade dry van,76,83,dedicated fleet,20.5,8164000,10:00-14:00,79,45,1,6,,anchor-compatible FMCG overflow,Highly compatible with Britannia-style packaged food lanes.,cement|chemicals|wet cargo
SHP-00664,north,Healthline Supply Co,Medical devices,regulated devices,Chandigarh,Lucknow,58,air,25600,74,91,regulated,24 h,57,premium,2026-10-27,2026-10-29,Secure high-value air cargo,73,51,fixed monthly,12.5,5458000,22:00-02:00,43,180,135,236,CHA-DEL/BOM gateway,regulated high-value urgent,Needs secure handling and documented custody.,cement|chemicals|unsealed food
SHP-00665,north,RetailLoop Forwarders,Durable snacks overflow,food-grade dry,Jalandhar,Kanpur,374,road,3800,151,88,ambient,24 h,38,overflow,2026-10-03,2026-10-09,Food-grade dry van,73,63,spot market,21.5,4248000,06:00-10:00,38,34,35,83,,anchor-compatible FMCG overflow,Highly compatible with Britannia-style packaged food lanes.,cement|chemicals|wet cargo
SHP-00666,north,CraftBridge Foods,Durable snacks overflow,food-grade dry,Una,Delhi NCR,282,road,4600,116,92,ambient,60 h,28,overflow,2026-10-30,2026-11-05,Food-grade dry van,90,23,per-trip contract,18.9,3181000,06:00-10:00,94,25,5,11,,anchor-compatible FMCG overflow,Highly compatible with Britannia-style packaged food lanes.,cement|chemicals|wet cargo
SHP-00667,north,Swift Industries,High value samples,secured samples,Ludhiana,Jaipur,16,air,28000,25,96,regulated,6 d,67,overflow,2026-10-16,2026-10-18,Secure air cargo pouch,90,13,fixed monthly,20.3,1482000,06:00-10:00,41,102,189,315,LUD-DEL/BOM gateway,high-value urgent,Needs secure handling and tight handoff control.,bulk cargo|unsecured parcels
SHP-00668,north,CraftBridge Distributors,Regulated pharma samples,regulated pharma,Ludhiana,Lucknow,48,air,25800,117,88,regulated,6 d,68,contract,2026-10-25,2026-10-26,Validated secure pharma uplift,81,80,dedicated fleet,10.5,4530000,10:00-14:00,50,124,72,99,LUD-DEL/BOM gateway,regulated high-value urgent,Needs chain-of-custody and compliance clearance.,food|cement|chemicals|unsecured parcels
SHP-00669,north,Spice Valley Supply Co,High value samples,secured samples,Baddi,Gurugram,21,air,22900,107,89,regulated,12 h,92,return,2026-10-26,2026-10-28,Secure air cargo pouch,74,21,per-tonne contract,13.4,1378000,10:00-14:00,90,170,239,71,BAD-DEL/BOM gateway,high-value urgent,Needs secure handling and tight handoff control.,bulk cargo|unsecured parcels
SHP-00670,north,Metro Consortium,Textile bales,textile dry,Jalandhar,Gurugram,710,road,4200,133,85,dry,72 h,47,premium,2026-10-30,2026-11-05,Dry van with moisture guard,74,49,SLA contract,18.2,10569000,14:00-22:00,45,23,35,26,,dry industrial backhaul,Needs dry handling and moisture protection.,wet cargo|chemicals
SHP-00671,north,BluePeak Export House,Coffee and cocoa sacks,food-grade dry,Una,Gurugram,1173,sea,2800,81,92,dry,96 h,86,backhaul,2026-10-06,2026-10-10,Dry container with odour guard,94,37,fixed monthly,46.7,14934000,10:00-14:00,79,30,135,55,,bulk food export,Can consolidate with dry food cargo.,cement|chemicals|odour cargo
SHP-00672,north,BluePeak Foods,Speciality ginger and citrus,fresh produce,Jalandhar,Jaipur,333,road,6900,127,83,chilled,96 h,27,return,2026-10-22,2026-10-25,Ventilated reefer truck,75,38,per-trip contract,21.6,6549000,10:00-14:00,85,37,33,60,,perishable agriculture,Requires food-safe handling and temperature discipline.,cement|chemicals|odour cargo
SHP-00673,north,Swift Consortium,Reverse logistics parcels,parcel returns,Amritsar,Lucknow,170,staging,5400,167,92,ambient,24 h,55,return,2026-10-04,2026-10-09,Parcel cage vehicle,84,75,per-tonne contract,26.1,3578000,10:00-14:00,98,16,10,15,,reverse logistics,Works well in staged consolidation waves.,loose food|hazardous
SHP-00674,north,Prime Export House,Electronics returns,electronics,Jalandhar,Gurugram,215,staging,5200,94,93,ambient,36 h,47,spot,2026-09-18,2026-09-22,Secure parcel truck,89,25,fixed monthly,20.0,3435000,06:00-10:00,61,30,23,39,,high-value reverse logistics,"Needs dry, secure movement and claims control.",wet cargo|magnetic cargo|loose food
SHP-00675,north,Riverline Supply Co,Premium craft consignments,fragile craft,Jalandhar,Gurugram,314,staging,6700,114,89,fragile,5 d,47,premium,2026-09-29,2026-10-04,Padded box truck with staging buffer,85,4,spot market,23.6,7481000,06:00-10:00,86,41,7,66,,premium fragile exports,Needs gentle handling and staging protection.,cement|heavy machinery|wet cargo
SHP-00676,north,Swift Forwarders,Packaged tea cartons,food-grade dry,Jalandhar,Indore,79,road,5400,83,94,dry,6 d,59,spot,2026-10-23,2026-10-27,Food-grade dry van,79,21,dedicated fleet,22.1,974000,14:00-22:00,50,24,23,76,,anchor-compatible FMCG backhaul,Can ride with packaged food and dry FMCG cargo.,cement|chemicals|hazardous
SHP-00677,north,Tea Garden Foods,Spice cartons,food-grade dry,Chandigarh,Jaipur,712,road,4600,83,86,ambient,48 h,92,contract,2026-10-26,2026-10-30,Food-grade dry van,77,26,fixed monthly,15.8,9564000,22:00-02:00,39,31,6,85,,ambient food exports,Compatible with packaged food when odour control is maintained.,cement|chemicals|odour cargo
SHP-00678,north,Bharat Foods,Coffee and cocoa sacks,food-grade dry,Baddi,Jaipur,194,sea,3200,136,88,dry,48 h,80,contract,2026-10-08,2026-10-09,Dry container with odour guard,84,16,SLA contract,40.4,2264000,06:00-10:00,47,27,50,89,,bulk food export,Can consolidate with dry food cargo.,cement|chemicals|odour cargo
SHP-00679,north,Riverline Export House,Coffee and cocoa sacks,food-grade dry,Ludhiana,Gurugram,1102,sea,3500,143,93,dry,96 h,61,return,2026-10-19,2026-10-23,Dry container with odour guard,82,66,per-tonne contract,42.5,10016000,10:00-14:00,65,43,221,69,,bulk food export,Can consolidate with dry food cargo.,cement|chemicals|odour cargo
SHP-00680,north,Riverline Supply Co,Medical devices,regulated devices,Baddi,Jaipur,20,air,24100,174,84,regulated,96 h,44,return,2026-10-16,2026-10-17,Secure high-value air cargo,83,44,per-tonne contract,14.5,1686000,14:00-22:00,84,129,158,254,BAD-DEL/BOM gateway,regulated high-value urgent,Needs secure handling and documented custody.,cement|chemicals|unsealed food
SHP-00681,north,AgroStar Distributors,Textile bales,textile dry,Baddi,Lucknow,589,road,4900,96,83,dry,36 h,67,premium,2026-10-05,2026-10-09,Dry van with moisture guard,91,73,per-tonne contract,19.7,6993000,22:00-02:00,70,32,8,62,,dry industrial backhaul,Needs dry handling and moisture protection.,wet cargo|chemicals
SHP-00682,north,BluePeak Supply Co,Textile bales,textile dry,Jalandhar,Indore,601,road,3800,115,88,dry,5 d,93,premium,2026-10-14,2026-10-18,Dry van with moisture guard,81,37,dedicated fleet,18.5,9518000,14:00-22:00,61,33,20,40,,dry industrial backhaul,Needs dry handling and moisture protection.,wet cargo|chemicals
SHP-00683,north,AgroStar Trade Network,Electronics returns,electronics,Una,Indore,186,staging,5200,99,89,ambient,48 h,48,return,2026-10-11,2026-10-17,Secure parcel truck,93,13,per-tonne contract,26.7,4187000,22:00-02:00,48,22,13,31,,high-value reverse logistics,"Needs dry, secure movement and claims control.",wet cargo|magnetic cargo|loose food
SHP-00684,north,PortLink Distributors,Containerised export overflow,container export,Ludhiana,Jaipur,852,sea,3300,151,86,dry,6 d,87,premium,2026-10-14,2026-10-19,Sealed container feeder,79,16,fixed monthly,38.8,9967000,14:00-22:00,75,18,104,60,,bulk export overflow,Best suited to feeder or port-linked consolidation.,loose perishable|fragile craft
SHP-00685,north,RetailLoop Supply Co,Textile bales,textile dry,Baddi,Indore,383,road,5000,90,86,dry,96 h,69,spot,2026-09-21,2026-09-26,Dry van with moisture guard,78,24,spot market,17.0,4420000,22:00-02:00,75,37,19,26,,dry industrial backhaul,Needs dry handling and moisture protection.,wet cargo|chemicals
SHP-00686,north,PortLink Collective,Speciality ginger and citrus,fresh produce,Amritsar,Delhi NCR,615,road,5200,159,95,chilled,96 h,91,contract,2026-10-27,2026-10-31,Ventilated reefer truck,90,80,fixed monthly,23.1,11667000,06:00-10:00,39,23,6,55,,perishable agriculture,Requires food-safe handling and temperature discipline.,cement|chemicals|odour cargo
SHP-00687,north,Tea Garden Collective,Regulated pharma samples,regulated pharma,Una,Jaipur,4,air,26700,31,99,regulated,72 h,56,premium,2026-09-18,2026-09-19,Validated secure pharma uplift,89,54,per-trip contract,16.6,314000,06:00-10:00,81,143,89,144,UNA-DEL/BOM gateway,regulated high-value urgent,Needs chain-of-custody and compliance clearance.,food|cement|chemicals|unsecured parcels
SHP-00688,north,Summit Logistics,Reverse logistics parcels,parcel returns,Amritsar,Indore,262,staging,6900,53,85,ambient,48 h,34,premium,2026-10-18,2026-10-23,Parcel cage vehicle,86,28,SLA contract,23.6,5631000,10:00-14:00,52,27,14,69,,reverse logistics,Works well in staged consolidation waves.,loose food|hazardous
SHP-00689,north,Summit Foods,Spice cartons,food-grade dry,Ludhiana,Jaipur,265,road,4100,109,97,ambient,72 h,73,spot,2026-09-28,2026-10-01,Food-grade dry van,77,32,dedicated fleet,17.5,4980000,14:00-22:00,41,40,9,75,,ambient food exports,Compatible with packaged food when odour control is maintained.,cement|chemicals|odour cargo
SHP-00690,north,Prime Consortium,Durable snacks overflow,food-grade dry,Ludhiana,Indore,334,road,3100,73,86,ambient,72 h,96,return,2026-10-05,2026-10-09,Food-grade dry van,79,40,per-tonne contract,20.6,3784000,06:00-10:00,40,18,16,84,,anchor-compatible FMCG overflow,Highly compatible with Britannia-style packaged food lanes.,cement|chemicals|wet cargo
SHP-00691,north,CraftBridge Supply Co,Electronics returns,electronics,Una,Jaipur,190,staging,8200,85,84,ambient,60 h,89,overflow,2026-10-09,2026-10-15,Secure parcel truck,91,14,per-tonne contract,26.4,4977000,22:00-02:00,69,11,32,36,,high-value reverse logistics,"Needs dry, secure movement and claims control.",wet cargo|magnetic cargo|loose food
SHP-00692,north,Tea Garden Forwarders,Bamboo panels and handicrafts,fragile craft,Chandigarh,Delhi NCR,372,staging,6900,191,88,fragile,6 d,49,return,2026-10-09,2026-10-12,Padded box truck with staging buffer,66,33,per-trip contract,22.7,11105000,06:00-10:00,35,22,5,61,,fragile regional exports,Needs bracing and should avoid dusty or heavy loads.,cement|heavy machinery|wet cargo
SHP-00693,north,Prime Industries,Regulated pharma samples,regulated pharma,Ludhiana,Jaipur,23,air,29400,197,90,regulated,72 h,27,overflow,2026-09-18,2026-09-20,Validated secure pharma uplift,73,20,spot market,17.3,3199000,22:00-02:00,80,151,182,127,LUD-DEL/BOM gateway,regulated high-value urgent,Needs chain-of-custody and compliance clearance.,food|cement|chemicals|unsecured parcels
SHP-00694,north,Greenfield Supply Co,Frozen bakery inputs,chilled food,Una,Delhi NCR,567,road,7600,95,90,chilled,5 d,79,overflow,2026-10-06,2026-10-10,Reefer truck,89,74,fixed monthly,17.9,13772000,10:00-14:00,86,27,11,31,,temperature-controlled food,Needs temperature-controlled carriage.,ambient dry cargo|cement|chemicals
SHP-00695,north,Spice Valley Trade Network,Containerised export overflow,container export,Chandigarh,Lucknow,449,sea,3400,95,99,dry,5 d,52,contract,2026-10-09,2026-10-10,Sealed container feeder,94,52,dedicated fleet,38.3,3646000,10:00-14:00,46,44,56,49,,bulk export overflow,Best suited to feeder or port-linked consolidation.,loose perishable|fragile craft
SHP-00696,north,Tea Garden Distributors,Packaged tea cartons,food-grade dry,Ludhiana,Kanpur,82,road,3900,62,87,dry,36 h,25,premium,2026-09-18,2026-09-20,Food-grade dry van,84,50,SLA contract,22.5,765000,10:00-14:00,47,36,35,46,,anchor-compatible FMCG backhaul,Can ride with packaged food and dry FMCG cargo.,cement|chemicals|hazardous
SHP-00697,north,Riverline Industries,Containerised export overflow,container export,Una,Jaipur,96,sea,3700,24,89,dry,5 d,88,overflow,2026-09-17,2026-09-23,Sealed container feeder,82,3,per-trip contract,39.7,1651000,14:00-22:00,68,26,84,83,,bulk export overflow,Best suited to feeder or port-linked consolidation.,loose perishable|fragile craft
SHP-00698,north,National Trade Network,Durable snacks overflow,food-grade dry,Amritsar,Jaipur,715,road,4700,150,97,ambient,36 h,91,contract,2026-10-30,2026-11-04,Food-grade dry van,96,36,spot market,19.1,12663000,10:00-14:00,54,24,19,21,,anchor-compatible FMCG overflow,Highly compatible with Britannia-style packaged food lanes.,cement|chemicals|wet cargo
SHP-00699,north,Horizon Forwarders,Electronics returns,electronics,Una,Indore,338,staging,6000,42,96,ambient,96 h,94,backhaul,2026-09-19,2026-09-22,Secure parcel truck,80,18,spot market,26.7,5246000,10:00-14:00,62,34,5,77,,high-value reverse logistics,"Needs dry, secure movement and claims control.",wet cargo|magnetic cargo|loose food
SHP-00700,north,Horizon Logistics,Spice cartons,food-grade dry,Una,Kanpur,170,road,3900,97,75,ambient,24 h,36,overflow,2026-09-21,2026-09-27,Food-grade dry van,73,19,SLA contract,22.8,1753000,14:00-22:00,39,25,12,53,,ambient food exports,Compatible with packaged food when odour control is maintained.,cement|chemicals|odour cargo
SHP-00701,north,AgroStar Collective,Premium craft consignments,fragile craft,Chandigarh,Kanpur,306,staging,8200,159,91,fragile,36 h,73,contract,2026-10-20,2026-10-22,Padded box truck with staging buffer,86,31,per-trip contract,22.8,9991000,06:00-10:00,41,34,33,87,,premium fragile exports,Needs gentle handling and staging protection.,cement|heavy machinery|wet cargo
SHP-00702,north,Horizon Supply Co,Frozen bakery inputs,chilled food,Jalandhar,Lucknow,273,road,5700,71,95,chilled,72 h,81,backhaul,2026-10-25,2026-10-26,Reefer truck,79,21,per-trip contract,16.4,4293000,10:00-14:00,94,19,12,62,,temperature-controlled food,Needs temperature-controlled carriage.,ambient dry cargo|cement|chemicals
SHP-00703,north,Eastern Export House,Medical devices,regulated devices,Amritsar,Jaipur,9,air,14000,85,86,regulated,96 h,63,spot,2026-10-16,2026-10-17,Secure high-value air cargo,85,38,fixed monthly,20.1,383000,22:00-02:00,75,128,133,274,AMR-DEL/BOM gateway,regulated high-value urgent,Needs secure handling and documented custody.,cement|chemicals|unsealed food
SHP-00704,north,Spice Valley Consortium,Frozen bakery inputs,chilled food,Una,Indore,714,road,9100,186,89,chilled,60 h,58,return,2026-10-18,2026-10-22,Reefer truck,73,48,dedicated fleet,20.9,27027000,22:00-02:00,86,38,10,15,,temperature-controlled food,Needs temperature-controlled carriage.,ambient dry cargo|cement|chemicals
SHP-00705,north,PortLink Supply Co,Textile bales,textile dry,Una,Kanpur,292,road,3600,74,84,dry,5 d,58,backhaul,2026-10-06,2026-10-11,Dry van with moisture guard,89,43,dedicated fleet,17.9,3033000,14:00-22:00,69,33,4,34,,dry industrial backhaul,Needs dry handling and moisture protection.,wet cargo|chemicals
SHP-00706,north,PortLink Logistics,Durable snacks overflow,food-grade dry,Ludhiana,Kanpur,666,road,3700,123,93,ambient,96 h,39,spot,2026-10-23,2026-10-27,Food-grade dry van,79,35,spot market,20.0,7114000,22:00-02:00,65,19,33,45,,anchor-compatible FMCG overflow,Highly compatible with Britannia-style packaged food lanes.,cement|chemicals|wet cargo
SHP-00707,north,Eastern Foods,High value samples,secured samples,Baddi,Indore,5,air,26300,145,83,regulated,72 h,35,overflow,2026-10-13,2026-10-14,Secure air cargo pouch,77,26,per-trip contract,18.9,481000,10:00-14:00,52,126,202,307,BAD-DEL/BOM gateway,high-value urgent,Needs secure handling and tight handoff control.,bulk cargo|unsecured parcels
SHP-00708,north,Eastern Logistics,Bamboo panels and handicrafts,fragile craft,Baddi,Jaipur,86,staging,4600,78,95,fragile,6 d,64,overflow,2026-10-02,2026-10-08,Padded box truck with staging buffer,83,12,per-trip contract,24.0,1575000,22:00-02:00,72,32,27,88,,fragile regional exports,Needs bracing and should avoid dusty or heavy loads.,cement|heavy machinery|wet cargo
SHP-00709,north,Healthline Industries,Packaged tea cartons,food-grade dry,Jalandhar,Kanpur,411,road,5200,65,92,dry,5 d,67,spot,2026-09-23,2026-09-25,Food-grade dry van,78,57,fixed monthly,19.1,7789000,06:00-10:00,37,26,3,39,,anchor-compatible FMCG backhaul,Can ride with packaged food and dry FMCG cargo.,cement|chemicals|hazardous
SHP-00710,north,Metro Consortium,Regulated pharma samples,regulated pharma,Chandigarh,Indore,21,air,13800,129,88,regulated,5 d,54,return,2026-10-15,2026-10-17,Validated secure pharma uplift,86,85,per-trip contract,13.7,937000,14:00-22:00,67,176,91,237,CHA-DEL/BOM gateway,regulated high-value urgent,Needs chain-of-custody and compliance clearance.,food|cement|chemicals|unsecured parcels
SHP-00711,north,Spice Valley Consortium,Premium craft consignments,fragile craft,Ludhiana,Kanpur,303,staging,7100,158,97,fragile,5 d,67,overflow,2026-10-15,2026-10-21,Padded box truck with staging buffer,84,21,per-trip contract,26.1,10293000,22:00-02:00,96,13,5,10,,premium fragile exports,Needs gentle handling and staging protection.,cement|heavy machinery|wet cargo
SHP-00712,north,Greenfield Industries,Speciality ginger and citrus,fresh produce,Baddi,Delhi NCR,149,road,6400,63,82,chilled,60 h,28,backhaul,2026-10-06,2026-10-11,Ventilated reefer truck,80,47,SLA contract,15.6,2527000,06:00-10:00,72,12,2,24,,perishable agriculture,Requires food-safe handling and temperature discipline.,cement|chemicals|odour cargo
SHP-00713,north,Healthline Industries,Frozen bakery inputs,chilled food,Baddi,Gurugram,58,road,5700,216,91,chilled,60 h,37,contract,2026-09-29,2026-09-30,Reefer truck,69,51,SLA contract,21.5,803000,14:00-22:00,90,39,14,13,,temperature-controlled food,Needs temperature-controlled carriage.,ambient dry cargo|cement|chemicals
SHP-00714,north,Summit Industries,Durable snacks overflow,food-grade dry,Ludhiana,Gurugram,683,road,3600,77,78,ambient,48 h,73,return,2026-10-23,2026-10-29,Food-grade dry van,86,65,dedicated fleet,21.3,11601000,10:00-14:00,35,44,18,90,,anchor-compatible FMCG overflow,Highly compatible with Britannia-style packaged food lanes.,cement|chemicals|wet cargo
SHP-00715,north,Tea Garden Collective,Coffee and cocoa sacks,food-grade dry,Baddi,Lucknow,294,sea,3400,43,82,dry,48 h,77,overflow,2026-10-05,2026-10-10,Dry container with odour guard,80,71,per-trip contract,42.7,3542000,06:00-10:00,77,11,176,0,,bulk food export,Can consolidate with dry food cargo.,cement|chemicals|odour cargo
SHP-00716,north,Greenfield Trade Network,Regulated pharma samples,regulated pharma,Una,Lucknow,64,air,18100,170,92,regulated,5 d,54,contract,2026-10-20,2026-10-22,Validated secure pharma uplift,83,40,per-tonne contract,10.8,3177000,14:00-22:00,41,117,75,78,UNA-DEL/BOM gateway,regulated high-value urgent,Needs chain-of-custody and compliance clearance.,food|cement|chemicals|unsecured parcels
SHP-00717,north,Swift Forwarders,Regulated pharma samples,regulated pharma,Una,Jaipur,39,air,18200,164,81,regulated,60 h,68,return,2026-09-23,2026-09-24,Validated secure pharma uplift,93,10,per-tonne contract,12.7,2693000,22:00-02:00,59,67,142,301,UNA-DEL/BOM gateway,regulated high-value urgent,Needs chain-of-custody and compliance clearance.,food|cement|chemicals|unsecured parcels
SHP-00718,north,Eastern Foods,Durable snacks overflow,food-grade dry,Ludhiana,Jaipur,193,road,4000,116,89,ambient,72 h,50,return,2026-10-27,2026-10-30,Food-grade dry van,76,24,fixed monthly,18.7,3503000,14:00-22:00,40,36,23,76,,anchor-compatible FMCG overflow,Highly compatible with Britannia-style packaged food lanes.,cement|chemicals|wet cargo
SHP-00719,north,Summit Supply Co,Electronics returns,electronics,Chandigarh,Delhi NCR,417,staging,8300,186,85,ambient,60 h,95,contract,2026-10-02,2026-10-05,Secure parcel truck,81,28,per-trip contract,24.0,10191000,14:00-22:00,47,35,3,66,,high-value reverse logistics,"Needs dry, secure movement and claims control.",wet cargo|magnetic cargo|loose food
SHP-00720,north,BluePeak Distributors,Premium craft consignments,fragile craft,Baddi,Indore,391,staging,8600,78,93,fragile,36 h,73,overflow,2026-10-22,2026-10-26,Padded box truck with staging buffer,78,15,fixed monthly,23.2,14505000,10:00-14:00,80,30,31,17,,premium fragile exports,Needs gentle handling and staging protection.,cement|heavy machinery|wet cargo
SHP-00721,north,Spice Valley Logistics,Spice cartons,food-grade dry,Baddi,Delhi NCR,337,road,4300,88,87,ambient,60 h,37,backhaul,2026-10-02,2026-10-04,Food-grade dry van,82,57,spot market,16.0,5140000,06:00-10:00,36,10,7,29,,ambient food exports,Compatible with packaged food when odour control is maintained.,cement|chemicals|odour cargo
SHP-00722,north,Bharat Trade Network,Textile bales,textile dry,Baddi,Kanpur,497,road,4900,55,94,dry,96 h,47,return,2026-09-19,2026-09-21,Dry van with moisture guard,79,62,SLA contract,21.4,9250000,22:00-02:00,61,33,26,34,,dry industrial backhaul,Needs dry handling and moisture protection.,wet cargo|chemicals
SHP-00723,north,CraftBridge Export House,Regulated pharma samples,regulated pharma,Jalandhar,Gurugram,32,air,15000,145,96,regulated,48 h,83,return,2026-10-09,2026-10-11,Validated secure pharma uplift,79,36,per-tonne contract,16.4,1939000,06:00-10:00,44,149,151,89,JAL-DEL/BOM gateway,regulated high-value urgent,Needs chain-of-custody and compliance clearance.,food|cement|chemicals|unsecured parcels
SHP-00724,north,Prime Logistics,Bamboo panels and handicrafts,fragile craft,Baddi,Delhi NCR,401,staging,6900,116,89,fragile,72 h,89,premium,2026-10-29,2026-10-30,Padded box truck with staging buffer,82,31,per-trip contract,20.1,9910000,10:00-14:00,44,34,8,6,,fragile regional exports,Needs bracing and should avoid dusty or heavy loads.,cement|heavy machinery|wet cargo
SHP-00725,north,Eastern Supply Co,Coffee and cocoa sacks,food-grade dry,Ludhiana,Lucknow,1160,sea,2900,66,96,dry,6 d,97,return,2026-09-25,2026-09-30,Dry container with odour guard,74,18,fixed monthly,45.2,8673000,14:00-22:00,48,19,203,85,,bulk food export,Can consolidate with dry food cargo.,cement|chemicals|odour cargo
SHP-00726,north,Eastern Collective,Electronics returns,electronics,Amritsar,Lucknow,351,staging,5600,118,83,ambient,72 h,85,spot,2026-10-18,2026-10-19,Secure parcel truck,96,29,SLA contract,20.1,6698000,10:00-14:00,65,37,18,57,,high-value reverse logistics,"Needs dry, secure movement and claims control.",wet cargo|magnetic cargo|loose food
SHP-00727,north,CraftBridge Logistics,Regulated pharma samples,regulated pharma,Una,Jaipur,67,air,28600,85,87,regulated,48 h,72,contract,2026-10-01,2026-10-02,Validated secure pharma uplift,84,42,per-tonne contract,13.1,6626000,06:00-10:00,58,106,64,113,UNA-DEL/BOM gateway,regulated high-value urgent,Needs chain-of-custody and compliance clearance.,food|cement|chemicals|unsecured parcels
SHP-00728,north,Summit Collective,Durable snacks overflow,food-grade dry,Baddi,Gurugram,638,road,3500,163,90,ambient,5 d,77,premium,2026-09-26,2026-10-02,Food-grade dry van,76,40,dedicated fleet,24.0,9507000,22:00-02:00,83,40,14,46,,anchor-compatible FMCG overflow,Highly compatible with Britannia-style packaged food lanes.,cement|chemicals|wet cargo
SHP-00729,north,Bharat Collective,Premium craft consignments,fragile craft,Chandigarh,Indore,76,staging,6100,97,92,fragile,36 h,28,spot,2026-09-28,2026-10-04,Padded box truck with staging buffer,87,43,per-trip contract,22.2,1555000,22:00-02:00,58,43,1,78,,premium fragile exports,Needs gentle handling and staging protection.,cement|heavy machinery|wet cargo
SHP-00730,north,Riverline Foods,Bamboo panels and handicrafts,fragile craft,Chandigarh,Delhi NCR,327,staging,5500,177,92,fragile,36 h,77,spot,2026-10-16,2026-10-17,Padded box truck with staging buffer,82,68,dedicated fleet,26.9,6979000,06:00-10:00,85,15,2,24,,fragile regional exports,Needs bracing and should avoid dusty or heavy loads.,cement|heavy machinery|wet cargo
SHP-00731,north,Swift Forwarders,Bamboo panels and handicrafts,fragile craft,Baddi,Kanpur,37,staging,4600,90,87,fragile,72 h,73,contract,2026-09-19,2026-09-24,Padded box truck with staging buffer,68,29,fixed monthly,20.6,507000,14:00-22:00,55,36,12,75,,fragile regional exports,Needs bracing and should avoid dusty or heavy loads.,cement|heavy machinery|wet cargo
SHP-00732,north,National Forwarders,Packaged tea cartons,food-grade dry,Una,Lucknow,56,road,4200,198,90,dry,60 h,99,backhaul,2026-10-09,2026-10-11,Food-grade dry van,78,50,dedicated fleet,26.6,1116000,14:00-22:00,53,13,30,27,,anchor-compatible FMCG backhaul,Can ride with packaged food and dry FMCG cargo.,cement|chemicals|hazardous
SHP-00733,north,Spice Valley Export House,High value samples,secured samples,Una,Jaipur,48,air,24800,78,93,regulated,24 h,61,overflow,2026-09-25,2026-09-26,Secure air cargo pouch,79,33,fixed monthly,10.0,5236000,06:00-10:00,39,176,52,160,UNA-DEL/BOM gateway,high-value urgent,Needs secure handling and tight handoff control.,bulk cargo|unsecured parcels
SHP-00734,north,National Forwarders,Electronics returns,electronics,Una,Gurugram,201,staging,6600,51,83,ambient,5 d,72,overflow,2026-10-09,2026-10-10,Secure parcel truck,96,47,spot market,24.1,5276000,06:00-10:00,44,20,0,85,,high-value reverse logistics,"Needs dry, secure movement and claims control.",wet cargo|magnetic cargo|loose food
SHP-00735,north,PortLink Forwarders,Frozen bakery inputs,chilled food,Jalandhar,Lucknow,566,road,6800,214,92,chilled,96 h,95,contract,2026-09-27,2026-10-03,Reefer truck,77,54,spot market,21.2,12759000,14:00-22:00,41,30,26,56,,temperature-controlled food,Needs temperature-controlled carriage.,ambient dry cargo|cement|chemicals
SHP-00736,north,AgroStar Supply Co,Frozen bakery inputs,chilled food,Chandigarh,Indore,434,road,8700,65,87,chilled,72 h,32,return,2026-10-11,2026-10-16,Reefer truck,77,76,fixed monthly,21.5,11220000,14:00-22:00,76,16,23,73,,temperature-controlled food,Needs temperature-controlled carriage.,ambient dry cargo|cement|chemicals
SHP-00737,north,BluePeak Industries,Coffee and cocoa sacks,food-grade dry,Ludhiana,Indore,981,sea,4100,59,84,dry,72 h,87,overflow,2026-10-18,2026-10-19,Dry container with odour guard,77,65,per-tonne contract,44.2,14792000,06:00-10:00,40,18,227,80,,bulk food export,Can consolidate with dry food cargo.,cement|chemicals|odour cargo
SHP-00738,north,RetailLoop Distributors,High value samples,secured samples,Ludhiana,Indore,62,air,33300,135,99,regulated,24 h,41,spot,2026-10-01,2026-10-03,Secure air cargo pouch,74,22,per-tonne contract,15.8,6147000,10:00-14:00,73,53,234,224,LUD-DEL/BOM gateway,high-value urgent,Needs secure handling and tight handoff control.,bulk cargo|unsecured parcels
SHP-00739,north,Greenfield Logistics,Textile bales,textile dry,Una,Gurugram,101,road,4800,108,78,dry,72 h,84,overflow,2026-10-25,2026-10-29,Dry van with moisture guard,77,33,per-trip contract,22.1,1313000,22:00-02:00,71,22,3,12,,dry industrial backhaul,Needs dry handling and moisture protection.,wet cargo|chemicals
SHP-00740,north,BluePeak Forwarders,Speciality ginger and citrus,fresh produce,Ludhiana,Lucknow,464,road,5500,159,84,chilled,96 h,82,return,2026-10-31,2026-11-01,Ventilated reefer truck,97,86,SLA contract,20.7,7479000,14:00-22:00,48,29,33,18,,perishable agriculture,Requires food-safe handling and temperature discipline.,cement|chemicals|odour cargo
SHP-00741,north,BluePeak Collective,Frozen bakery inputs,chilled food,Chandigarh,Delhi NCR,326,road,6400,205,91,chilled,24 h,67,overflow,2026-10-07,2026-10-09,Reefer truck,79,27,per-trip contract,20.4,7168000,10:00-14:00,37,11,4,65,,temperature-controlled food,Needs temperature-controlled carriage.,ambient dry cargo|cement|chemicals
SHP-00742,north,Summit Export House,Packaged tea cartons,food-grade dry,Baddi,Indore,368,road,3800,38,87,dry,24 h,72,contract,2026-09-30,2026-10-05,Food-grade dry van,77,50,spot market,18.3,4638000,06:00-10:00,63,15,29,7,,anchor-compatible FMCG backhaul,Can ride with packaged food and dry FMCG cargo.,cement|chemicals|hazardous
SHP-00743,north,Greenfield Trade Network,Frozen bakery inputs,chilled food,Baddi,Jaipur,153,road,7900,74,90,chilled,96 h,29,backhaul,2026-10-10,2026-10-11,Reefer truck,89,24,per-tonne contract,21.8,4331000,22:00-02:00,93,18,9,83,,temperature-controlled food,Needs temperature-controlled carriage.,ambient dry cargo|cement|chemicals
SHP-00744,north,CraftBridge Consortium,Bamboo panels and handicrafts,fragile craft,Chandigarh,Delhi NCR,396,staging,6800,61,90,fragile,96 h,90,premium,2026-10-25,2026-10-29,Padded box truck with staging buffer,91,19,dedicated fleet,24.3,11526000,22:00-02:00,89,20,15,31,,fragile regional exports,Needs bracing and should avoid dusty or heavy loads.,cement|heavy machinery|wet cargo
SHP-00745,north,Tea Garden Industries,Containerised export overflow,container export,Ludhiana,Kanpur,424,sea,3100,168,78,dry,5 d,69,return,2026-10-10,2026-10-14,Sealed container feeder,70,20,spot market,42.1,4622000,22:00-02:00,88,42,69,3,,bulk export overflow,Best suited to feeder or port-linked consolidation.,loose perishable|fragile craft
SHP-00746,north,RetailLoop Forwarders,Containerised export overflow,container export,Una,Lucknow,401,sea,4500,92,76,dry,48 h,74,return,2026-09-25,2026-09-29,Sealed container feeder,80,29,per-tonne contract,42.2,4369000,22:00-02:00,94,36,225,31,,bulk export overflow,Best suited to feeder or port-linked consolidation.,loose perishable|fragile craft
SHP-00747,north,National Supply Co,Spice cartons,food-grade dry,Chandigarh,Gurugram,211,road,4800,63,81,ambient,60 h,37,spot,2026-10-03,2026-10-04,Food-grade dry van,78,5,per-tonne contract,21.8,3387000,06:00-10:00,58,29,17,49,,ambient food exports,Compatible with packaged food when odour control is maintained.,cement|chemicals|odour cargo
SHP-00748,north,RetailLoop Foods,Regulated pharma samples,regulated pharma,Una,Gurugram,38,air,20300,120,83,regulated,48 h,79,return,2026-10-01,2026-10-03,Validated secure pharma uplift,80,15,SLA contract,12.2,3696000,22:00-02:00,94,110,77,162,UNA-DEL/BOM gateway,regulated high-value urgent,Needs chain-of-custody and compliance clearance.,food|cement|chemicals|unsecured parcels
SHP-00749,north,Greenfield Foods,Packaged tea cartons,food-grade dry,Ludhiana,Jaipur,660,road,5200,145,85,dry,24 h,85,return,2026-10-11,2026-10-12,Food-grade dry van,77,18,per-tonne contract,24.4,10342000,06:00-10:00,69,34,33,41,,anchor-compatible FMCG backhaul,Can ride with packaged food and dry FMCG cargo.,cement|chemicals|hazardous
SHP-00750,north,Healthline Forwarders,Containerised export overflow,container export,Chandigarh,Gurugram,904,sea,4300,95,99,dry,24 h,89,return,2026-09-16,2026-09-20,Sealed container feeder,86,26,fixed monthly,44.2,13240000,10:00-14:00,49,21,106,16,,bulk export overflow,Best suited to feeder or port-linked consolidation.,loose perishable|fragile craft
SHP-00751,north,Summit Supply Co,Durable snacks overflow,food-grade dry,Jalandhar,Indore,647,road,3600,137,91,ambient,36 h,39,premium,2026-09-20,2026-09-25,Food-grade dry van,73,17,fixed monthly,17.1,8266000,14:00-22:00,49,26,4,25,,anchor-compatible FMCG overflow,Highly compatible with Britannia-style packaged food lanes.,cement|chemicals|wet cargo
SHP-00752,north,CraftBridge Collective,Speciality ginger and citrus,fresh produce,Amritsar,Lucknow,660,road,6000,163,86,chilled,5 d,29,backhaul,2026-09-20,2026-09-25,Ventilated reefer truck,85,62,per-trip contract,24.1,9278000,10:00-14:00,59,15,27,84,,perishable agriculture,Requires food-safe handling and temperature discipline.,cement|chemicals|odour cargo
SHP-00753,north,AgroStar Export House,Bamboo panels and handicrafts,fragile craft,Una,Kanpur,101,staging,6700,97,82,fragile,36 h,58,overflow,2026-10-18,2026-10-19,Padded box truck with staging buffer,89,53,SLA contract,23.4,2863000,10:00-14:00,74,27,4,74,,fragile regional exports,Needs bracing and should avoid dusty or heavy loads.,cement|heavy machinery|wet cargo
SHP-00754,north,CraftBridge Industries,High value samples,secured samples,Baddi,Jaipur,35,air,28900,46,98,regulated,24 h,63,spot,2026-10-02,2026-10-03,Secure air cargo pouch,85,84,per-tonne contract,15.1,3073000,10:00-14:00,60,168,116,225,BAD-DEL/BOM gateway,high-value urgent,Needs secure handling and tight handoff control.,bulk cargo|unsecured parcels
SHP-00755,north,Prime Foods,Bamboo panels and handicrafts,fragile craft,Baddi,Jaipur,351,staging,6000,153,79,fragile,60 h,99,overflow,2026-10-07,2026-10-11,Padded box truck with staging buffer,76,17,fixed monthly,25.6,9664000,14:00-22:00,42,23,0,52,,fragile regional exports,Needs bracing and should avoid dusty or heavy loads.,cement|heavy machinery|wet cargo
SHP-00756,north,Eastern Distributors,Speciality ginger and citrus,fresh produce,Chandigarh,Kanpur,304,road,5500,183,98,chilled,72 h,97,return,2026-10-14,2026-10-20,Ventilated reefer truck,74,24,fixed monthly,24.7,4565000,10:00-14:00,58,33,33,50,,perishable agriculture,Requires food-safe handling and temperature discipline.,cement|chemicals|odour cargo
SHP-00757,north,Spice Valley Supply Co,Medical devices,regulated devices,Ludhiana,Lucknow,48,air,21900,33,96,regulated,12 h,88,return,2026-09-26,2026-09-27,Secure high-value air cargo,89,75,per-trip contract,10.8,4719000,10:00-14:00,46,134,92,136,LUD-DEL/BOM gateway,regulated high-value urgent,Needs secure handling and documented custody.,cement|chemicals|unsealed food
SHP-00758,north,Healthline Collective,Durable snacks overflow,food-grade dry,Chandigarh,Gurugram,588,road,4600,158,86,ambient,96 h,42,spot,2026-09-21,2026-09-23,Food-grade dry van,70,60,SLA contract,19.0,7928000,10:00-14:00,39,35,33,1,,anchor-compatible FMCG overflow,Highly compatible with Britannia-style packaged food lanes.,cement|chemicals|wet cargo
SHP-00759,north,AgroStar Forwarders,Frozen bakery inputs,chilled food,Una,Jaipur,392,road,7100,151,86,chilled,6 d,52,return,2026-10-25,2026-10-28,Reefer truck,85,31,fixed monthly,18.6,8704000,14:00-22:00,40,38,3,3,,temperature-controlled food,Needs temperature-controlled carriage.,ambient dry cargo|cement|chemicals
SHP-00760,north,PortLink Consortium,Coffee and cocoa sacks,food-grade dry,Baddi,Lucknow,936,sea,3100,178,80,dry,96 h,62,backhaul,2026-10-23,2026-10-29,Dry container with odour guard,73,29,spot market,45.2,13767000,10:00-14:00,85,44,68,60,,bulk food export,Can consolidate with dry food cargo.,cement|chemicals|odour cargo
SHP-00761,north,Horizon Export House,Containerised export overflow,container export,Amritsar,Indore,775,sea,4200,115,90,dry,72 h,53,premium,2026-10-27,2026-10-31,Sealed container feeder,79,51,SLA contract,40.9,12216000,22:00-02:00,74,33,220,20,,bulk export overflow,Best suited to feeder or port-linked consolidation.,loose perishable|fragile craft
SHP-00762,north,Tea Garden Distributors,High value samples,secured samples,Una,Kanpur,42,air,34900,129,93,regulated,5 d,42,backhaul,2026-09-25,2026-09-27,Secure air cargo pouch,80,44,dedicated fleet,18.7,4451000,14:00-22:00,95,106,182,135,UNA-DEL/BOM gateway,high-value urgent,Needs secure handling and tight handoff control.,bulk cargo|unsecured parcels
SHP-00763,north,Metro Industries,Reverse logistics parcels,parcel returns,Ludhiana,Kanpur,166,staging,5700,35,95,ambient,60 h,68,backhaul,2026-10-24,2026-10-25,Parcel cage vehicle,71,16,SLA contract,20.4,4524000,06:00-10:00,54,24,7,28,,reverse logistics,Works well in staged consolidation waves.,loose food|hazardous
SHP-00764,north,Bharat Collective,Speciality ginger and citrus,fresh produce,Ludhiana,Kanpur,412,road,7400,38,88,chilled,24 h,59,return,2026-10-01,2026-10-02,Ventilated reefer truck,89,34,per-tonne contract,21.1,7720000,22:00-02:00,99,18,23,79,,perishable agriculture,Requires food-safe handling and temperature discipline.,cement|chemicals|odour cargo
SHP-00765,north,Horizon Collective,Electronics returns,electronics,Ludhiana,Jaipur,251,staging,5400,58,86,ambient,5 d,63,contract,2026-10-24,2026-10-30,Secure parcel truck,80,71,per-tonne contract,20.8,3382000,22:00-02:00,58,31,26,6,,high-value reverse logistics,"Needs dry, secure movement and claims control.",wet cargo|magnetic cargo|loose food
SHP-00766,north,BluePeak Foods,Durable snacks overflow,food-grade dry,Jalandhar,Delhi NCR,285,road,3700,69,94,ambient,6 d,34,contract,2026-10-08,2026-10-12,Food-grade dry van,87,60,per-trip contract,17.3,4215000,10:00-14:00,42,17,19,57,,anchor-compatible FMCG overflow,Highly compatible with Britannia-style packaged food lanes.,cement|chemicals|wet cargo
SHP-00767,north,BluePeak Consortium,Spice cartons,food-grade dry,Amritsar,Indore,518,road,3900,117,84,ambient,96 h,40,spot,2026-10-28,2026-11-02,Food-grade dry van,80,50,SLA contract,18.1,6618000,06:00-10:00,49,10,16,32,,ambient food exports,Compatible with packaged food when odour control is maintained.,cement|chemicals|odour cargo
SHP-00768,north,Swift Trade Network,Spice cartons,food-grade dry,Chandigarh,Jaipur,272,road,5000,209,85,ambient,6 d,44,premium,2026-10-30,2026-11-03,Food-grade dry van,83,54,fixed monthly,21.6,6472000,06:00-10:00,41,45,8,65,,ambient food exports,Compatible with packaged food when odour control is maintained.,cement|chemicals|odour cargo
SHP-00769,north,Metro Consortium,Frozen bakery inputs,chilled food,Amritsar,Gurugram,332,road,8600,49,88,chilled,6 d,94,return,2026-10-30,2026-11-02,Reefer truck,84,85,per-tonne contract,21.5,12423000,06:00-10:00,78,38,1,68,,temperature-controlled food,Needs temperature-controlled carriage.,ambient dry cargo|cement|chemicals
SHP-00770,north,RetailLoop Trade Network,Spice cartons,food-grade dry,Una,Lucknow,633,road,6000,110,98,ambient,6 d,81,premium,2026-10-22,2026-10-27,Food-grade dry van,76,29,dedicated fleet,20.7,12746000,14:00-22:00,82,18,5,25,,ambient food exports,Compatible with packaged food when odour control is maintained.,cement|chemicals|odour cargo
SHP-00771,north,Greenfield Industries,Frozen bakery inputs,chilled food,Ludhiana,Jaipur,318,road,6500,142,97,chilled,6 d,51,contract,2026-10-28,2026-10-30,Reefer truck,99,27,dedicated fleet,18.6,6980000,10:00-14:00,71,25,33,85,,temperature-controlled food,Needs temperature-controlled carriage.,ambient dry cargo|cement|chemicals
SHP-00772,north,Riverline Foods,Coffee and cocoa sacks,food-grade dry,Chandigarh,Gurugram,1044,sea,3600,90,85,dry,72 h,98,backhaul,2026-09-22,2026-09-24,Dry container with odour guard,77,18,per-tonne contract,46.5,14291000,06:00-10:00,82,43,103,79,,bulk food export,Can consolidate with dry food cargo.,cement|chemicals|odour cargo
SHP-00773,north,BluePeak Forwarders,High value samples,secured samples,Jalandhar,Gurugram,16,air,31700,60,90,regulated,24 h,31,premium,2026-10-29,2026-10-30,Secure air cargo pouch,86,45,per-trip contract,17.3,2373000,10:00-14:00,39,110,240,249,JAL-DEL/BOM gateway,high-value urgent,Needs secure handling and tight handoff control.,bulk cargo|unsecured parcels
SHP-00774,north,Prime Logistics,Bamboo panels and handicrafts,fragile craft,Baddi,Indore,201,staging,5500,30,93,fragile,5 d,94,backhaul,2026-10-29,2026-11-03,Padded box truck with staging buffer,85,58,per-trip contract,22.4,3033000,22:00-02:00,66,12,5,37,,fragile regional exports,Needs bracing and should avoid dusty or heavy loads.,cement|heavy machinery|wet cargo
SHP-00775,north,RetailLoop Export House,Speciality ginger and citrus,fresh produce,Ludhiana,Lucknow,90,road,5500,36,99,chilled,96 h,82,spot,2026-10-03,2026-10-07,Ventilated reefer truck,95,24,SLA contract,17.0,1368000,22:00-02:00,41,17,17,80,,perishable agriculture,Requires food-safe handling and temperature discipline.,cement|chemicals|odour cargo
SHP-00776,north,Riverline Foods,Speciality ginger and citrus,fresh produce,Baddi,Delhi NCR,633,road,5600,33,86,chilled,6 d,78,spot,2026-10-07,2026-10-13,Ventilated reefer truck,86,6,fixed monthly,21.1,8373000,22:00-02:00,36,13,14,86,,perishable agriculture,Requires food-safe handling and temperature discipline.,cement|chemicals|odour cargo
SHP-00777,north,Spice Valley Export House,Regulated pharma samples,regulated pharma,Jalandhar,Gurugram,55,air,25000,103,91,regulated,12 h,98,spot,2026-10-01,2026-10-03,Validated secure pharma uplift,87,21,fixed monthly,11.5,6129000,10:00-14:00,41,118,225,149,JAL-DEL/BOM gateway,regulated high-value urgent,Needs chain-of-custody and compliance clearance.,food|cement|chemicals|unsecured parcels
SHP-00778,north,Healthline Consortium,Premium craft consignments,fragile craft,Chandigarh,Jaipur,321,staging,7300,46,91,fragile,24 h,66,backhaul,2026-10-03,2026-10-06,Padded box truck with staging buffer,87,49,per-trip contract,19.6,5801000,10:00-14:00,90,33,24,26,,premium fragile exports,Needs gentle handling and staging protection.,cement|heavy machinery|wet cargo
SHP-00779,north,Eastern Supply Co,Durable snacks overflow,food-grade dry,Una,Kanpur,533,road,3900,70,97,ambient,24 h,68,contract,2026-10-30,2026-11-03,Food-grade dry van,80,40,per-tonne contract,16.1,5332000,14:00-22:00,92,33,32,30,,anchor-compatible FMCG overflow,Highly compatible with Britannia-style packaged food lanes.,cement|chemicals|wet cargo
SHP-00780,north,Healthline Supply Co,Coffee and cocoa sacks,food-grade dry,Chandigarh,Kanpur,139,sea,3500,94,89,dry,72 h,38,premium,2026-10-23,2026-10-25,Dry container with odour guard,74,61,fixed monthly,42.3,1495000,22:00-02:00,75,34,185,61,,bulk food export,Can consolidate with dry food cargo.,cement|chemicals|odour cargo
SHP-00781,north,RetailLoop Forwarders,Durable snacks overflow,food-grade dry,Una,Indore,99,road,4500,227,86,ambient,72 h,65,premium,2026-10-22,2026-10-23,Food-grade dry van,83,48,per-trip contract,24.6,1924000,06:00-10:00,82,14,22,28,,anchor-compatible FMCG overflow,Highly compatible with Britannia-style packaged food lanes.,cement|chemicals|wet cargo
SHP-00782,north,PortLink Trade Network,Textile bales,textile dry,Una,Gurugram,44,road,4600,57,88,dry,6 d,62,spot,2026-10-20,2026-10-21,Dry van with moisture guard,83,56,fixed monthly,20.9,567000,10:00-14:00,99,10,0,81,,dry industrial backhaul,Needs dry handling and moisture protection.,wet cargo|chemicals
SHP-00783,north,Swift Collective,Electronics returns,electronics,Ludhiana,Kanpur,356,staging,7500,69,78,ambient,60 h,67,premium,2026-10-28,2026-10-29,Secure parcel truck,83,33,per-trip contract,24.5,12353000,22:00-02:00,64,10,19,5,,high-value reverse logistics,"Needs dry, secure movement and claims control.",wet cargo|magnetic cargo|loose food
SHP-00784,north,Tea Garden Distributors,Electronics returns,electronics,Ludhiana,Delhi NCR,225,staging,7800,98,95,ambient,48 h,29,spot,2026-09-17,2026-09-22,Secure parcel truck,84,26,SLA contract,23.7,6256000,22:00-02:00,86,35,7,6,,high-value reverse logistics,"Needs dry, secure movement and claims control.",wet cargo|magnetic cargo|loose food
SHP-00785,north,PortLink Export House,High value samples,secured samples,Jalandhar,Jaipur,45,air,22300,54,92,regulated,5 d,72,backhaul,2026-10-05,2026-10-06,Secure air cargo pouch,79,27,spot market,10.9,4226000,22:00-02:00,91,119,82,89,JAL-DEL/BOM gateway,high-value urgent,Needs secure handling and tight handoff control.,bulk cargo|unsecured parcels
SHP-00786,north,Riverline Forwarders,Speciality ginger and citrus,fresh produce,Amritsar,Kanpur,367,road,7000,44,93,chilled,24 h,77,overflow,2026-09-27,2026-09-30,Ventilated reefer truck,82,89,spot market,21.3,10512000,10:00-14:00,75,45,12,46,,perishable agriculture,Requires food-safe handling and temperature discipline.,cement|chemicals|odour cargo
SHP-00787,north,Eastern Logistics,High value samples,secured samples,Baddi,Kanpur,35,air,24100,147,79,regulated,36 h,76,spot,2026-10-26,2026-10-28,Secure air cargo pouch,87,64,SLA contract,14.2,3491000,14:00-22:00,50,46,113,52,BAD-DEL/BOM gateway,high-value urgent,Needs secure handling and tight handoff control.,bulk cargo|unsecured parcels
SHP-00788,north,Summit Supply Co,Containerised export overflow,container export,Chandigarh,Gurugram,604,sea,2700,148,90,dry,60 h,62,spot,2026-10-25,2026-10-28,Sealed container feeder,99,11,fixed monthly,43.8,7423000,10:00-14:00,68,42,197,24,,bulk export overflow,Best suited to feeder or port-linked consolidation.,loose perishable|fragile craft
SHP-00789,north,PortLink Supply Co,Spice cartons,food-grade dry,Amritsar,Indore,649,road,4100,149,98,ambient,96 h,89,contract,2026-09-26,2026-10-01,Food-grade dry van,74,7,per-trip contract,20.0,12093000,10:00-14:00,90,27,6,20,,ambient food exports,Compatible with packaged food when odour control is maintained.,cement|chemicals|odour cargo
SHP-00790,north,RetailLoop Forwarders,Containerised export overflow,container export,Ludhiana,Indore,799,sea,4300,100,95,dry,72 h,93,return,2026-10-25,2026-10-27,Sealed container feeder,76,71,fixed monthly,45.0,13587000,10:00-14:00,86,18,186,35,,bulk export overflow,Best suited to feeder or port-linked consolidation.,loose perishable|fragile craft
SHP-00791,north,BluePeak Consortium,Durable snacks overflow,food-grade dry,Baddi,Gurugram,390,road,3100,144,80,ambient,72 h,45,premium,2026-10-18,2026-10-24,Food-grade dry van,86,56,dedicated fleet,21.9,3825000,10:00-14:00,80,34,23,23,,anchor-compatible FMCG overflow,Highly compatible with Britannia-style packaged food lanes.,cement|chemicals|wet cargo
SHP-00792,north,Riverline Logistics,Frozen bakery inputs,chilled food,Amritsar,Indore,560,road,8900,25,90,chilled,5 d,70,return,2026-09-23,2026-09-25,Reefer truck,85,34,fixed monthly,21.1,15584000,22:00-02:00,55,16,11,16,,temperature-controlled food,Needs temperature-controlled carriage.,ambient dry cargo|cement|chemicals
SHP-00793,north,PortLink Foods,Textile bales,textile dry,Una,Indore,197,road,4200,199,93,dry,72 h,29,premium,2026-10-10,2026-10-13,Dry van with moisture guard,85,23,per-trip contract,21.8,2978000,22:00-02:00,53,26,11,23,,dry industrial backhaul,Needs dry handling and moisture protection.,wet cargo|chemicals
SHP-00794,north,Tea Garden Consortium,Spice cartons,food-grade dry,Chandigarh,Indore,495,road,5900,41,99,ambient,60 h,88,spot,2026-10-07,2026-10-11,Food-grade dry van,81,66,fixed monthly,15.1,10315000,10:00-14:00,49,31,27,85,,ambient food exports,Compatible with packaged food when odour control is maintained.,cement|chemicals|odour cargo
SHP-00795,north,Eastern Collective,Spice cartons,food-grade dry,Baddi,Jaipur,122,road,3900,155,78,ambient,72 h,30,return,2026-10-12,2026-10-14,Food-grade dry van,86,44,spot market,21.0,2130000,22:00-02:00,51,14,35,47,,ambient food exports,Compatible with packaged food when odour control is maintained.,cement|chemicals|odour cargo
SHP-00796,north,Riverline Logistics,High value samples,secured samples,Jalandhar,Delhi NCR,15,air,34600,135,90,regulated,36 h,56,premium,2026-10-26,2026-10-27,Secure air cargo pouch,84,10,per-tonne contract,18.9,2430000,14:00-22:00,68,54,134,318,JAL-DEL/BOM gateway,high-value urgent,Needs secure handling and tight handoff control.,bulk cargo|unsecured parcels
SHP-00797,north,Summit Supply Co,Reverse logistics parcels,parcel returns,Una,Jaipur,182,staging,4800,119,81,ambient,36 h,87,backhaul,2026-10-08,2026-10-11,Parcel cage vehicle,88,19,SLA contract,21.6,4051000,14:00-22:00,91,22,28,54,,reverse logistics,Works well in staged consolidation waves.,loose food|hazardous
SHP-00798,north,RetailLoop Consortium,Containerised export overflow,container export,Ludhiana,Indore,881,sea,3600,62,93,dry,6 d,79,contract,2026-09-28,2026-09-30,Sealed container feeder,77,39,per-trip contract,43.4,8579000,22:00-02:00,73,14,207,72,,bulk export overflow,Best suited to feeder or port-linked consolidation.,loose perishable|fragile craft
SHP-00799,north,Eastern Foods,Textile bales,textile dry,Baddi,Delhi NCR,395,road,4100,112,85,dry,6 d,43,return,2026-09-24,2026-09-30,Dry van with moisture guard,79,41,per-tonne contract,19.3,4913000,06:00-10:00,44,35,26,36,,dry industrial backhaul,Needs dry handling and moisture protection.,wet cargo|chemicals
SHP-00800,north,Tea Garden Collective,Durable snacks overflow,food-grade dry,Amritsar,Kanpur,506,road,3200,36,87,ambient,6 d,30,contract,2026-10-06,2026-10-08,Food-grade dry van,99,28,per-tonne contract,19.0,3634000,22:00-02:00,53,33,31,78,,anchor-compatible FMCG overflow,Highly compatible with Britannia-style packaged food lanes.,cement|chemicals|wet cargo
SHP-00801,east-port,Tea Garden Export House,Premium craft consignments,fragile craft,Cuttack,Bhubaneswar,191,staging,7500,38,99,fragile,36 h,49,return,2026-09-21,2026-09-27,Padded box truck with staging buffer,82,7,spot market,24.7,4369000,14:00-22:00,39,19,35,61,,premium fragile exports,Needs gentle handling and staging protection.,cement|heavy machinery|wet cargo
SHP-00802,east-port,Healthline Trade Network,Medical devices,regulated devices,Cuttack,Jamshedpur,42,air,21100,52,84,regulated,24 h,63,return,2026-10-05,2026-10-07,Secure high-value air cargo,77,2,fixed monthly,17.3,3550000,10:00-14:00,48,56,162,204,CUT-DEL/BOM gateway,regulated high-value urgent,Needs secure handling and documented custody.,cement|chemicals|unsealed food
SHP-00803,east-port,AgroStar Export House,Textile bales,textile dry,Angul,Ranchi,307,road,3400,133,83,dry,72 h,64,return,2026-09-29,2026-10-01,Dry van with moisture guard,93,56,per-tonne contract,21.2,4641000,06:00-10:00,75,20,1,90,,dry industrial backhaul,Needs dry handling and moisture protection.,wet cargo|chemicals
SHP-00804,east-port,Bharat Consortium,High value samples,secured samples,Angul,Kolkata,47,air,30600,82,92,regulated,60 h,75,backhaul,2026-10-13,2026-10-14,Secure air cargo pouch,79,27,fixed monthly,18.2,4402000,14:00-22:00,53,129,230,239,ANG-DEL/BOM gateway,high-value urgent,Needs secure handling and tight handoff control.,bulk cargo|unsecured parcels
SHP-00805,east-port,Eastern Export House,Frozen bakery inputs,chilled food,Paradip,Bhubaneswar,59,road,6700,239,85,chilled,60 h,28,overflow,2026-10-24,2026-10-25,Reefer truck,94,42,SLA contract,20.8,1382000,10:00-14:00,91,26,9,51,,temperature-controlled food,Needs temperature-controlled carriage.,ambient dry cargo|cement|chemicals
SHP-00806,east-port,Summit Industries,Electronics returns,electronics,Paradip,Ranchi,414,staging,5300,58,87,ambient,5 d,99,return,2026-10-25,2026-10-30,Secure parcel truck,78,62,dedicated fleet,17.5,9479000,06:00-10:00,35,20,13,75,,high-value reverse logistics,"Needs dry, secure movement and claims control.",wet cargo|magnetic cargo|loose food
SHP-00807,east-port,National Foods,Regulated pharma samples,regulated pharma,Paradip,Kolkata,17,air,29600,31,85,regulated,12 h,95,backhaul,2026-10-17,2026-10-19,Validated secure pharma uplift,87,68,fixed monthly,16.8,1389000,10:00-14:00,78,168,80,154,PAR-DEL/BOM gateway,regulated high-value urgent,Needs chain-of-custody and compliance clearance.,food|cement|chemicals|unsecured parcels
SHP-00808,east-port,Prime Forwarders,Reverse logistics parcels,parcel returns,Angul,Ranchi,34,staging,5100,169,85,ambient,72 h,38,premium,2026-09-16,2026-09-19,Parcel cage vehicle,84,32,spot market,23.1,777000,14:00-22:00,57,12,18,74,,reverse logistics,Works well in staged consolidation waves.,loose food|hazardous
SHP-00809,east-port,Healthline Foods,Medical devices,regulated devices,Angul,Jamshedpur,12,air,16000,50,93,regulated,72 h,57,premium,2026-10-18,2026-10-19,Secure high-value air cargo,93,14,fixed monthly,8.6,831000,10:00-14:00,64,104,45,74,ANG-DEL/BOM gateway,regulated high-value urgent,Needs secure handling and documented custody.,cement|chemicals|unsealed food
SHP-00810,east-port,Bharat Trade Network,Coffee and cocoa sacks,food-grade dry,Rourkela,Ranchi,303,sea,3800,75,87,dry,24 h,52,contract,2026-09-28,2026-10-01,Dry container with odour guard,85,62,per-trip contract,37.9,3434000,06:00-10:00,68,33,121,88,,bulk food export,Can consolidate with dry food cargo.,cement|chemicals|odour cargo
SHP-00811,east-port,Eastern Supply Co,High value samples,secured samples,Balasore,Bhubaneswar,69,air,32100,151,96,regulated,12 h,94,contract,2026-10-08,2026-10-10,Secure air cargo pouch,75,38,per-tonne contract,17.3,8358000,10:00-14:00,83,140,59,349,BAL-DEL/BOM gateway,high-value urgent,Needs secure handling and tight handoff control.,bulk cargo|unsecured parcels
SHP-00812,east-port,Swift Distributors,Coffee and cocoa sacks,food-grade dry,Jharsuguda,Raipur,609,sea,2900,81,94,dry,60 h,44,spot,2026-10-10,2026-10-13,Dry container with odour guard,90,46,fixed monthly,37.1,6387000,10:00-14:00,39,10,152,40,,bulk food export,Can consolidate with dry food cargo.,cement|chemicals|odour cargo
SHP-00813,east-port,Horizon Consortium,High value samples,secured samples,Angul,Ranchi,15,air,31500,61,87,regulated,48 h,35,contract,2026-09-30,2026-10-02,Secure air cargo pouch,76,11,dedicated fleet,21.8,2239000,22:00-02:00,86,150,239,247,ANG-DEL/BOM gateway,high-value urgent,Needs secure handling and tight handoff control.,bulk cargo|unsecured parcels
SHP-00814,east-port,CraftBridge Logistics,Coffee and cocoa sacks,food-grade dry,Rourkela,Raipur,855,sea,3500,38,93,dry,6 d,71,premium,2026-10-28,2026-11-01,Dry container with odour guard,84,21,per-trip contract,42.5,7656000,14:00-22:00,75,24,97,70,,bulk food export,Can consolidate with dry food cargo.,cement|chemicals|odour cargo
SHP-00815,east-port,Swift Export House,Bamboo panels and handicrafts,fragile craft,Angul,Bhubaneswar,33,staging,4600,233,99,fragile,6 d,51,return,2026-10-09,2026-10-12,Padded box truck with staging buffer,81,14,SLA contract,23.1,374000,22:00-02:00,100,18,18,4,,fragile regional exports,Needs bracing and should avoid dusty or heavy loads.,cement|heavy machinery|wet cargo
SHP-00816,east-port,Swift Supply Co,Durable snacks overflow,food-grade dry,Balasore,Ranchi,131,road,3200,150,83,ambient,60 h,35,overflow,2026-09-23,2026-09-28,Food-grade dry van,71,42,per-tonne contract,19.9,1089000,10:00-14:00,69,25,1,30,,anchor-compatible FMCG overflow,Highly compatible with Britannia-style packaged food lanes.,cement|chemicals|wet cargo
SHP-00817,east-port,PortLink Consortium,High value samples,secured samples,Jharsuguda,Patna,27,air,33100,159,86,regulated,12 h,92,premium,2026-10-13,2026-10-14,Secure air cargo pouch,71,55,spot market,11.4,3007000,14:00-22:00,82,131,142,133,JHA-DEL/BOM gateway,high-value urgent,Needs secure handling and tight handoff control.,bulk cargo|unsecured parcels
SHP-00818,east-port,Prime Collective,Premium craft consignments,fragile craft,Cuttack,Bhubaneswar,81,staging,6300,109,81,fragile,72 h,51,contract,2026-09-28,2026-09-29,Padded box truck with staging buffer,74,20,spot market,20.5,1186000,10:00-14:00,84,16,3,42,,premium fragile exports,Needs gentle handling and staging protection.,cement|heavy machinery|wet cargo
SHP-00819,east-port,CraftBridge Industries,Reverse logistics parcels,parcel returns,Rourkela,Bhubaneswar,101,staging,5800,23,93,ambient,48 h,48,premium,2026-10-02,2026-10-03,Parcel cage vehicle,84,18,SLA contract,23.7,1954000,14:00-22:00,36,33,6,87,,reverse logistics,Works well in staged consolidation waves.,loose food|hazardous
SHP-00820,east-port,Spice Valley Supply Co,Containerised export overflow,container export,Balasore,Raipur,1045,sea,4400,68,94,dry,96 h,51,backhaul,2026-09-30,2026-10-02,Sealed container feeder,70,6,dedicated fleet,44.2,14138000,10:00-14:00,100,42,220,9,,bulk export overflow,Best suited to feeder or port-linked consolidation.,loose perishable|fragile craft
SHP-00821,east-port,Riverline Foods,Regulated pharma samples,regulated pharma,Balasore,Patna,27,air,12100,197,84,regulated,48 h,47,premium,2026-09-22,2026-09-23,Validated secure pharma uplift,94,53,per-trip contract,16.2,1242000,14:00-22:00,59,114,152,170,BAL-DEL/BOM gateway,regulated high-value urgent,Needs chain-of-custody and compliance clearance.,food|cement|chemicals|unsecured parcels
SHP-00822,east-port,BluePeak Foods,Textile bales,textile dry,Jharsuguda,Raipur,626,road,5000,46,81,dry,60 h,35,contract,2026-09-17,2026-09-20,Dry van with moisture guard,73,6,dedicated fleet,18.8,7892000,06:00-10:00,96,22,19,20,,dry industrial backhaul,Needs dry handling and moisture protection.,wet cargo|chemicals
SHP-00823,east-port,Eastern Foods,Speciality ginger and citrus,fresh produce,Balasore,Patna,412,road,5400,220,89,chilled,24 h,86,overflow,2026-09-24,2026-09-28,Ventilated reefer truck,79,60,spot market,24.0,6218000,06:00-10:00,73,36,33,60,,perishable agriculture,Requires food-safe handling and temperature discipline.,cement|chemicals|odour cargo
SHP-00824,east-port,Greenfield Supply Co,Regulated pharma samples,regulated pharma,Cuttack,Raipur,61,air,12700,95,98,regulated,96 h,32,premium,2026-10-24,2026-10-26,Validated secure pharma uplift,80,78,SLA contract,14.0,1854000,22:00-02:00,38,180,166,273,CUT-DEL/BOM gateway,regulated high-value urgent,Needs chain-of-custody and compliance clearance.,food|cement|chemicals|unsecured parcels
SHP-00825,east-port,Swift Supply Co,High value samples,secured samples,Balasore,Raipur,52,air,27600,74,94,regulated,5 d,39,backhaul,2026-10-17,2026-10-18,Secure air cargo pouch,82,90,per-trip contract,16.7,4436000,14:00-22:00,54,118,148,164,BAL-DEL/BOM gateway,high-value urgent,Needs secure handling and tight handoff control.,bulk cargo|unsecured parcels
SHP-00826,east-port,Bharat Foods,Bamboo panels and handicrafts,fragile craft,Angul,Ranchi,334,staging,5000,73,95,fragile,48 h,63,spot,2026-10-30,2026-10-31,Padded box truck with staging buffer,85,18,SLA contract,18.7,4098000,10:00-14:00,96,45,24,78,,fragile regional exports,Needs bracing and should avoid dusty or heavy loads.,cement|heavy machinery|wet cargo
SHP-00827,east-port,Greenfield Supply Co,High value samples,secured samples,Cuttack,Kolkata,6,air,29300,99,91,regulated,6 d,53,overflow,2026-10-04,2026-10-05,Secure air cargo pouch,89,32,SLA contract,19.9,397000,06:00-10:00,96,137,78,299,CUT-DEL/BOM gateway,high-value urgent,Needs secure handling and tight handoff control.,bulk cargo|unsecured parcels
SHP-00828,east-port,Eastern Industries,Electronics returns,electronics,Angul,Patna,232,staging,7200,90,75,ambient,60 h,44,backhaul,2026-10-30,2026-11-02,Secure parcel truck,84,34,fixed monthly,21.9,6910000,22:00-02:00,71,15,30,17,,high-value reverse logistics,"Needs dry, secure movement and claims control.",wet cargo|magnetic cargo|loose food
SHP-00829,east-port,Tea Garden Collective,Bamboo panels and handicrafts,fragile craft,Rourkela,Kolkata,289,staging,5600,72,88,fragile,5 d,80,contract,2026-10-13,2026-10-18,Padded box truck with staging buffer,90,34,dedicated fleet,23.7,7176000,10:00-14:00,91,13,18,8,,fragile regional exports,Needs bracing and should avoid dusty or heavy loads.,cement|heavy machinery|wet cargo
SHP-00830,east-port,Healthline Logistics,Packaged tea cartons,food-grade dry,Balasore,Kolkata,490,road,4100,181,93,dry,6 d,75,contract,2026-10-26,2026-10-27,Food-grade dry van,84,17,fixed monthly,17.2,9091000,14:00-22:00,76,21,21,45,,anchor-compatible FMCG backhaul,Can ride with packaged food and dry FMCG cargo.,cement|chemicals|hazardous
SHP-00831,east-port,CraftBridge Collective,Frozen bakery inputs,chilled food,Rourkela,Patna,458,road,6400,94,89,chilled,24 h,71,return,2026-09-27,2026-09-28,Reefer truck,87,93,SLA contract,22.0,6759000,10:00-14:00,35,20,3,73,,temperature-controlled food,Needs temperature-controlled carriage.,ambient dry cargo|cement|chemicals
SHP-00832,east-port,Riverline Foods,Electronics returns,electronics,Balasore,Raipur,62,staging,6000,210,99,ambient,24 h,38,spot,2026-10-05,2026-10-07,Secure parcel truck,75,72,fixed monthly,20.9,877000,14:00-22:00,78,33,34,21,,high-value reverse logistics,"Needs dry, secure movement and claims control.",wet cargo|magnetic cargo|loose food
SHP-00833,east-port,Horizon Supply Co,Packaged tea cartons,food-grade dry,Angul,Ranchi,220,road,5300,112,84,dry,36 h,25,return,2026-10-13,2026-10-18,Food-grade dry van,85,57,per-tonne contract,15.5,4499000,22:00-02:00,99,26,17,9,,anchor-compatible FMCG backhaul,Can ride with packaged food and dry FMCG cargo.,cement|chemicals|hazardous
SHP-00834,east-port,Greenfield Trade Network,Durable snacks overflow,food-grade dry,Cuttack,Ranchi,626,road,4100,49,89,ambient,36 h,55,overflow,2026-10-21,2026-10-26,Food-grade dry van,99,53,per-trip contract,13.2,7807000,10:00-14:00,88,23,14,28,,anchor-compatible FMCG overflow,Highly compatible with Britannia-style packaged food lanes.,cement|chemicals|wet cargo
SHP-00835,east-port,National Supply Co,Premium craft consignments,fragile craft,Angul,Jamshedpur,163,staging,6000,62,99,fragile,48 h,66,return,2026-10-04,2026-10-07,Padded box truck with staging buffer,82,29,fixed monthly,25.6,3518000,10:00-14:00,73,21,29,38,,premium fragile exports,Needs gentle handling and staging protection.,cement|heavy machinery|wet cargo
SHP-00836,east-port,Riverline Industries,Packaged tea cartons,food-grade dry,Rourkela,Ranchi,158,road,4200,57,93,dry,24 h,79,spot,2026-10-26,2026-10-31,Food-grade dry van,78,16,per-trip contract,14.6,1932000,06:00-10:00,44,18,16,53,,anchor-compatible FMCG backhaul,Can ride with packaged food and dry FMCG cargo.,cement|chemicals|hazardous
SHP-00837,east-port,Riverline Trade Network,Spice cartons,food-grade dry,Cuttack,Kolkata,688,road,5200,80,94,ambient,60 h,30,return,2026-10-22,2026-10-23,Food-grade dry van,78,37,fixed monthly,15.4,16157000,06:00-10:00,42,29,35,84,,ambient food exports,Compatible with packaged food when odour control is maintained.,cement|chemicals|odour cargo
SHP-00838,east-port,Greenfield Export House,Medical devices,regulated devices,Jharsuguda,Ranchi,41,air,20600,75,79,regulated,36 h,63,overflow,2026-10-07,2026-10-09,Secure high-value air cargo,81,22,SLA contract,17.5,3860000,22:00-02:00,66,168,231,101,JHA-DEL/BOM gateway,regulated high-value urgent,Needs secure handling and documented custody.,cement|chemicals|unsealed food
SHP-00839,east-port,Swift Distributors,High value samples,secured samples,Rourkela,Ranchi,43,air,26900,97,91,regulated,6 d,34,backhaul,2026-10-17,2026-10-19,Secure air cargo pouch,88,12,dedicated fleet,17.9,4408000,10:00-14:00,36,86,120,330,ROU-DEL/BOM gateway,high-value urgent,Needs secure handling and tight handoff control.,bulk cargo|unsecured parcels
SHP-00840,east-port,Spice Valley Export House,Electronics returns,electronics,Paradip,Kolkata,106,staging,6300,137,89,ambient,5 d,65,overflow,2026-10-04,2026-10-05,Secure parcel truck,90,43,per-tonne contract,22.4,2236000,14:00-22:00,80,29,6,35,,high-value reverse logistics,"Needs dry, secure movement and claims control.",wet cargo|magnetic cargo|loose food
SHP-00841,east-port,Metro Forwarders,Premium craft consignments,fragile craft,Balasore,Kolkata,211,staging,6000,69,75,fragile,24 h,53,backhaul,2026-10-24,2026-10-28,Padded box truck with staging buffer,79,39,spot market,22.3,5614000,22:00-02:00,64,40,13,35,,premium fragile exports,Needs gentle handling and staging protection.,cement|heavy machinery|wet cargo
SHP-00842,east-port,PortLink Trade Network,Textile bales,textile dry,Rourkela,Jamshedpur,281,road,5100,74,98,dry,6 d,99,return,2026-10-06,2026-10-11,Dry van with moisture guard,85,61,per-tonne contract,20.3,6303000,22:00-02:00,40,16,32,24,,dry industrial backhaul,Needs dry handling and moisture protection.,wet cargo|chemicals
SHP-00843,east-port,PortLink Logistics,Regulated pharma samples,regulated pharma,Rourkela,Patna,18,air,23000,63,95,regulated,60 h,71,contract,2026-10-21,2026-10-22,Validated secure pharma uplift,83,35,SLA contract,12.0,1847000,22:00-02:00,41,59,183,184,ROU-DEL/BOM gateway,regulated high-value urgent,Needs chain-of-custody and compliance clearance.,food|cement|chemicals|unsecured parcels
SHP-00844,east-port,AgroStar Industries,Bamboo panels and handicrafts,fragile craft,Angul,Patna,44,staging,6200,150,99,fragile,36 h,57,return,2026-09-19,2026-09-20,Padded box truck with staging buffer,78,28,per-trip contract,19.9,667000,22:00-02:00,60,20,2,76,,fragile regional exports,Needs bracing and should avoid dusty or heavy loads.,cement|heavy machinery|wet cargo
SHP-00845,east-port,National Supply Co,Packaged tea cartons,food-grade dry,Cuttack,Patna,393,road,5100,138,87,dry,6 d,24,contract,2026-10-30,2026-11-04,Food-grade dry van,90,45,fixed monthly,21.9,7870000,22:00-02:00,44,44,20,44,,anchor-compatible FMCG backhaul,Can ride with packaged food and dry FMCG cargo.,cement|chemicals|hazardous
SHP-00846,east-port,Greenfield Consortium,Durable snacks overflow,food-grade dry,Rourkela,Kolkata,501,road,4100,119,81,ambient,60 h,69,overflow,2026-09-21,2026-09-23,Food-grade dry van,87,25,dedicated fleet,17.5,9162000,14:00-22:00,74,24,15,35,,anchor-compatible FMCG overflow,Highly compatible with Britannia-style packaged food lanes.,cement|chemicals|wet cargo
SHP-00847,east-port,Riverline Trade Network,High value samples,secured samples,Paradip,Jamshedpur,57,air,32400,177,93,regulated,72 h,39,contract,2026-10-26,2026-10-27,Secure air cargo pouch,75,35,spot market,10.6,4445000,10:00-14:00,43,88,82,87,PAR-DEL/BOM gateway,high-value urgent,Needs secure handling and tight handoff control.,bulk cargo|unsecured parcels
SHP-00848,east-port,National Distributors,Durable snacks overflow,food-grade dry,Angul,Jamshedpur,301,road,3200,22,87,ambient,60 h,66,overflow,2026-09-18,2026-09-20,Food-grade dry van,86,70,SLA contract,15.3,3504000,22:00-02:00,94,27,9,12,,anchor-compatible FMCG overflow,Highly compatible with Britannia-style packaged food lanes.,cement|chemicals|wet cargo
SHP-00849,east-port,Spice Valley Collective,Reverse logistics parcels,parcel returns,Paradip,Bhubaneswar,149,staging,6100,108,85,ambient,60 h,27,premium,2026-10-16,2026-10-19,Parcel cage vehicle,80,61,per-tonne contract,23.9,3526000,14:00-22:00,80,37,13,74,,reverse logistics,Works well in staged consolidation waves.,loose food|hazardous
SHP-00850,east-port,Swift Industries,Durable snacks overflow,food-grade dry,Jharsuguda,Patna,67,road,3900,56,88,ambient,72 h,79,backhaul,2026-10-10,2026-10-16,Food-grade dry van,83,43,spot market,14.0,905000,10:00-14:00,63,19,32,14,,anchor-compatible FMCG overflow,Highly compatible with Britannia-style packaged food lanes.,cement|chemicals|wet cargo
SHP-00851,east-port,Eastern Distributors,High value samples,secured samples,Balasore,Jamshedpur,27,air,37000,203,86,regulated,96 h,72,contract,2026-10-18,2026-10-19,Secure air cargo pouch,85,73,per-tonne contract,11.0,2571000,10:00-14:00,67,88,97,160,BAL-DEL/BOM gateway,high-value urgent,Needs secure handling and tight handoff control.,bulk cargo|unsecured parcels
SHP-00852,east-port,Eastern Logistics,Premium craft consignments,fragile craft,Jharsuguda,Kolkata,74,staging,7900,122,89,fragile,60 h,75,backhaul,2026-10-08,2026-10-10,Padded box truck with staging buffer,90,49,SLA contract,21.7,1480000,10:00-14:00,98,43,19,37,,premium fragile exports,Needs gentle handling and staging protection.,cement|heavy machinery|wet cargo
SHP-00853,east-port,AgroStar Forwarders,Reverse logistics parcels,parcel returns,Cuttack,Ranchi,252,staging,5100,90,94,ambient,24 h,65,return,2026-10-07,2026-10-10,Parcel cage vehicle,94,9,per-trip contract,24.4,4428000,10:00-14:00,48,36,3,1,,reverse logistics,Works well in staged consolidation waves.,loose food|hazardous
SHP-00854,east-port,National Industries,Electronics returns,electronics,Paradip,Patna,288,staging,7100,92,92,ambient,6 d,83,return,2026-10-16,2026-10-18,Secure parcel truck,64,27,spot market,22.6,9792000,22:00-02:00,60,41,6,30,,high-value reverse logistics,"Needs dry, secure movement and claims control.",wet cargo|magnetic cargo|loose food
SHP-00855,east-port,Swift Distributors,Regulated pharma samples,regulated pharma,Rourkela,Raipur,60,air,30700,48,91,regulated,96 h,74,overflow,2026-09-16,2026-09-18,Validated secure pharma uplift,83,50,spot market,19.1,4612000,06:00-10:00,36,170,222,92,ROU-DEL/BOM gateway,regulated high-value urgent,Needs chain-of-custody and compliance clearance.,food|cement|chemicals|unsecured parcels
SHP-00856,east-port,Greenfield Supply Co,Coffee and cocoa sacks,food-grade dry,Angul,Patna,528,sea,3200,136,96,dry,6 d,46,backhaul,2026-10-03,2026-10-04,Dry container with odour guard,82,36,spot market,37.0,7723000,10:00-14:00,51,38,76,65,,bulk food export,Can consolidate with dry food cargo.,cement|chemicals|odour cargo
SHP-00857,east-port,CraftBridge Consortium,Frozen bakery inputs,chilled food,Paradip,Patna,447,road,6100,149,80,chilled,72 h,37,return,2026-09-27,2026-10-01,Reefer truck,92,49,per-trip contract,21.5,12606000,10:00-14:00,65,26,35,90,,temperature-controlled food,Needs temperature-controlled carriage.,ambient dry cargo|cement|chemicals
SHP-00858,east-port,Metro Foods,Coffee and cocoa sacks,food-grade dry,Angul,Jamshedpur,398,sea,3400,59,94,dry,60 h,70,premium,2026-09-25,2026-10-01,Dry container with odour guard,87,34,per-trip contract,40.8,3871000,14:00-22:00,97,31,105,51,,bulk food export,Can consolidate with dry food cargo.,cement|chemicals|odour cargo
SHP-00859,east-port,Horizon Trade Network,Containerised export overflow,container export,Rourkela,Bhubaneswar,645,sea,3500,64,85,dry,6 d,42,backhaul,2026-10-15,2026-10-16,Sealed container feeder,74,91,per-trip contract,42.7,7266000,10:00-14:00,52,18,216,5,,bulk export overflow,Best suited to feeder or port-linked consolidation.,loose perishable|fragile craft
SHP-00860,east-port,AgroStar Forwarders,Packaged tea cartons,food-grade dry,Jharsuguda,Jamshedpur,633,road,3800,105,83,dry,60 h,28,contract,2026-10-19,2026-10-22,Food-grade dry van,65,37,spot market,20.2,8353000,22:00-02:00,53,27,19,31,,anchor-compatible FMCG backhaul,Can ride with packaged food and dry FMCG cargo.,cement|chemicals|hazardous
SHP-00861,east-port,Spice Valley Industries,Bamboo panels and handicrafts,fragile craft,Cuttack,Bhubaneswar,328,staging,4400,122,78,fragile,5 d,78,premium,2026-09-25,2026-09-27,Padded box truck with staging buffer,82,19,spot market,20.6,4048000,06:00-10:00,37,13,5,56,,fragile regional exports,Needs bracing and should avoid dusty or heavy loads.,cement|heavy machinery|wet cargo
SHP-00862,east-port,Tea Garden Industries,Speciality ginger and citrus,fresh produce,Cuttack,Patna,98,road,6700,136,88,chilled,24 h,81,premium,2026-10-18,2026-10-24,Ventilated reefer truck,89,56,fixed monthly,16.3,1979000,14:00-22:00,38,11,19,28,,perishable agriculture,Requires food-safe handling and temperature discipline.,cement|chemicals|odour cargo
SHP-00863,east-port,National Collective,Spice cartons,food-grade dry,Cuttack,Patna,183,road,4900,62,85,ambient,72 h,61,backhaul,2026-10-28,2026-10-29,Food-grade dry van,84,30,SLA contract,16.4,4239000,06:00-10:00,52,17,6,43,,ambient food exports,Compatible with packaged food when odour control is maintained.,cement|chemicals|odour cargo
SHP-00864,east-port,National Industries,Textile bales,textile dry,Balasore,Patna,679,road,4700,200,85,dry,96 h,52,contract,2026-09-26,2026-09-27,Dry van with moisture guard,78,42,per-tonne contract,17.6,9220000,14:00-22:00,65,34,32,8,,dry industrial backhaul,Needs dry handling and moisture protection.,wet cargo|chemicals
SHP-00865,east-port,Tea Garden Distributors,Electronics returns,electronics,Balasore,Ranchi,107,staging,8100,178,81,ambient,36 h,99,contract,2026-10-18,2026-10-22,Secure parcel truck,76,44,SLA contract,24.6,2074000,06:00-10:00,97,26,13,73,,high-value reverse logistics,"Needs dry, secure movement and claims control.",wet cargo|magnetic cargo|loose food
SHP-00866,east-port,CraftBridge Supply Co,Packaged tea cartons,food-grade dry,Jharsuguda,Patna,675,road,4100,149,99,dry,72 h,77,return,2026-10-05,2026-10-08,Food-grade dry van,69,58,SLA contract,22.9,11896000,10:00-14:00,91,43,28,0,,anchor-compatible FMCG backhaul,Can ride with packaged food and dry FMCG cargo.,cement|chemicals|hazardous
SHP-00867,east-port,Healthline Foods,Containerised export overflow,container export,Rourkela,Ranchi,455,sea,3600,94,86,dry,48 h,86,spot,2026-10-16,2026-10-17,Sealed container feeder,79,38,per-trip contract,44.6,4319000,10:00-14:00,65,13,215,45,,bulk export overflow,Best suited to feeder or port-linked consolidation.,loose perishable|fragile craft
SHP-00868,east-port,Swift Supply Co,High value samples,secured samples,Paradip,Jamshedpur,22,air,28500,76,79,regulated,5 d,52,overflow,2026-10-05,2026-10-06,Secure air cargo pouch,66,20,spot market,9.9,2762000,06:00-10:00,43,71,97,209,PAR-DEL/BOM gateway,high-value urgent,Needs secure handling and tight handoff control.,bulk cargo|unsecured parcels
SHP-00869,east-port,RetailLoop Industries,Containerised export overflow,container export,Angul,Patna,1089,sea,3800,92,96,dry,72 h,35,backhaul,2026-09-26,2026-09-27,Sealed container feeder,77,47,per-trip contract,41.1,12907000,06:00-10:00,40,37,237,78,,bulk export overflow,Best suited to feeder or port-linked consolidation.,loose perishable|fragile craft
SHP-00870,east-port,PortLink Industries,Textile bales,textile dry,Angul,Raipur,680,road,4300,60,89,dry,72 h,38,return,2026-09-29,2026-09-30,Dry van with moisture guard,81,25,fixed monthly,15.9,7004000,06:00-10:00,75,45,10,17,,dry industrial backhaul,Needs dry handling and moisture protection.,wet cargo|chemicals
SHP-00871,east-port,Metro Distributors,Durable snacks overflow,food-grade dry,Balasore,Kolkata,674,road,3200,67,78,ambient,5 d,50,overflow,2026-09-30,2026-10-03,Food-grade dry van,70,68,fixed monthly,19.4,7632000,22:00-02:00,97,23,35,54,,anchor-compatible FMCG overflow,Highly compatible with Britannia-style packaged food lanes.,cement|chemicals|wet cargo
SHP-00872,east-port,Prime Export House,Electronics returns,electronics,Cuttack,Raipur,339,staging,8200,195,86,ambient,96 h,40,overflow,2026-10-31,2026-11-02,Secure parcel truck,64,65,spot market,21.3,10100000,22:00-02:00,94,35,25,77,,high-value reverse logistics,"Needs dry, secure movement and claims control.",wet cargo|magnetic cargo|loose food
SHP-00873,east-port,Prime Collective,Medical devices,regulated devices,Balasore,Bhubaneswar,8,air,20200,92,79,regulated,36 h,45,premium,2026-10-19,2026-10-20,Secure high-value air cargo,82,6,SLA contract,13.5,512000,06:00-10:00,70,133,228,59,BAL-DEL/BOM gateway,regulated high-value urgent,Needs secure handling and documented custody.,cement|chemicals|unsealed food
SHP-00874,east-port,Horizon Forwarders,Spice cartons,food-grade dry,Paradip,Kolkata,630,road,6100,60,83,ambient,60 h,86,return,2026-09-27,2026-09-30,Food-grade dry van,88,30,SLA contract,15.3,17179000,22:00-02:00,45,44,0,68,,ambient food exports,Compatible with packaged food when odour control is maintained.,cement|chemicals|odour cargo
SHP-00875,east-port,Horizon Consortium,Electronics returns,electronics,Paradip,Kolkata,45,staging,8000,164,83,ambient,36 h,39,spot,2026-10-08,2026-10-12,Secure parcel truck,67,34,spot market,23.9,1651000,10:00-14:00,69,31,34,24,,high-value reverse logistics,"Needs dry, secure movement and claims control.",wet cargo|magnetic cargo|loose food
SHP-00876,east-port,Greenfield Supply Co,Packaged tea cartons,food-grade dry,Rourkela,Jamshedpur,104,road,4400,102,99,dry,24 h,71,backhaul,2026-09-28,2026-10-02,Food-grade dry van,81,59,fixed monthly,20.6,2018000,10:00-14:00,37,24,2,42,,anchor-compatible FMCG backhaul,Can ride with packaged food and dry FMCG cargo.,cement|chemicals|hazardous
SHP-00877,east-port,Greenfield Consortium,Textile bales,textile dry,Jharsuguda,Ranchi,94,road,4800,91,92,dry,6 d,52,spot,2026-09-30,2026-10-04,Dry van with moisture guard,79,14,per-tonne contract,17.0,2093000,10:00-14:00,79,15,14,82,,dry industrial backhaul,Needs dry handling and moisture protection.,wet cargo|chemicals
SHP-00878,east-port,Greenfield Trade Network,Medical devices,regulated devices,Balasore,Raipur,60,air,16400,77,86,regulated,24 h,69,contract,2026-09-19,2026-09-21,Secure high-value air cargo,90,50,per-trip contract,14.2,3693000,06:00-10:00,56,134,215,267,BAL-DEL/BOM gateway,regulated high-value urgent,Needs secure handling and documented custody.,cement|chemicals|unsealed food
SHP-00879,east-port,BluePeak Logistics,Regulated pharma samples,regulated pharma,Jharsuguda,Raipur,49,air,13100,166,89,regulated,5 d,77,overflow,2026-09-29,2026-09-30,Validated secure pharma uplift,80,75,spot market,11.9,2539000,06:00-10:00,65,49,147,269,JHA-DEL/BOM gateway,regulated high-value urgent,Needs chain-of-custody and compliance clearance.,food|cement|chemicals|unsecured parcels
SHP-00880,east-port,Bharat Forwarders,High value samples,secured samples,Cuttack,Ranchi,41,air,28400,65,79,regulated,12 h,87,return,2026-09-18,2026-09-20,Secure air cargo pouch,79,75,per-trip contract,8.6,4039000,14:00-22:00,96,92,92,66,CUT-DEL/BOM gateway,high-value urgent,Needs secure handling and tight handoff control.,bulk cargo|unsecured parcels
SHP-00881,east-port,Metro Forwarders,Spice cartons,food-grade dry,Rourkela,Jamshedpur,506,road,5800,86,84,ambient,5 d,65,return,2026-10-21,2026-10-25,Food-grade dry van,93,50,SLA contract,14.3,9159000,10:00-14:00,66,28,11,1,,ambient food exports,Compatible with packaged food when odour control is maintained.,cement|chemicals|odour cargo
SHP-00882,east-port,Horizon Trade Network,Coffee and cocoa sacks,food-grade dry,Balasore,Bhubaneswar,117,sea,4300,51,78,dry,72 h,32,backhaul,2026-10-05,2026-10-08,Dry container with odour guard,66,75,fixed monthly,40.1,1376000,22:00-02:00,88,36,96,63,,bulk food export,Can consolidate with dry food cargo.,cement|chemicals|odour cargo
SHP-00883,east-port,BluePeak Collective,Electronics returns,electronics,Paradip,Kolkata,304,staging,6700,47,89,ambient,48 h,45,premium,2026-10-23,2026-10-28,Secure parcel truck,85,5,per-trip contract,18.7,6077000,22:00-02:00,60,26,24,10,,high-value reverse logistics,"Needs dry, secure movement and claims control.",wet cargo|magnetic cargo|loose food
SHP-00884,east-port,AgroStar Foods,Textile bales,textile dry,Jharsuguda,Kolkata,246,road,4500,193,88,dry,5 d,49,spot,2026-10-09,2026-10-14,Dry van with moisture guard,74,15,SLA contract,19.6,3695000,06:00-10:00,62,30,18,81,,dry industrial backhaul,Needs dry handling and moisture protection.,wet cargo|chemicals
SHP-00885,east-port,RetailLoop Distributors,Regulated pharma samples,regulated pharma,Angul,Patna,63,air,18300,37,80,regulated,24 h,75,premium,2026-09-20,2026-09-21,Validated secure pharma uplift,82,15,dedicated fleet,14.8,3334000,10:00-14:00,76,48,107,275,ANG-DEL/BOM gateway,regulated high-value urgent,Needs chain-of-custody and compliance clearance.,food|cement|chemicals|unsecured parcels
SHP-00886,east-port,Swift Logistics,Durable snacks overflow,food-grade dry,Balasore,Ranchi,159,road,4100,97,98,ambient,24 h,26,premium,2026-10-11,2026-10-12,Food-grade dry van,91,18,fixed monthly,21.3,1734000,06:00-10:00,59,22,25,43,,anchor-compatible FMCG overflow,Highly compatible with Britannia-style packaged food lanes.,cement|chemicals|wet cargo
SHP-00887,east-port,AgroStar Consortium,Regulated pharma samples,regulated pharma,Cuttack,Jamshedpur,20,air,22600,137,84,regulated,5 d,32,contract,2026-09-17,2026-09-19,Validated secure pharma uplift,91,3,fixed monthly,16.9,2098000,22:00-02:00,49,124,156,305,CUT-DEL/BOM gateway,regulated high-value urgent,Needs chain-of-custody and compliance clearance.,food|cement|chemicals|unsecured parcels
SHP-00888,east-port,Prime Distributors,Premium craft consignments,fragile craft,Balasore,Jamshedpur,87,staging,8600,30,85,fragile,60 h,73,contract,2026-10-23,2026-10-28,Padded box truck with staging buffer,82,50,dedicated fleet,23.7,2732000,22:00-02:00,100,35,6,2,,premium fragile exports,Needs gentle handling and staging protection.,cement|heavy machinery|wet cargo
SHP-00889,east-port,Swift Export House,Medical devices,regulated devices,Jharsuguda,Kolkata,70,air,15000,236,92,regulated,48 h,78,overflow,2026-09-17,2026-09-19,Secure high-value air cargo,77,42,per-trip contract,10.5,3266000,22:00-02:00,54,165,53,179,JHA-DEL/BOM gateway,regulated high-value urgent,Needs secure handling and documented custody.,cement|chemicals|unsealed food
SHP-00890,east-port,Riverline Consortium,Spice cartons,food-grade dry,Cuttack,Ranchi,612,road,4800,223,84,ambient,96 h,95,overflow,2026-09-18,2026-09-24,Food-grade dry van,85,61,SLA contract,19.8,10010000,14:00-22:00,94,26,10,46,,ambient food exports,Compatible with packaged food when odour control is maintained.,cement|chemicals|odour cargo
SHP-00891,east-port,Spice Valley Industries,Electronics returns,electronics,Balasore,Jamshedpur,264,staging,7900,121,96,ambient,72 h,60,spot,2026-10-27,2026-10-30,Secure parcel truck,73,14,per-trip contract,22.7,7531000,22:00-02:00,99,38,15,55,,high-value reverse logistics,"Needs dry, secure movement and claims control.",wet cargo|magnetic cargo|loose food
SHP-00892,east-port,Bharat Supply Co,Containerised export overflow,container export,Rourkela,Raipur,1164,sea,4400,166,99,dry,72 h,44,spot,2026-10-11,2026-10-13,Sealed container feeder,78,2,per-trip contract,40.4,16792000,06:00-10:00,54,42,148,85,,bulk export overflow,Best suited to feeder or port-linked consolidation.,loose perishable|fragile craft
SHP-00893,east-port,Riverline Distributors,Packaged tea cartons,food-grade dry,Paradip,Jamshedpur,210,road,4700,69,92,dry,24 h,53,overflow,2026-10-21,2026-10-24,Food-grade dry van,80,20,spot market,20.1,2294000,14:00-22:00,50,15,35,23,,anchor-compatible FMCG backhaul,Can ride with packaged food and dry FMCG cargo.,cement|chemicals|hazardous
SHP-00894,east-port,Healthline Collective,Regulated pharma samples,regulated pharma,Cuttack,Kolkata,39,air,14800,99,97,regulated,48 h,25,spot,2026-10-04,2026-10-06,Validated secure pharma uplift,75,71,dedicated fleet,14.4,1872000,22:00-02:00,79,132,109,155,CUT-DEL/BOM gateway,regulated high-value urgent,Needs chain-of-custody and compliance clearance.,food|cement|chemicals|unsecured parcels
SHP-00895,east-port,BluePeak Foods,Coffee and cocoa sacks,food-grade dry,Cuttack,Ranchi,120,sea,3400,213,95,dry,72 h,97,return,2026-09-24,2026-09-27,Dry container with odour guard,82,5,per-tonne contract,40.4,1400000,10:00-14:00,73,14,175,86,,bulk food export,Can consolidate with dry food cargo.,cement|chemicals|odour cargo
SHP-00896,east-port,Summit Distributors,Packaged tea cartons,food-grade dry,Balasore,Patna,318,road,3700,70,99,dry,48 h,52,overflow,2026-10-31,2026-11-03,Food-grade dry van,83,65,per-tonne contract,18.3,5465000,22:00-02:00,83,11,25,68,,anchor-compatible FMCG backhaul,Can ride with packaged food and dry FMCG cargo.,cement|chemicals|hazardous
SHP-00897,east-port,CraftBridge Foods,Packaged tea cartons,food-grade dry,Angul,Raipur,492,road,3700,85,83,dry,36 h,56,overflow,2026-10-31,2026-11-06,Food-grade dry van,87,61,per-trip contract,17.3,4259000,10:00-14:00,85,28,4,47,,anchor-compatible FMCG backhaul,Can ride with packaged food and dry FMCG cargo.,cement|chemicals|hazardous
SHP-00898,east-port,RetailLoop Consortium,Bamboo panels and handicrafts,fragile craft,Jharsuguda,Jamshedpur,405,staging,6200,112,92,fragile,48 h,66,contract,2026-10-28,2026-11-01,Padded box truck with staging buffer,80,22,dedicated fleet,24.7,8194000,14:00-22:00,54,15,9,75,,fragile regional exports,Needs bracing and should avoid dusty or heavy loads.,cement|heavy machinery|wet cargo
SHP-00899,east-port,Bharat Forwarders,Regulated pharma samples,regulated pharma,Rourkela,Raipur,59,air,27400,144,90,regulated,5 d,82,spot,2026-09-16,2026-09-17,Validated secure pharma uplift,73,30,fixed monthly,17.6,4672000,10:00-14:00,43,171,189,272,ROU-DEL/BOM gateway,regulated high-value urgent,Needs chain-of-custody and compliance clearance.,food|cement|chemicals|unsecured parcels
SHP-00900,east-port,Summit Distributors,Speciality ginger and citrus,fresh produce,Jharsuguda,Patna,584,road,5500,73,90,chilled,48 h,76,backhaul,2026-10-21,2026-10-25,Ventilated reefer truck,70,75,dedicated fleet,20.7,9712000,22:00-02:00,37,36,5,0,,perishable agriculture,Requires food-safe handling and temperature discipline.,cement|chemicals|odour cargo
SHP-00901,east-port,RetailLoop Supply Co,High value samples,secured samples,Rourkela,Kolkata,43,air,22400,37,84,regulated,60 h,41,backhaul,2026-10-24,2026-10-26,Secure air cargo pouch,83,42,per-tonne contract,12.5,2909000,22:00-02:00,49,59,41,207,ROU-DEL/BOM gateway,high-value urgent,Needs secure handling and tight handoff control.,bulk cargo|unsecured parcels
SHP-00902,east-port,Prime Trade Network,Regulated pharma samples,regulated pharma,Jharsuguda,Bhubaneswar,18,air,15100,72,90,regulated,6 d,36,backhaul,2026-10-18,2026-10-20,Validated secure pharma uplift,74,14,fixed monthly,20.0,758000,10:00-14:00,82,167,193,228,JHA-DEL/BOM gateway,regulated high-value urgent,Needs chain-of-custody and compliance clearance.,food|cement|chemicals|unsecured parcels
SHP-00903,east-port,PortLink Forwarders,Spice cartons,food-grade dry,Rourkela,Kolkata,170,road,5800,131,86,ambient,24 h,59,backhaul,2026-09-17,2026-09-22,Food-grade dry van,74,61,SLA contract,20.7,4661000,14:00-22:00,89,22,22,60,,ambient food exports,Compatible with packaged food when odour control is maintained.,cement|chemicals|odour cargo
SHP-00904,east-port,Prime Distributors,Medical devices,regulated devices,Angul,Patna,56,air,20400,187,89,regulated,60 h,25,overflow,2026-09-28,2026-09-29,Secure high-value air cargo,76,25,SLA contract,11.7,2830000,06:00-10:00,56,143,153,124,ANG-DEL/BOM gateway,regulated high-value urgent,Needs secure handling and documented custody.,cement|chemicals|unsealed food
SHP-00905,east-port,Horizon Export House,High value samples,secured samples,Angul,Patna,21,air,34300,228,81,regulated,24 h,74,spot,2026-09-17,2026-09-19,Secure air cargo pouch,82,11,per-trip contract,15.2,1673000,10:00-14:00,77,49,199,110,ANG-DEL/BOM gateway,high-value urgent,Needs secure handling and tight handoff control.,bulk cargo|unsecured parcels
SHP-00906,east-port,Summit Forwarders,Bamboo panels and handicrafts,fragile craft,Angul,Raipur,293,staging,5300,86,88,fragile,72 h,69,backhaul,2026-09-19,2026-09-22,Padded box truck with staging buffer,80,18,per-tonne contract,20.1,7042000,10:00-14:00,91,39,5,56,,fragile regional exports,Needs bracing and should avoid dusty or heavy loads.,cement|heavy machinery|wet cargo
SHP-00907,east-port,Swift Trade Network,Containerised export overflow,container export,Angul,Kolkata,964,sea,4200,108,81,dry,96 h,57,spot,2026-09-30,2026-10-05,Sealed container feeder,78,4,spot market,36.3,16774000,06:00-10:00,89,35,97,68,,bulk export overflow,Best suited to feeder or port-linked consolidation.,loose perishable|fragile craft
SHP-00908,east-port,Riverline Forwarders,Reverse logistics parcels,parcel returns,Paradip,Raipur,161,staging,6500,117,88,ambient,48 h,57,premium,2026-10-07,2026-10-13,Parcel cage vehicle,89,64,fixed monthly,23.3,3751000,22:00-02:00,64,23,28,24,,reverse logistics,Works well in staged consolidation waves.,loose food|hazardous
SHP-00909,east-port,Tea Garden Collective,Medical devices,regulated devices,Jharsuguda,Kolkata,61,air,25800,112,83,regulated,48 h,50,spot,2026-10-20,2026-10-21,Secure high-value air cargo,82,20,per-tonne contract,11.6,5641000,14:00-22:00,67,62,50,95,JHA-DEL/BOM gateway,regulated high-value urgent,Needs secure handling and documented custody.,cement|chemicals|unsealed food
SHP-00910,east-port,Summit Consortium,Spice cartons,food-grade dry,Rourkela,Bhubaneswar,527,road,6000,76,80,ambient,48 h,53,premium,2026-10-12,2026-10-16,Food-grade dry van,80,46,per-trip contract,15.3,10136000,14:00-22:00,43,16,4,9,,ambient food exports,Compatible with packaged food when odour control is maintained.,cement|chemicals|odour cargo
SHP-00911,east-port,Tea Garden Export House,Packaged tea cartons,food-grade dry,Balasore,Raipur,409,road,4400,173,93,dry,48 h,76,premium,2026-10-19,2026-10-23,Food-grade dry van,63,13,per-tonne contract,18.7,3967000,14:00-22:00,89,29,7,49,,anchor-compatible FMCG backhaul,Can ride with packaged food and dry FMCG cargo.,cement|chemicals|hazardous
SHP-00912,east-port,Riverline Supply Co,Reverse logistics parcels,parcel returns,Rourkela,Kolkata,349,staging,6200,53,89,ambient,5 d,99,contract,2026-10-07,2026-10-08,Parcel cage vehicle,81,26,per-tonne contract,22.4,6554000,10:00-14:00,52,29,12,19,,reverse logistics,Works well in staged consolidation waves.,loose food|hazardous
SHP-00913,east-port,Healthline Trade Network,Packaged tea cartons,food-grade dry,Balasore,Patna,587,road,3700,124,82,dry,72 h,44,return,2026-10-08,2026-10-14,Food-grade dry van,88,8,per-trip contract,17.7,8360000,06:00-10:00,40,32,2,6,,anchor-compatible FMCG backhaul,Can ride with packaged food and dry FMCG cargo.,cement|chemicals|hazardous
SHP-00914,east-port,Greenfield Distributors,Spice cartons,food-grade dry,Angul,Ranchi,443,road,5700,175,85,ambient,60 h,51,return,2026-10-14,2026-10-19,Food-grade dry van,83,29,SLA contract,22.2,11527000,22:00-02:00,89,17,20,5,,ambient food exports,Compatible with packaged food when odour control is maintained.,cement|chemicals|odour cargo
SHP-00915,east-port,Riverline Foods,Coffee and cocoa sacks,food-grade dry,Cuttack,Kolkata,249,sea,3400,102,86,dry,6 d,64,spot,2026-10-17,2026-10-18,Dry container with odour guard,96,42,SLA contract,42.7,3653000,22:00-02:00,42,17,31,70,,bulk food export,Can consolidate with dry food cargo.,cement|chemicals|odour cargo
SHP-00916,east-port,Horizon Logistics,Bamboo panels and handicrafts,fragile craft,Rourkela,Ranchi,213,staging,7100,126,88,fragile,48 h,90,return,2026-09-24,2026-09-25,Padded box truck with staging buffer,86,19,SLA contract,18.2,3483000,22:00-02:00,88,29,6,9,,fragile regional exports,Needs bracing and should avoid dusty or heavy loads.,cement|heavy machinery|wet cargo
SHP-00917,east-port,RetailLoop Trade Network,Textile bales,textile dry,Balasore,Raipur,351,road,4600,82,90,dry,60 h,72,overflow,2026-10-17,2026-10-19,Dry van with moisture guard,84,34,per-trip contract,15.8,4012000,06:00-10:00,65,31,25,88,,dry industrial backhaul,Needs dry handling and moisture protection.,wet cargo|chemicals
SHP-00918,east-port,Swift Distributors,Frozen bakery inputs,chilled food,Paradip,Ranchi,575,road,6600,86,76,chilled,36 h,96,return,2026-10-06,2026-10-09,Reefer truck,78,63,per-trip contract,17.7,17310000,10:00-14:00,54,43,33,18,,temperature-controlled food,Needs temperature-controlled carriage.,ambient dry cargo|cement|chemicals
SHP-00919,east-port,BluePeak Foods,Electronics returns,electronics,Jharsuguda,Raipur,56,staging,5400,193,83,ambient,24 h,48,return,2026-09-30,2026-10-01,Secure parcel truck,85,34,dedicated fleet,19.6,704000,22:00-02:00,74,13,14,43,,high-value reverse logistics,"Needs dry, secure movement and claims control.",wet cargo|magnetic cargo|loose food
SHP-00920,east-port,Spice Valley Industries,Regulated pharma samples,regulated pharma,Rourkela,Patna,45,air,13500,51,85,regulated,72 h,43,overflow,2026-09-18,2026-09-19,Validated secure pharma uplift,85,20,per-tonne contract,16.7,2554000,22:00-02:00,78,64,202,119,ROU-DEL/BOM gateway,regulated high-value urgent,Needs chain-of-custody and compliance clearance.,food|cement|chemicals|unsecured parcels
SHP-00921,east-port,Spice Valley Collective,Bamboo panels and handicrafts,fragile craft,Jharsuguda,Patna,263,staging,6000,190,91,fragile,48 h,80,overflow,2026-09-30,2026-10-04,Padded box truck with staging buffer,78,18,SLA contract,17.7,6619000,14:00-22:00,78,13,26,56,,fragile regional exports,Needs bracing and should avoid dusty or heavy loads.,cement|heavy machinery|wet cargo
SHP-00922,east-port,Metro Export House,Coffee and cocoa sacks,food-grade dry,Angul,Patna,514,sea,2800,110,88,dry,96 h,50,spot,2026-09-20,2026-09-22,Dry container with odour guard,84,50,per-tonne contract,36.5,6160000,10:00-14:00,41,17,58,33,,bulk food export,Can consolidate with dry food cargo.,cement|chemicals|odour cargo
SHP-00923,east-port,Bharat Collective,Speciality ginger and citrus,fresh produce,Paradip,Bhubaneswar,534,road,7400,218,92,chilled,5 d,53,return,2026-09-29,2026-10-05,Ventilated reefer truck,82,27,fixed monthly,21.7,14353000,22:00-02:00,51,37,24,49,,perishable agriculture,Requires food-safe handling and temperature discipline.,cement|chemicals|odour cargo
SHP-00924,east-port,Eastern Trade Network,Packaged tea cartons,food-grade dry,Jharsuguda,Raipur,651,road,5300,61,91,dry,36 h,48,overflow,2026-09-25,2026-09-28,Food-grade dry van,89,43,per-trip contract,20.3,8123000,06:00-10:00,98,21,22,1,,anchor-compatible FMCG backhaul,Can ride with packaged food and dry FMCG cargo.,cement|chemicals|hazardous
SHP-00925,east-port,National Forwarders,Containerised export overflow,container export,Rourkela,Jamshedpur,1179,sea,4200,32,88,dry,96 h,76,contract,2026-09-19,2026-09-24,Sealed container feeder,92,36,SLA contract,37.6,22019000,06:00-10:00,63,18,54,81,,bulk export overflow,Best suited to feeder or port-linked consolidation.,loose perishable|fragile craft
SHP-00926,east-port,Prime Export House,Speciality ginger and citrus,fresh produce,Balasore,Bhubaneswar,558,road,5700,115,96,chilled,24 h,57,spot,2026-09-19,2026-09-25,Ventilated reefer truck,79,32,spot market,20.7,11123000,22:00-02:00,90,30,24,27,,perishable agriculture,Requires food-safe handling and temperature discipline.,cement|chemicals|odour cargo
SHP-00927,east-port,Tea Garden Distributors,Speciality ginger and citrus,fresh produce,Rourkela,Patna,589,road,4800,66,95,chilled,48 h,31,spot,2026-10-05,2026-10-07,Ventilated reefer truck,82,37,fixed monthly,16.6,9685000,14:00-22:00,91,23,12,63,,perishable agriculture,Requires food-safe handling and temperature discipline.,cement|chemicals|odour cargo
SHP-00928,east-port,PortLink Consortium,Coffee and cocoa sacks,food-grade dry,Rourkela,Ranchi,220,sea,3800,196,83,dry,6 d,69,contract,2026-10-31,2026-11-04,Dry container with odour guard,84,46,per-tonne contract,39.8,1957000,06:00-10:00,85,18,202,30,,bulk food export,Can consolidate with dry food cargo.,cement|chemicals|odour cargo
SHP-00929,east-port,Prime Collective,Coffee and cocoa sacks,food-grade dry,Paradip,Patna,1158,sea,2900,152,91,dry,5 d,50,premium,2026-10-02,2026-10-03,Dry container with odour guard,81,25,per-tonne contract,42.7,14595000,10:00-14:00,47,38,117,49,,bulk food export,Can consolidate with dry food cargo.,cement|chemicals|odour cargo
SHP-00930,east-port,Tea Garden Foods,Speciality ginger and citrus,fresh produce,Paradip,Jamshedpur,411,road,6600,26,97,chilled,96 h,29,spot,2026-10-24,2026-10-28,Ventilated reefer truck,76,29,spot market,13.8,9204000,14:00-22:00,79,33,29,79,,perishable agriculture,Requires food-safe handling and temperature discipline.,cement|chemicals|odour cargo
SHP-00931,east-port,Spice Valley Consortium,Containerised export overflow,container export,Cuttack,Kolkata,151,sea,4500,117,86,dry,96 h,63,backhaul,2026-09-29,2026-10-05,Sealed container feeder,76,63,spot market,44.2,2457000,14:00-22:00,72,36,204,42,,bulk export overflow,Best suited to feeder or port-linked consolidation.,loose perishable|fragile craft
SHP-00932,east-port,Bharat Foods,Packaged tea cartons,food-grade dry,Jharsuguda,Jamshedpur,692,road,4300,67,93,dry,5 d,26,contract,2026-10-08,2026-10-13,Food-grade dry van,76,47,per-tonne contract,14.1,11262000,14:00-22:00,88,33,26,89,,anchor-compatible FMCG backhaul,Can ride with packaged food and dry FMCG cargo.,cement|chemicals|hazardous
SHP-00933,east-port,AgroStar Trade Network,Reverse logistics parcels,parcel returns,Rourkela,Jamshedpur,74,staging,4800,105,94,ambient,24 h,39,contract,2026-10-25,2026-10-30,Parcel cage vehicle,99,42,per-trip contract,23.7,1213000,22:00-02:00,61,18,26,18,,reverse logistics,Works well in staged consolidation waves.,loose food|hazardous
SHP-00934,east-port,Horizon Industries,Textile bales,textile dry,Cuttack,Kolkata,689,road,4900,75,98,dry,60 h,79,contract,2026-10-19,2026-10-25,Dry van with moisture guard,85,46,dedicated fleet,19.1,13127000,10:00-14:00,70,16,2,81,,dry industrial backhaul,Needs dry handling and moisture protection.,wet cargo|chemicals
SHP-00935,east-port,Riverline Export House,Regulated pharma samples,regulated pharma,Angul,Ranchi,19,air,22900,81,99,regulated,6 d,28,return,2026-10-29,2026-10-30,Validated secure pharma uplift,75,11,spot market,19.0,1897000,22:00-02:00,41,79,193,281,ANG-DEL/BOM gateway,regulated high-value urgent,Needs chain-of-custody and compliance clearance.,food|cement|chemicals|unsecured parcels
SHP-00936,east-port,Greenfield Forwarders,Durable snacks overflow,food-grade dry,Balasore,Bhubaneswar,157,road,3100,85,99,ambient,48 h,33,premium,2026-10-10,2026-10-14,Food-grade dry van,74,43,SLA contract,20.5,2047000,06:00-10:00,91,15,26,8,,anchor-compatible FMCG overflow,Highly compatible with Britannia-style packaged food lanes.,cement|chemicals|wet cargo
SHP-00937,east-port,Prime Export House,Coffee and cocoa sacks,food-grade dry,Rourkela,Bhubaneswar,1098,sea,4300,148,83,dry,6 d,99,return,2026-10-26,2026-10-28,Dry container with odour guard,83,55,SLA contract,39.6,11994000,10:00-14:00,59,13,127,76,,bulk food export,Can consolidate with dry food cargo.,cement|chemicals|odour cargo
SHP-00938,east-port,Bharat Collective,Electronics returns,electronics,Balasore,Bhubaneswar,314,staging,8200,121,99,ambient,60 h,37,backhaul,2026-10-16,2026-10-22,Secure parcel truck,73,20,per-tonne contract,24.2,7289000,14:00-22:00,98,19,22,32,,high-value reverse logistics,"Needs dry, secure movement and claims control.",wet cargo|magnetic cargo|loose food
SHP-00939,east-port,CraftBridge Collective,Reverse logistics parcels,parcel returns,Rourkela,Raipur,352,staging,5500,112,89,ambient,48 h,38,contract,2026-09-29,2026-10-01,Parcel cage vehicle,83,38,SLA contract,21.3,5970000,22:00-02:00,51,26,32,55,,reverse logistics,Works well in staged consolidation waves.,loose food|hazardous
SHP-00940,east-port,Eastern Distributors,High value samples,secured samples,Paradip,Bhubaneswar,63,air,26300,69,93,regulated,96 h,71,contract,2026-10-31,2026-11-02,Secure air cargo pouch,79,13,fixed monthly,12.1,5809000,10:00-14:00,37,139,139,93,PAR-DEL/BOM gateway,high-value urgent,Needs secure handling and tight handoff control.,bulk cargo|unsecured parcels
SHP-00941,east-port,Greenfield Logistics,Medical devices,regulated devices,Jharsuguda,Kolkata,29,air,20600,160,83,regulated,36 h,49,overflow,2026-10-15,2026-10-17,Secure high-value air cargo,81,27,per-trip contract,9.2,1717000,10:00-14:00,86,115,93,81,JHA-DEL/BOM gateway,regulated high-value urgent,Needs secure handling and documented custody.,cement|chemicals|unsealed food
SHP-00942,east-port,Bharat Consortium,Durable snacks overflow,food-grade dry,Paradip,Ranchi,545,road,4400,116,99,ambient,60 h,34,backhaul,2026-09-20,2026-09-22,Food-grade dry van,72,38,SLA contract,19.5,8127000,22:00-02:00,40,32,31,88,,anchor-compatible FMCG overflow,Highly compatible with Britannia-style packaged food lanes.,cement|chemicals|wet cargo
SHP-00943,east-port,Eastern Trade Network,Textile bales,textile dry,Paradip,Ranchi,640,road,4600,51,91,dry,72 h,45,premium,2026-10-08,2026-10-12,Dry van with moisture guard,72,60,per-trip contract,17.3,8688000,10:00-14:00,76,34,27,77,,dry industrial backhaul,Needs dry handling and moisture protection.,wet cargo|chemicals
SHP-00944,east-port,BluePeak Supply Co,Packaged tea cartons,food-grade dry,Balasore,Patna,365,road,5000,48,92,dry,48 h,41,backhaul,2026-10-05,2026-10-11,Food-grade dry van,73,58,fixed monthly,15.0,6093000,14:00-22:00,65,21,29,33,,anchor-compatible FMCG backhaul,Can ride with packaged food and dry FMCG cargo.,cement|chemicals|hazardous
SHP-00945,east-port,Healthline Supply Co,Durable snacks overflow,food-grade dry,Cuttack,Kolkata,141,road,3700,128,83,ambient,60 h,77,return,2026-10-01,2026-10-04,Food-grade dry van,78,70,fixed monthly,21.8,1461000,22:00-02:00,85,18,34,31,,anchor-compatible FMCG overflow,Highly compatible with Britannia-style packaged food lanes.,cement|chemicals|wet cargo
SHP-00946,east-port,Swift Forwarders,High value samples,secured samples,Angul,Patna,38,air,23700,54,78,regulated,96 h,62,overflow,2026-10-20,2026-10-21,Secure air cargo pouch,87,25,fixed monthly,20.8,4033000,14:00-22:00,60,107,187,345,ANG-DEL/BOM gateway,high-value urgent,Needs secure handling and tight handoff control.,bulk cargo|unsecured parcels
SHP-00947,east-port,Riverline Industries,Speciality ginger and citrus,fresh produce,Jharsuguda,Ranchi,375,road,7500,89,81,chilled,5 d,45,overflow,2026-09-20,2026-09-24,Ventilated reefer truck,86,6,dedicated fleet,17.2,7077000,22:00-02:00,41,11,22,84,,perishable agriculture,Requires food-safe handling and temperature discipline.,cement|chemicals|odour cargo
SHP-00948,east-port,RetailLoop Export House,Spice cartons,food-grade dry,Rourkela,Patna,470,road,5000,69,86,ambient,6 d,62,premium,2026-10-05,2026-10-08,Food-grade dry van,82,59,fixed monthly,16.9,10842000,22:00-02:00,92,27,23,0,,ambient food exports,Compatible with packaged food when odour control is maintained.,cement|chemicals|odour cargo
SHP-00949,east-port,Bharat Foods,Reverse logistics parcels,parcel returns,Cuttack,Kolkata,211,staging,5000,85,84,ambient,60 h,39,spot,2026-10-12,2026-10-16,Parcel cage vehicle,75,6,fixed monthly,22.7,4623000,22:00-02:00,50,38,28,44,,reverse logistics,Works well in staged consolidation waves.,loose food|hazardous
SHP-00950,east-port,Healthline Trade Network,High value samples,secured samples,Paradip,Kolkata,27,air,36800,184,90,regulated,48 h,24,overflow,2026-09-30,2026-10-02,Secure air cargo pouch,82,50,SLA contract,12.9,4689000,10:00-14:00,99,157,92,109,PAR-DEL/BOM gateway,high-value urgent,Needs secure handling and tight handoff control.,bulk cargo|unsecured parcels
SHP-00951,east-port,BluePeak Export House,Regulated pharma samples,regulated pharma,Angul,Bhubaneswar,37,air,16800,156,82,regulated,96 h,72,overflow,2026-10-03,2026-10-05,Validated secure pharma uplift,80,28,fixed monthly,12.4,2348000,06:00-10:00,50,85,62,315,ANG-DEL/BOM gateway,regulated high-value urgent,Needs chain-of-custody and compliance clearance.,food|cement|chemicals|unsecured parcels
SHP-00952,east-port,National Trade Network,Packaged tea cartons,food-grade dry,Angul,Raipur,664,road,4300,121,98,dry,60 h,86,contract,2026-10-17,2026-10-21,Food-grade dry van,85,35,per-tonne contract,19.9,13194000,22:00-02:00,39,44,19,56,,anchor-compatible FMCG backhaul,Can ride with packaged food and dry FMCG cargo.,cement|chemicals|hazardous
SHP-00953,east-port,RetailLoop Industries,Spice cartons,food-grade dry,Rourkela,Ranchi,511,road,4200,38,89,ambient,6 d,50,premium,2026-10-02,2026-10-03,Food-grade dry van,84,17,fixed monthly,15.5,9262000,14:00-22:00,95,32,26,82,,ambient food exports,Compatible with packaged food when odour control is maintained.,cement|chemicals|odour cargo
SHP-00954,east-port,PortLink Distributors,Packaged tea cartons,food-grade dry,Jharsuguda,Kolkata,557,road,5100,179,85,dry,5 d,70,contract,2026-10-20,2026-10-21,Food-grade dry van,90,80,per-tonne contract,24.4,7676000,06:00-10:00,40,20,1,27,,anchor-compatible FMCG backhaul,Can ride with packaged food and dry FMCG cargo.,cement|chemicals|hazardous
SHP-00955,east-port,Swift Forwarders,Durable snacks overflow,food-grade dry,Angul,Patna,658,road,4400,91,91,ambient,6 d,55,contract,2026-10-06,2026-10-09,Food-grade dry van,86,74,fixed monthly,18.7,7667000,06:00-10:00,66,17,2,46,,anchor-compatible FMCG overflow,Highly compatible with Britannia-style packaged food lanes.,cement|chemicals|wet cargo
SHP-00956,east-port,Tea Garden Logistics,Electronics returns,electronics,Angul,Raipur,56,staging,6000,23,89,ambient,48 h,89,premium,2026-10-29,2026-11-01,Secure parcel truck,82,59,per-tonne contract,24.3,921000,14:00-22:00,97,24,3,46,,high-value reverse logistics,"Needs dry, secure movement and claims control.",wet cargo|magnetic cargo|loose food
SHP-00957,east-port,Greenfield Distributors,Durable snacks overflow,food-grade dry,Cuttack,Patna,540,road,4100,160,76,ambient,72 h,71,premium,2026-10-05,2026-10-11,Food-grade dry van,73,56,spot market,17.3,5924000,06:00-10:00,76,21,30,10,,anchor-compatible FMCG overflow,Highly compatible with Britannia-style packaged food lanes.,cement|chemicals|wet cargo
SHP-00958,east-port,Healthline Distributors,High value samples,secured samples,Rourkela,Raipur,62,air,24600,94,96,regulated,12 h,90,spot,2026-10-18,2026-10-20,Secure air cargo pouch,87,31,fixed monthly,15.5,4274000,14:00-22:00,72,88,134,228,ROU-DEL/BOM gateway,high-value urgent,Needs secure handling and tight handoff control.,bulk cargo|unsecured parcels
SHP-00959,east-port,Swift Distributors,Frozen bakery inputs,chilled food,Cuttack,Jamshedpur,57,road,8900,133,99,chilled,72 h,95,overflow,2026-10-05,2026-10-07,Reefer truck,85,62,fixed monthly,20.2,1975000,22:00-02:00,40,27,9,70,,temperature-controlled food,Needs temperature-controlled carriage.,ambient dry cargo|cement|chemicals
SHP-00960,east-port,Riverline Logistics,Speciality ginger and citrus,fresh produce,Cuttack,Ranchi,614,road,4500,110,92,chilled,5 d,63,overflow,2026-10-24,2026-10-25,Ventilated reefer truck,96,40,per-trip contract,21.6,6739000,06:00-10:00,62,10,6,55,,perishable agriculture,Requires food-safe handling and temperature discipline.,cement|chemicals|odour cargo
SHP-00961,east-port,Greenfield Logistics,Reverse logistics parcels,parcel returns,Balasore,Kolkata,328,staging,6500,82,88,ambient,6 d,39,contract,2026-10-27,2026-10-31,Parcel cage vehicle,89,5,dedicated fleet,25.0,8232000,14:00-22:00,35,16,31,34,,reverse logistics,Works well in staged consolidation waves.,loose food|hazardous
SHP-00962,east-port,Healthline Trade Network,Premium craft consignments,fragile craft,Balasore,Patna,401,staging,6000,103,90,fragile,36 h,29,contract,2026-10-25,2026-10-26,Padded box truck with staging buffer,89,17,per-trip contract,22.9,7866000,22:00-02:00,82,32,32,14,,premium fragile exports,Needs gentle handling and staging protection.,cement|heavy machinery|wet cargo
SHP-00963,east-port,Greenfield Consortium,Coffee and cocoa sacks,food-grade dry,Angul,Bhubaneswar,93,sea,2800,150,96,dry,5 d,72,spot,2026-09-23,2026-09-29,Dry container with odour guard,68,10,dedicated fleet,35.3,1166000,06:00-10:00,59,25,68,15,,bulk food export,Can consolidate with dry food cargo.,cement|chemicals|odour cargo
SHP-00964,east-port,CraftBridge Logistics,Textile bales,textile dry,Rourkela,Raipur,694,road,3400,82,90,dry,72 h,99,premium,2026-10-09,2026-10-15,Dry van with moisture guard,86,38,per-tonne contract,14.5,7250000,14:00-22:00,43,42,19,17,,dry industrial backhaul,Needs dry handling and moisture protection.,wet cargo|chemicals
SHP-00965,east-port,Bharat Trade Network,Coffee and cocoa sacks,food-grade dry,Rourkela,Jamshedpur,814,sea,3000,64,90,dry,6 d,43,overflow,2026-09-30,2026-10-01,Dry container with odour guard,85,19,fixed monthly,38.8,11177000,14:00-22:00,93,18,89,12,,bulk food export,Can consolidate with dry food cargo.,cement|chemicals|odour cargo
SHP-00966,east-port,Greenfield Trade Network,Packaged tea cartons,food-grade dry,Balasore,Raipur,277,road,3600,98,92,dry,96 h,60,contract,2026-10-15,2026-10-21,Food-grade dry van,80,70,dedicated fleet,19.4,4310000,14:00-22:00,64,31,1,5,,anchor-compatible FMCG backhaul,Can ride with packaged food and dry FMCG cargo.,cement|chemicals|hazardous
SHP-00967,east-port,PortLink Supply Co,Spice cartons,food-grade dry,Balasore,Raipur,125,road,4500,90,91,ambient,6 d,93,overflow,2026-10-27,2026-10-28,Food-grade dry van,90,25,fixed monthly,21.5,2423000,06:00-10:00,72,30,1,75,,ambient food exports,Compatible with packaged food when odour control is maintained.,cement|chemicals|odour cargo
SHP-00968,east-port,BluePeak Supply Co,Frozen bakery inputs,chilled food,Balasore,Patna,593,road,8300,149,93,chilled,48 h,93,premium,2026-09-25,2026-09-27,Reefer truck,96,60,fixed monthly,17.0,23563000,06:00-10:00,54,33,21,58,,temperature-controlled food,Needs temperature-controlled carriage.,ambient dry cargo|cement|chemicals
SHP-00969,east-port,BluePeak Trade Network,Spice cartons,food-grade dry,Balasore,Bhubaneswar,658,road,3900,49,91,ambient,72 h,94,overflow,2026-10-09,2026-10-15,Food-grade dry van,73,30,spot market,14.4,9985000,10:00-14:00,67,27,2,43,,ambient food exports,Compatible with packaged food when odour control is maintained.,cement|chemicals|odour cargo
SHP-00970,east-port,Eastern Collective,Frozen bakery inputs,chilled food,Jharsuguda,Patna,274,road,8500,191,81,chilled,72 h,95,spot,2026-10-29,2026-11-03,Reefer truck,96,37,SLA contract,21.8,7415000,14:00-22:00,87,13,18,18,,temperature-controlled food,Needs temperature-controlled carriage.,ambient dry cargo|cement|chemicals
SHP-00971,east-port,Riverline Foods,Bamboo panels and handicrafts,fragile craft,Jharsuguda,Bhubaneswar,330,staging,6800,46,90,fragile,5 d,97,premium,2026-09-24,2026-09-30,Padded box truck with staging buffer,77,24,per-trip contract,19.5,7770000,10:00-14:00,85,20,35,61,,fragile regional exports,Needs bracing and should avoid dusty or heavy loads.,cement|heavy machinery|wet cargo
SHP-00972,east-port,Eastern Trade Network,Packaged tea cartons,food-grade dry,Cuttack,Ranchi,379,road,4800,138,82,dry,24 h,76,backhaul,2026-10-05,2026-10-11,Food-grade dry van,93,36,per-trip contract,18.7,5353000,10:00-14:00,78,44,35,46,,anchor-compatible FMCG backhaul,Can ride with packaged food and dry FMCG cargo.,cement|chemicals|hazardous
SHP-00973,east-port,AgroStar Consortium,Packaged tea cartons,food-grade dry,Cuttack,Bhubaneswar,225,road,3900,78,91,dry,36 h,96,contract,2026-09-24,2026-09-29,Food-grade dry van,86,28,per-tonne contract,21.4,2503000,06:00-10:00,98,24,35,63,,anchor-compatible FMCG backhaul,Can ride with packaged food and dry FMCG cargo.,cement|chemicals|hazardous
SHP-00974,east-port,CraftBridge Logistics,Containerised export overflow,container export,Paradip,Kolkata,555,sea,3700,72,86,dry,6 d,30,premium,2026-09-21,2026-09-25,Sealed container feeder,83,17,fixed monthly,36.2,4814000,14:00-22:00,93,42,52,4,,bulk export overflow,Best suited to feeder or port-linked consolidation.,loose perishable|fragile craft
SHP-00975,east-port,Riverline Industries,Bamboo panels and handicrafts,fragile craft,Rourkela,Ranchi,354,staging,4600,97,92,fragile,5 d,35,premium,2026-10-18,2026-10-23,Padded box truck with staging buffer,91,55,per-trip contract,24.5,5481000,10:00-14:00,81,11,27,84,,fragile regional exports,Needs bracing and should avoid dusty or heavy loads.,cement|heavy machinery|wet cargo
SHP-00976,east-port,Swift Foods,Speciality ginger and citrus,fresh produce,Jharsuguda,Jamshedpur,397,road,4500,113,96,chilled,60 h,93,return,2026-10-03,2026-10-06,Ventilated reefer truck,91,88,fixed monthly,22.9,6205000,10:00-14:00,84,30,7,78,,perishable agriculture,Requires food-safe handling and temperature discipline.,cement|chemicals|odour cargo
SHP-00977,east-port,Greenfield Industries,Regulated pharma samples,regulated pharma,Paradip,Bhubaneswar,69,air,28700,63,83,regulated,60 h,59,contract,2026-10-25,2026-10-26,Validated secure pharma uplift,77,9,SLA contract,9.6,6053000,10:00-14:00,73,73,105,126,PAR-DEL/BOM gateway,regulated high-value urgent,Needs chain-of-custody and compliance clearance.,food|cement|chemicals|unsecured parcels
SHP-00978,east-port,Prime Supply Co,Electronics returns,electronics,Cuttack,Ranchi,180,staging,6400,69,95,ambient,5 d,39,return,2026-09-25,2026-09-26,Secure parcel truck,71,26,per-tonne contract,19.5,3665000,14:00-22:00,99,39,0,52,,high-value reverse logistics,"Needs dry, secure movement and claims control.",wet cargo|magnetic cargo|loose food
SHP-00979,east-port,Riverline Distributors,Premium craft consignments,fragile craft,Jharsuguda,Kolkata,82,staging,6200,18,83,fragile,36 h,59,contract,2026-10-20,2026-10-25,Padded box truck with staging buffer,77,8,fixed monthly,22.9,1577000,10:00-14:00,77,23,29,65,,premium fragile exports,Needs gentle handling and staging protection.,cement|heavy machinery|wet cargo
SHP-00980,east-port,Greenfield Supply Co,Bamboo panels and handicrafts,fragile craft,Cuttack,Patna,385,staging,6900,133,80,fragile,24 h,54,backhaul,2026-10-02,2026-10-07,Padded box truck with staging buffer,83,39,per-trip contract,19.4,7741000,10:00-14:00,100,32,7,78,,fragile regional exports,Needs bracing and should avoid dusty or heavy loads.,cement|heavy machinery|wet cargo
SHP-00981,east-port,BluePeak Industries,Spice cartons,food-grade dry,Jharsuguda,Ranchi,112,road,5000,42,94,ambient,24 h,27,overflow,2026-09-24,2026-09-25,Food-grade dry van,88,17,fixed monthly,17.9,1649000,10:00-14:00,45,27,4,51,,ambient food exports,Compatible with packaged food when odour control is maintained.,cement|chemicals|odour cargo
SHP-00982,east-port,National Foods,Textile bales,textile dry,Paradip,Bhubaneswar,255,road,4300,128,82,dry,24 h,27,premium,2026-09-16,2026-09-20,Dry van with moisture guard,74,27,per-trip contract,17.0,4836000,10:00-14:00,98,30,27,6,,dry industrial backhaul,Needs dry handling and moisture protection.,wet cargo|chemicals
SHP-00983,east-port,Riverline Supply Co,Regulated pharma samples,regulated pharma,Jharsuguda,Patna,70,air,16200,85,90,regulated,60 h,37,contract,2026-10-18,2026-10-19,Validated secure pharma uplift,86,60,SLA contract,15.3,3689000,10:00-14:00,90,86,31,264,JHA-DEL/BOM gateway,regulated high-value urgent,Needs chain-of-custody and compliance clearance.,food|cement|chemicals|unsecured parcels
SHP-00984,east-port,AgroStar Trade Network,Regulated pharma samples,regulated pharma,Paradip,Raipur,46,air,24000,72,93,regulated,6 d,48,contract,2026-10-10,2026-10-12,Validated secure pharma uplift,80,14,fixed monthly,15.7,3707000,22:00-02:00,90,114,165,346,PAR-DEL/BOM gateway,regulated high-value urgent,Needs chain-of-custody and compliance clearance.,food|cement|chemicals|unsecured parcels
SHP-00985,east-port,Greenfield Distributors,Textile bales,textile dry,Angul,Bhubaneswar,349,road,4800,41,91,dry,60 h,91,return,2026-10-09,2026-10-15,Dry van with moisture guard,76,48,per-trip contract,14.7,5813000,10:00-14:00,36,37,15,71,,dry industrial backhaul,Needs dry handling and moisture protection.,wet cargo|chemicals
SHP-00986,east-port,Horizon Supply Co,Durable snacks overflow,food-grade dry,Cuttack,Ranchi,83,road,3400,90,92,ambient,36 h,70,spot,2026-09-30,2026-10-01,Food-grade dry van,80,11,fixed monthly,18.5,873000,10:00-14:00,55,41,6,26,,anchor-compatible FMCG overflow,Highly compatible with Britannia-style packaged food lanes.,cement|chemicals|wet cargo
SHP-00987,east-port,Summit Supply Co,Coffee and cocoa sacks,food-grade dry,Jharsuguda,Patna,764,sea,3200,44,86,dry,6 d,82,backhaul,2026-10-20,2026-10-21,Dry container with odour guard,80,55,dedicated fleet,38.5,9011000,10:00-14:00,39,19,78,49,,bulk food export,Can consolidate with dry food cargo.,cement|chemicals|odour cargo
SHP-00988,east-port,Bharat Collective,Reverse logistics parcels,parcel returns,Paradip,Raipur,26,staging,5200,99,91,ambient,6 d,24,backhaul,2026-10-05,2026-10-08,Parcel cage vehicle,75,93,SLA contract,25.4,360000,22:00-02:00,63,22,32,20,,reverse logistics,Works well in staged consolidation waves.,loose food|hazardous
SHP-00989,east-port,Horizon Forwarders,Packaged tea cartons,food-grade dry,Balasore,Raipur,265,road,4500,87,93,dry,96 h,51,overflow,2026-10-01,2026-10-05,Food-grade dry van,93,62,SLA contract,22.2,4009000,22:00-02:00,92,39,9,67,,anchor-compatible FMCG backhaul,Can ride with packaged food and dry FMCG cargo.,cement|chemicals|hazardous
SHP-00990,east-port,RetailLoop Trade Network,Packaged tea cartons,food-grade dry,Rourkela,Kolkata,431,road,4400,119,84,dry,72 h,38,contract,2026-10-17,2026-10-20,Food-grade dry van,85,25,fixed monthly,22.9,6983000,10:00-14:00,99,19,16,9,,anchor-compatible FMCG backhaul,Can ride with packaged food and dry FMCG cargo.,cement|chemicals|hazardous
SHP-00991,east-port,CraftBridge Logistics,Frozen bakery inputs,chilled food,Paradip,Jamshedpur,699,road,7500,99,82,chilled,96 h,38,spot,2026-09-21,2026-09-23,Reefer truck,78,34,fixed monthly,18.9,23760000,06:00-10:00,53,45,21,81,,temperature-controlled food,Needs temperature-controlled carriage.,ambient dry cargo|cement|chemicals
SHP-00992,east-port,Healthline Export House,Premium craft consignments,fragile craft,Balasore,Ranchi,223,staging,7500,65,91,fragile,72 h,40,backhaul,2026-10-06,2026-10-10,Padded box truck with staging buffer,70,15,spot market,21.0,4404000,10:00-14:00,62,35,14,33,,premium fragile exports,Needs gentle handling and staging protection.,cement|heavy machinery|wet cargo
SHP-00993,east-port,Eastern Forwarders,Spice cartons,food-grade dry,Balasore,Bhubaneswar,53,road,6100,89,85,ambient,24 h,72,return,2026-09-29,2026-10-02,Food-grade dry van,89,56,dedicated fleet,17.5,1248000,06:00-10:00,91,18,1,51,,ambient food exports,Compatible with packaged food when odour control is maintained.,cement|chemicals|odour cargo
SHP-00994,east-port,CraftBridge Foods,Electronics returns,electronics,Balasore,Patna,407,staging,7200,62,88,ambient,72 h,58,overflow,2026-10-30,2026-11-03,Secure parcel truck,78,32,SLA contract,20.5,13984000,22:00-02:00,80,15,6,72,,high-value reverse logistics,"Needs dry, secure movement and claims control.",wet cargo|magnetic cargo|loose food
SHP-00995,east-port,Greenfield Trade Network,Speciality ginger and citrus,fresh produce,Angul,Ranchi,50,road,7600,18,88,chilled,48 h,92,contract,2026-10-21,2026-10-22,Ventilated reefer truck,79,26,dedicated fleet,19.1,1083000,10:00-14:00,73,19,26,6,,perishable agriculture,Requires food-safe handling and temperature discipline.,cement|chemicals|odour cargo
SHP-00996,east-port,Healthline Trade Network,Frozen bakery inputs,chilled food,Paradip,Ranchi,577,road,5800,128,87,chilled,60 h,36,backhaul,2026-10-09,2026-10-14,Reefer truck,72,31,dedicated fleet,22.3,9498000,06:00-10:00,62,10,3,61,,temperature-controlled food,Needs temperature-controlled carriage.,ambient dry cargo|cement|chemicals
SHP-00997,east-port,Metro Supply Co,Durable snacks overflow,food-grade dry,Cuttack,Kolkata,419,road,4000,189,92,ambient,6 d,71,contract,2026-10-15,2026-10-17,Food-grade dry van,94,41,fixed monthly,20.1,6187000,14:00-22:00,42,22,2,75,,anchor-compatible FMCG overflow,Highly compatible with Britannia-style packaged food lanes.,cement|chemicals|wet cargo
SHP-00998,east-port,AgroStar Industries,Medical devices,regulated devices,Cuttack,Bhubaneswar,6,air,15400,71,88,regulated,60 h,73,return,2026-10-02,2026-10-03,Secure high-value air cargo,87,27,fixed monthly,13.3,413000,06:00-10:00,96,67,100,141,CUT-DEL/BOM gateway,regulated high-value urgent,Needs secure handling and documented custody.,cement|chemicals|unsealed food
SHP-00999,east-port,Prime Collective,Bamboo panels and handicrafts,fragile craft,Jharsuguda,Jamshedpur,64,staging,6100,107,97,fragile,72 h,25,contract,2026-10-16,2026-10-17,Padded box truck with staging buffer,88,5,per-trip contract,20.0,1191000,14:00-22:00,43,37,6,64,,fragile regional exports,Needs bracing and should avoid dusty or heavy loads.,cement|heavy machinery|wet cargo
SHP-01000,east-port,National Trade Network,Medical devices,regulated devices,Balasore,Kolkata,21,air,24600,86,87,regulated,96 h,41,premium,2026-09-27,2026-09-28,Secure high-value air cargo,92,17,spot market,8.7,1264000,22:00-02:00,38,58,138,52,BAL-DEL/BOM gateway,regulated high-value urgent,Needs secure handling and documented custody.,cement|chemicals|unsealed food
SHP-01001,bengaluru-export,Metro Consortium,Electronics returns,electronics,Udupi,Bengaluru,256,staging,5200,193,84,ambient,24 h,53,return,2026-09-30,2026-10-01,Secure parcel truck,84,36,SLA contract,28.5,4302000,22:00-02:00,49,41,21,43,,high-value reverse logistics,"Needs dry, secure movement and claims control.",wet cargo|magnetic cargo|loose food
SHP-01002,bengaluru-export,National Forwarders,Bamboo panels and handicrafts,fragile craft,Udupi,Hyderabad,221,staging,5800,144,99,fragile,36 h,94,return,2026-10-12,2026-10-18,Padded box truck with staging buffer,88,82,fixed monthly,25.8,4128000,06:00-10:00,46,44,10,63,,fragile regional exports,Needs bracing and should avoid dusty or heavy loads.,cement|heavy machinery|wet cargo
SHP-01003,bengaluru-export,Eastern Trade Network,Speciality ginger and citrus,fresh produce,Udupi,Bengaluru,190,road,7100,193,80,chilled,72 h,91,premium,2026-09-20,2026-09-22,Ventilated reefer truck,93,53,SLA contract,29.7,5378000,10:00-14:00,73,43,22,84,,perishable agriculture,Requires food-safe handling and temperature discipline.,cement|chemicals|odour cargo
SHP-01004,bengaluru-export,Horizon Forwarders,Premium craft consignments,fragile craft,Hubballi,Hyderabad,359,staging,7900,86,84,fragile,6 d,37,premium,2026-09-21,2026-09-24,Padded box truck with staging buffer,83,11,SLA contract,24.5,13431000,10:00-14:00,35,26,10,9,,premium fragile exports,Needs gentle handling and staging protection.,cement|heavy machinery|wet cargo
SHP-01005,bengaluru-export,Bharat Foods,Containerised export overflow,container export,Mangaluru,Cochin port,312,sea,3000,78,94,dry,5 d,73,contract,2026-10-03,2026-10-05,Sealed container feeder,80,38,per-trip contract,55.8,3725000,10:00-14:00,58,21,187,16,,bulk export overflow,Best suited to feeder or port-linked consolidation.,loose perishable|fragile craft
SHP-01006,bengaluru-export,Summit Forwarders,Textile bales,textile dry,Goa,Bengaluru,565,road,4800,16,95,dry,96 h,46,premium,2026-10-30,2026-11-05,Dry van with moisture guard,85,19,fixed monthly,17.7,9673000,06:00-10:00,79,40,17,19,,dry industrial backhaul,Needs dry handling and moisture protection.,wet cargo|chemicals
SHP-01007,bengaluru-export,Riverline Consortium,Speciality ginger and citrus,fresh produce,Mangaluru,Cochin port,272,road,5200,180,88,chilled,36 h,55,spot,2026-10-25,2026-10-29,Ventilated reefer truck,75,32,SLA contract,26.8,6662000,06:00-10:00,87,17,125,5,,perishable agriculture,Requires food-safe handling and temperature discipline.,cement|chemicals|odour cargo
SHP-01008,bengaluru-export,Spice Valley Export House,Durable snacks overflow,food-grade dry,Hassan,Mumbai,376,road,3400,58,99,ambient,5 d,98,overflow,2026-09-16,2026-09-20,Food-grade dry van,82,44,SLA contract,25.6,5836000,06:00-10:00,68,40,1,80,,anchor-compatible FMCG overflow,Highly compatible with Britannia-style packaged food lanes.,cement|chemicals|wet cargo
SHP-01009,bengaluru-export,National Foods,Containerised export overflow,container export,Mangaluru,Cochin port,957,sea,4600,81,96,dry,48 h,80,backhaul,2026-10-23,2026-10-26,Sealed container feeder,77,73,SLA contract,50.9,11649000,06:00-10:00,89,15,100,45,,bulk export overflow,Best suited to feeder or port-linked consolidation.,loose perishable|fragile craft
SHP-01010,bengaluru-export,RetailLoop Foods,Bamboo panels and handicrafts,fragile craft,Mangaluru,Chennai,192,staging,4600,67,92,fragile,6 d,51,overflow,2026-10-08,2026-10-12,Padded box truck with staging buffer,75,30,per-tonne contract,28.0,2664000,10:00-14:00,58,40,35,22,,fragile regional exports,Needs bracing and should avoid dusty or heavy loads.,cement|heavy machinery|wet cargo
SHP-01011,bengaluru-export,Prime Supply Co,Reverse logistics parcels,parcel returns,Hubballi,Bengaluru,177,staging,5700,57,99,ambient,36 h,54,spot,2026-09-25,2026-09-29,Parcel cage vehicle,83,30,SLA contract,25.3,3809000,22:00-02:00,66,42,11,61,,reverse logistics,Works well in staged consolidation waves.,loose food|hazardous
SHP-01012,bengaluru-export,Metro Distributors,Bamboo panels and handicrafts,fragile craft,Hubballi,Chennai,112,staging,4600,68,98,fragile,60 h,53,contract,2026-09-17,2026-09-23,Padded box truck with staging buffer,90,19,per-tonne contract,27.3,1789000,06:00-10:00,46,21,27,53,,fragile regional exports,Needs bracing and should avoid dusty or heavy loads.,cement|heavy machinery|wet cargo
SHP-01013,bengaluru-export,Greenfield Forwarders,Premium craft consignments,fragile craft,Hubballi,Bengaluru,96,staging,5400,176,95,fragile,60 h,38,premium,2026-10-29,2026-10-31,Padded box truck with staging buffer,70,41,fixed monthly,27.7,2279000,14:00-22:00,61,37,14,86,,premium fragile exports,Needs gentle handling and staging protection.,cement|heavy machinery|wet cargo
SHP-01014,bengaluru-export,Spice Valley Logistics,Reverse logistics parcels,parcel returns,Hubballi,Mumbai,88,staging,5600,92,91,ambient,96 h,65,backhaul,2026-09-26,2026-09-30,Parcel cage vehicle,91,33,dedicated fleet,27.6,1709000,22:00-02:00,85,19,23,54,,reverse logistics,Works well in staged consolidation waves.,loose food|hazardous
SHP-01015,bengaluru-export,PortLink Forwarders,Bamboo panels and handicrafts,fragile craft,Hassan,Cochin port,25,staging,4600,81,90,fragile,5 d,74,return,2026-10-23,2026-10-26,Padded box truck with staging buffer,94,38,per-trip contract,25.6,529000,10:00-14:00,61,45,143,15,,fragile regional exports,Needs bracing and should avoid dusty or heavy loads.,cement|heavy machinery|wet cargo
SHP-01016,bengaluru-export,Horizon Industries,Electronics returns,electronics,Mysuru,Cochin port,314,staging,5200,85,86,ambient,96 h,49,backhaul,2026-10-07,2026-10-08,Secure parcel truck,72,25,spot market,27.0,4728000,14:00-22:00,90,38,43,37,,high-value reverse logistics,"Needs dry, secure movement and claims control.",wet cargo|magnetic cargo|loose food
SHP-01017,bengaluru-export,Swift Supply Co,Premium craft consignments,fragile craft,Hassan,Tuticorin port,334,staging,6800,75,86,fragile,60 h,78,contract,2026-10-11,2026-10-13,Padded box truck with staging buffer,99,23,SLA contract,26.8,6304000,14:00-22:00,93,13,68,81,,premium fragile exports,Needs gentle handling and staging protection.,cement|heavy machinery|wet cargo
SHP-01018,bengaluru-export,AgroStar Collective,Durable snacks overflow,food-grade dry,Udupi,Chennai,150,road,4300,82,84,ambient,5 d,92,overflow,2026-09-21,2026-09-26,Food-grade dry van,97,34,SLA contract,25.1,2734000,22:00-02:00,88,23,26,10,,anchor-compatible FMCG overflow,Highly compatible with Britannia-style packaged food lanes.,cement|chemicals|wet cargo
SHP-01019,bengaluru-export,Greenfield Collective,Regulated pharma samples,regulated pharma,Goa,Cochin port,70,air,18500,79,97,regulated,36 h,54,spot,2026-10-07,2026-10-08,Validated secure pharma uplift,85,38,SLA contract,19.2,4736000,10:00-14:00,89,121,36,324,GOA-DEL/BOM gateway,regulated high-value urgent,Needs chain-of-custody and compliance clearance.,food|cement|chemicals|unsecured parcels
SHP-01020,bengaluru-export,Spice Valley Trade Network,Textile bales,textile dry,Goa,Bengaluru,707,road,4600,177,94,dry,6 d,39,backhaul,2026-10-24,2026-10-27,Dry van with moisture guard,90,28,fixed monthly,25.2,10864000,10:00-14:00,70,35,17,4,,dry industrial backhaul,Needs dry handling and moisture protection.,wet cargo|chemicals
SHP-01021,bengaluru-export,Prime Supply Co,Premium craft consignments,fragile craft,Hubballi,Mumbai,158,staging,8000,93,89,fragile,36 h,70,overflow,2026-09-19,2026-09-21,Padded box truck with staging buffer,86,29,per-trip contract,28.9,5645000,14:00-22:00,95,21,17,34,,premium fragile exports,Needs gentle handling and staging protection.,cement|heavy machinery|wet cargo
SHP-01022,bengaluru-export,Prime Industries,Electronics returns,electronics,Mysuru,Hyderabad,124,staging,7800,203,87,ambient,60 h,83,contract,2026-10-23,2026-10-27,Secure parcel truck,79,46,SLA contract,24.8,3215000,14:00-22:00,88,29,19,47,,high-value reverse logistics,"Needs dry, secure movement and claims control.",wet cargo|magnetic cargo|loose food
SHP-01023,bengaluru-export,Bharat Consortium,Textile bales,textile dry,Hubballi,Tuticorin port,656,road,4200,74,79,dry,5 d,37,spot,2026-10-12,2026-10-13,Dry van with moisture guard,79,50,per-tonne contract,22.2,12599000,10:00-14:00,42,43,112,32,,dry industrial backhaul,Needs dry handling and moisture protection.,wet cargo|chemicals
SHP-01024,bengaluru-export,AgroStar Trade Network,Premium craft consignments,fragile craft,Mysuru,Mumbai,32,staging,6200,66,99,fragile,60 h,26,contract,2026-10-10,2026-10-14,Padded box truck with staging buffer,66,62,SLA contract,28.0,677000,10:00-14:00,94,42,32,85,,premium fragile exports,Needs gentle handling and staging protection.,cement|heavy machinery|wet cargo
SHP-01025,bengaluru-export,Spice Valley Industries,Containerised export overflow,container export,Udupi,Cochin port,518,sea,2600,68,93,dry,48 h,44,overflow,2026-09-17,2026-09-18,Sealed container feeder,86,22,dedicated fleet,55.6,3182000,06:00-10:00,68,25,144,24,,bulk export overflow,Best suited to feeder or port-linked consolidation.,loose perishable|fragile craft
SHP-01026,bengaluru-export,Eastern Export House,Spice cartons,food-grade dry,Mangaluru,Mumbai,127,road,4100,173,91,ambient,96 h,49,premium,2026-09-16,2026-09-17,Food-grade dry van,87,67,per-trip contract,23.6,1418000,06:00-10:00,75,26,6,33,,ambient food exports,Compatible with packaged food when odour control is maintained.,cement|chemicals|odour cargo
SHP-01027,bengaluru-export,Horizon Distributors,Durable snacks overflow,food-grade dry,Goa,Mumbai,579,road,4000,32,99,ambient,60 h,89,backhaul,2026-10-04,2026-10-10,Food-grade dry van,74,18,per-trip contract,23.1,8844000,10:00-14:00,41,42,22,40,,anchor-compatible FMCG overflow,Highly compatible with Britannia-style packaged food lanes.,cement|chemicals|wet cargo
SHP-01028,bengaluru-export,Spice Valley Distributors,Durable snacks overflow,food-grade dry,Mangaluru,Bengaluru,369,road,3400,98,84,ambient,24 h,30,premium,2026-10-17,2026-10-20,Food-grade dry van,86,15,dedicated fleet,25.0,5458000,14:00-22:00,49,38,7,56,,anchor-compatible FMCG overflow,Highly compatible with Britannia-style packaged food lanes.,cement|chemicals|wet cargo
SHP-01029,bengaluru-export,Greenfield Export House,Textile bales,textile dry,Hubballi,Hyderabad,53,road,4700,46,89,dry,72 h,34,contract,2026-10-20,2026-10-21,Dry van with moisture guard,79,29,fixed monthly,22.3,788000,06:00-10:00,94,40,26,59,,dry industrial backhaul,Needs dry handling and moisture protection.,wet cargo|chemicals
SHP-01030,bengaluru-export,BluePeak Logistics,Containerised export overflow,container export,Mangaluru,Hyderabad,751,sea,4100,74,95,dry,36 h,72,premium,2026-10-02,2026-10-07,Sealed container feeder,93,61,per-tonne contract,50.5,12493000,06:00-10:00,95,25,218,54,,bulk export overflow,Best suited to feeder or port-linked consolidation.,loose perishable|fragile craft
SHP-01031,bengaluru-export,Healthline Distributors,Regulated pharma samples,regulated pharma,Mysuru,Tuticorin port,16,air,25100,53,93,regulated,24 h,35,spot,2026-10-15,2026-10-17,Validated secure pharma uplift,84,71,SLA contract,18.0,1322000,10:00-14:00,93,50,172,176,MYS-DEL/BOM gateway,regulated high-value urgent,Needs chain-of-custody and compliance clearance.,food|cement|chemicals|unsecured parcels
SHP-01032,bengaluru-export,National Distributors,High value samples,secured samples,Hubballi,Mumbai,35,air,26700,122,92,regulated,48 h,34,spot,2026-10-21,2026-10-22,Secure air cargo pouch,92,54,per-trip contract,16.7,2186000,06:00-10:00,85,94,56,137,HUB-DEL/BOM gateway,high-value urgent,Needs secure handling and tight handoff control.,bulk cargo|unsecured parcels
SHP-01033,bengaluru-export,Riverline Export House,Frozen bakery inputs,chilled food,Hassan,Mumbai,169,road,8300,86,97,chilled,5 d,76,overflow,2026-10-28,2026-11-02,Reefer truck,81,43,per-tonne contract,26.0,5585000,10:00-14:00,97,24,21,67,,temperature-controlled food,Needs temperature-controlled carriage.,ambient dry cargo|cement|chemicals
SHP-01034,bengaluru-export,Bharat Logistics,Packaged tea cartons,food-grade dry,Goa,Tuticorin port,193,road,4000,115,89,dry,5 d,32,return,2026-10-01,2026-10-07,Food-grade dry van,84,19,per-tonne contract,25.1,3589000,06:00-10:00,50,15,87,11,,anchor-compatible FMCG backhaul,Can ride with packaged food and dry FMCG cargo.,cement|chemicals|hazardous
SHP-01035,bengaluru-export,BluePeak Forwarders,Containerised export overflow,container export,Hassan,Chennai,484,sea,3700,106,90,dry,6 d,63,backhaul,2026-09-27,2026-09-30,Sealed container feeder,72,33,SLA contract,53.9,8409000,06:00-10:00,50,24,120,24,,bulk export overflow,Best suited to feeder or port-linked consolidation.,loose perishable|fragile craft
SHP-01036,bengaluru-export,BluePeak Forwarders,Electronics returns,electronics,Hassan,Mumbai,158,staging,8000,113,95,ambient,36 h,92,overflow,2026-09-23,2026-09-28,Secure parcel truck,85,21,SLA contract,31.0,5384000,06:00-10:00,55,16,18,68,,high-value reverse logistics,"Needs dry, secure movement and claims control.",wet cargo|magnetic cargo|loose food
SHP-01037,bengaluru-export,Horizon Trade Network,Spice cartons,food-grade dry,Udupi,Chennai,671,road,5000,118,87,ambient,36 h,50,return,2026-09-26,2026-10-02,Food-grade dry van,87,81,fixed monthly,21.5,14054000,22:00-02:00,35,31,16,87,,ambient food exports,Compatible with packaged food when odour control is maintained.,cement|chemicals|odour cargo
SHP-01038,bengaluru-export,National Distributors,Spice cartons,food-grade dry,Mysuru,Bengaluru,206,road,5700,81,93,ambient,96 h,36,contract,2026-10-19,2026-10-24,Food-grade dry van,77,13,per-tonne contract,24.7,3200000,10:00-14:00,40,30,26,57,,ambient food exports,Compatible with packaged food when odour control is maintained.,cement|chemicals|odour cargo
SHP-01039,bengaluru-export,Spice Valley Industries,Coffee and cocoa sacks,food-grade dry,Hubballi,Bengaluru,203,sea,2900,190,95,dry,6 d,85,spot,2026-10-23,2026-10-27,Dry container with odour guard,72,80,spot market,51.1,1578000,06:00-10:00,48,17,69,30,,bulk food export,Can consolidate with dry food cargo.,cement|chemicals|odour cargo
SHP-01040,bengaluru-export,Swift Collective,Textile bales,textile dry,Mysuru,Cochin port,190,road,3200,194,89,dry,6 d,76,contract,2026-10-03,2026-10-04,Dry van with moisture guard,82,48,per-tonne contract,23.0,1503000,22:00-02:00,68,30,213,53,,dry industrial backhaul,Needs dry handling and moisture protection.,wet cargo|chemicals
SHP-01041,bengaluru-export,CraftBridge Distributors,Speciality ginger and citrus,fresh produce,Mangaluru,Hyderabad,232,road,4400,155,90,chilled,96 h,28,overflow,2026-10-01,2026-10-02,Ventilated reefer truck,78,53,per-trip contract,27.6,4676000,14:00-22:00,76,15,15,1,,perishable agriculture,Requires food-safe handling and temperature discipline.,cement|chemicals|odour cargo
SHP-01042,bengaluru-export,Metro Collective,Coffee and cocoa sacks,food-grade dry,Mysuru,Bengaluru,816,sea,3100,188,90,dry,5 d,41,overflow,2026-10-03,2026-10-09,Dry container with odour guard,77,34,per-tonne contract,55.1,10053000,06:00-10:00,80,36,163,43,,bulk food export,Can consolidate with dry food cargo.,cement|chemicals|odour cargo
SHP-01043,bengaluru-export,PortLink Forwarders,Bamboo panels and handicrafts,fragile craft,Hubballi,Tuticorin port,176,staging,4900,101,76,fragile,24 h,60,backhaul,2026-10-23,2026-10-26,Padded box truck with staging buffer,88,32,SLA contract,29.8,2049000,06:00-10:00,72,34,195,78,,fragile regional exports,Needs bracing and should avoid dusty or heavy loads.,cement|heavy machinery|wet cargo
SHP-01044,bengaluru-export,Metro Foods,Spice cartons,food-grade dry,Hubballi,Mumbai,639,road,4700,65,94,ambient,36 h,39,spot,2026-10-13,2026-10-17,Food-grade dry van,86,69,fixed monthly,21.0,9050000,22:00-02:00,72,43,25,50,,ambient food exports,Compatible with packaged food when odour control is maintained.,cement|chemicals|odour cargo
SHP-01045,bengaluru-export,Healthline Consortium,Coffee and cocoa sacks,food-grade dry,Goa,Mumbai,751,sea,4100,93,93,dry,48 h,84,return,2026-10-31,2026-11-04,Dry container with odour guard,86,22,spot market,54.8,14663000,22:00-02:00,78,38,172,56,,bulk food export,Can consolidate with dry food cargo.,cement|chemicals|odour cargo
SHP-01046,bengaluru-export,Tea Garden Supply Co,Medical devices,regulated devices,Hubballi,Bengaluru,69,air,24700,175,88,regulated,72 h,37,overflow,2026-09-29,2026-10-01,Secure high-value air cargo,76,68,spot market,17.0,3825000,06:00-10:00,55,103,105,174,HUB-DEL/BOM gateway,regulated high-value urgent,Needs secure handling and documented custody.,cement|chemicals|unsealed food
SHP-01047,bengaluru-export,Metro Trade Network,Coffee and cocoa sacks,food-grade dry,Hassan,Bengaluru,668,sea,4100,154,82,dry,5 d,25,premium,2026-10-31,2026-11-06,Dry container with odour guard,91,32,SLA contract,53.2,7214000,22:00-02:00,81,37,122,78,,bulk food export,Can consolidate with dry food cargo.,cement|chemicals|odour cargo
SHP-01048,bengaluru-export,Swift Trade Network,Textile bales,textile dry,Mysuru,Bengaluru,469,road,3900,79,92,dry,96 h,41,premium,2026-10-22,2026-10-25,Dry van with moisture guard,86,29,dedicated fleet,20.4,5331000,14:00-22:00,49,45,1,41,,dry industrial backhaul,Needs dry handling and moisture protection.,wet cargo|chemicals
SHP-01049,bengaluru-export,Eastern Supply Co,Textile bales,textile dry,Hassan,Chennai,49,road,3300,207,94,dry,72 h,35,backhaul,2026-10-12,2026-10-13,Dry van with moisture guard,73,54,spot market,27.8,718000,06:00-10:00,35,41,18,82,,dry industrial backhaul,Needs dry handling and moisture protection.,wet cargo|chemicals
SHP-01050,bengaluru-export,Prime Industries,Textile bales,textile dry,Udupi,Cochin port,308,road,5100,130,99,dry,36 h,44,contract,2026-10-01,2026-10-04,Dry van with moisture guard,82,76,spot market,24.3,5040000,06:00-10:00,73,22,220,17,,dry industrial backhaul,Needs dry handling and moisture protection.,wet cargo|chemicals
SHP-01051,bengaluru-export,Horizon Industries,Coffee and cocoa sacks,food-grade dry,Hubballi,Hyderabad,606,sea,4100,89,98,dry,48 h,42,return,2026-09-22,2026-09-26,Dry container with odour guard,88,29,fixed monthly,50.7,5829000,14:00-22:00,65,14,238,57,,bulk food export,Can consolidate with dry food cargo.,cement|chemicals|odour cargo
SHP-01052,bengaluru-export,AgroStar Supply Co,Premium craft consignments,fragile craft,Udupi,Bengaluru,296,staging,6200,20,93,fragile,96 h,27,premium,2026-10-05,2026-10-06,Padded box truck with staging buffer,81,53,per-tonne contract,28.5,5708000,22:00-02:00,37,33,30,56,,premium fragile exports,Needs gentle handling and staging protection.,cement|heavy machinery|wet cargo
SHP-01053,bengaluru-export,RetailLoop Collective,Medical devices,regulated devices,Hassan,Mumbai,44,air,24800,217,84,regulated,6 d,31,backhaul,2026-10-09,2026-10-11,Secure high-value air cargo,83,68,spot market,14.3,5146000,22:00-02:00,58,78,131,236,HAS-DEL/BOM gateway,regulated high-value urgent,Needs secure handling and documented custody.,cement|chemicals|unsealed food
SHP-01054,bengaluru-export,PortLink Logistics,Coffee and cocoa sacks,food-grade dry,Goa,Hyderabad,310,sea,2800,145,91,dry,60 h,44,return,2026-09-20,2026-09-26,Dry container with odour guard,84,22,per-trip contract,52.6,4054000,22:00-02:00,36,43,160,5,,bulk food export,Can consolidate with dry food cargo.,cement|chemicals|odour cargo
SHP-01055,bengaluru-export,Summit Foods,Bamboo panels and handicrafts,fragile craft,Goa,Mumbai,104,staging,6800,219,94,fragile,5 d,55,overflow,2026-10-31,2026-11-06,Padded box truck with staging buffer,88,64,fixed monthly,30.4,1573000,22:00-02:00,95,13,18,57,,fragile regional exports,Needs bracing and should avoid dusty or heavy loads.,cement|heavy machinery|wet cargo
SHP-01056,bengaluru-export,National Distributors,Durable snacks overflow,food-grade dry,Hubballi,Bengaluru,359,road,3200,123,87,ambient,72 h,26,contract,2026-10-24,2026-10-26,Food-grade dry van,74,33,per-tonne contract,21.0,4258000,14:00-22:00,83,16,23,13,,anchor-compatible FMCG overflow,Highly compatible with Britannia-style packaged food lanes.,cement|chemicals|wet cargo
SHP-01057,bengaluru-export,Bharat Consortium,Electronics returns,electronics,Mangaluru,Mumbai,196,staging,7600,212,86,ambient,48 h,87,contract,2026-10-22,2026-10-28,Secure parcel truck,78,21,per-tonne contract,30.2,6524000,14:00-22:00,90,31,35,20,,high-value reverse logistics,"Needs dry, secure movement and claims control.",wet cargo|magnetic cargo|loose food
SHP-01058,bengaluru-export,Prime Forwarders,Bamboo panels and handicrafts,fragile craft,Udupi,Bengaluru,375,staging,5800,93,95,fragile,96 h,96,return,2026-10-10,2026-10-16,Padded box truck with staging buffer,99,11,fixed monthly,30.6,5719000,22:00-02:00,58,28,2,7,,fragile regional exports,Needs bracing and should avoid dusty or heavy loads.,cement|heavy machinery|wet cargo
SHP-01059,bengaluru-export,Healthline Forwarders,Frozen bakery inputs,chilled food,Udupi,Cochin port,141,road,8000,66,97,chilled,96 h,99,overflow,2026-10-08,2026-10-11,Reefer truck,82,64,spot market,25.0,3725000,10:00-14:00,95,32,69,60,,temperature-controlled food,Needs temperature-controlled carriage.,ambient dry cargo|cement|chemicals
SHP-01060,bengaluru-export,Bharat Supply Co,Reverse logistics parcels,parcel returns,Hubballi,Bengaluru,408,staging,6400,121,99,ambient,24 h,87,overflow,2026-09-23,2026-09-26,Parcel cage vehicle,82,6,fixed monthly,29.1,10002000,14:00-22:00,88,33,27,17,,reverse logistics,Works well in staged consolidation waves.,loose food|hazardous
SHP-01061,bengaluru-export,Metro Foods,Speciality ginger and citrus,fresh produce,Goa,Mumbai,695,road,4600,74,79,chilled,48 h,50,premium,2026-10-19,2026-10-23,Ventilated reefer truck,82,58,fixed monthly,21.8,13894000,10:00-14:00,49,19,8,64,,perishable agriculture,Requires food-safe handling and temperature discipline.,cement|chemicals|odour cargo
SHP-01062,bengaluru-export,Tea Garden Supply Co,Coffee and cocoa sacks,food-grade dry,Mysuru,Tuticorin port,948,sea,3500,150,91,dry,36 h,89,backhaul,2026-10-03,2026-10-07,Dry container with odour guard,93,31,fixed monthly,55.1,11743000,22:00-02:00,57,24,139,3,,bulk food export,Can consolidate with dry food cargo.,cement|chemicals|odour cargo
SHP-01063,bengaluru-export,Greenfield Logistics,Packaged tea cartons,food-grade dry,Mangaluru,Cochin port,316,road,4600,62,81,dry,60 h,67,premium,2026-10-04,2026-10-06,Food-grade dry van,85,47,spot market,26.1,4536000,10:00-14:00,87,26,62,60,,anchor-compatible FMCG backhaul,Can ride with packaged food and dry FMCG cargo.,cement|chemicals|hazardous
SHP-01064,bengaluru-export,BluePeak Export House,High value samples,secured samples,Hassan,Cochin port,45,air,25900,136,87,regulated,12 h,99,contract,2026-09-29,2026-10-01,Secure air cargo pouch,78,41,spot market,13.3,2699000,06:00-10:00,64,109,177,285,HAS-DEL/BOM gateway,high-value urgent,Needs secure handling and tight handoff control.,bulk cargo|unsecured parcels
SHP-01065,bengaluru-export,CraftBridge Export House,Electronics returns,electronics,Udupi,Mumbai,298,staging,6400,98,95,ambient,48 h,59,spot,2026-10-14,2026-10-17,Secure parcel truck,87,23,per-tonne contract,26.2,6202000,14:00-22:00,72,27,11,38,,high-value reverse logistics,"Needs dry, secure movement and claims control.",wet cargo|magnetic cargo|loose food
SHP-01066,bengaluru-export,Spice Valley Foods,Regulated pharma samples,regulated pharma,Mangaluru,Tuticorin port,22,air,17200,30,95,regulated,5 d,67,overflow,2026-10-09,2026-10-10,Validated secure pharma uplift,81,34,per-tonne contract,18.0,1083000,06:00-10:00,48,46,197,184,MAN-DEL/BOM gateway,regulated high-value urgent,Needs chain-of-custody and compliance clearance.,food|cement|chemicals|unsecured parcels
SHP-01067,bengaluru-export,Greenfield Industries,Spice cartons,food-grade dry,Udupi,Mumbai,122,road,5300,212,90,ambient,72 h,39,return,2026-09-19,2026-09-25,Food-grade dry van,74,35,per-trip contract,30.5,2994000,06:00-10:00,86,29,10,4,,ambient food exports,Compatible with packaged food when odour control is maintained.,cement|chemicals|odour cargo
SHP-01068,bengaluru-export,PortLink Export House,Packaged tea cartons,food-grade dry,Mangaluru,Hyderabad,278,road,5100,46,81,dry,5 d,82,contract,2026-09-16,2026-09-17,Food-grade dry van,91,31,per-tonne contract,18.7,6793000,22:00-02:00,80,13,3,39,,anchor-compatible FMCG backhaul,Can ride with packaged food and dry FMCG cargo.,cement|chemicals|hazardous
SHP-01069,bengaluru-export,Greenfield Supply Co,Speciality ginger and citrus,fresh produce,Udupi,Hyderabad,250,road,6800,200,99,chilled,5 d,39,contract,2026-10-26,2026-11-01,Ventilated reefer truck,86,32,SLA contract,25.0,8116000,06:00-10:00,45,33,9,65,,perishable agriculture,Requires food-safe handling and temperature discipline.,cement|chemicals|odour cargo
SHP-01070,bengaluru-export,Spice Valley Logistics,Speciality ginger and citrus,fresh produce,Mysuru,Tuticorin port,692,road,4600,153,88,chilled,24 h,34,overflow,2026-10-07,2026-10-12,Ventilated reefer truck,78,34,per-tonne contract,21.4,9998000,10:00-14:00,97,14,170,12,,perishable agriculture,Requires food-safe handling and temperature discipline.,cement|chemicals|odour cargo
SHP-01071,bengaluru-export,CraftBridge Logistics,Frozen bakery inputs,chilled food,Mangaluru,Tuticorin port,663,road,6400,208,99,chilled,36 h,28,premium,2026-09-18,2026-09-21,Reefer truck,77,23,per-trip contract,25.6,18509000,22:00-02:00,74,13,121,55,,temperature-controlled food,Needs temperature-controlled carriage.,ambient dry cargo|cement|chemicals
SHP-01072,bengaluru-export,National Industries,Textile bales,textile dry,Goa,Hyderabad,423,road,3500,194,85,dry,5 d,73,contract,2026-10-02,2026-10-04,Dry van with moisture guard,77,54,fixed monthly,28.7,6975000,22:00-02:00,53,28,29,8,,dry industrial backhaul,Needs dry handling and moisture protection.,wet cargo|chemicals
SHP-01073,bengaluru-export,Eastern Forwarders,Spice cartons,food-grade dry,Hubballi,Tuticorin port,275,road,4200,206,94,ambient,60 h,51,spot,2026-10-31,2026-11-02,Food-grade dry van,77,38,per-trip contract,27.2,4928000,06:00-10:00,50,15,230,84,,ambient food exports,Compatible with packaged food when odour control is maintained.,cement|chemicals|odour cargo
SHP-01074,bengaluru-export,RetailLoop Forwarders,Reverse logistics parcels,parcel returns,Mangaluru,Mumbai,45,staging,5900,119,93,ambient,24 h,86,spot,2026-09-17,2026-09-19,Parcel cage vehicle,76,63,dedicated fleet,24.5,593000,14:00-22:00,69,37,25,28,,reverse logistics,Works well in staged consolidation waves.,loose food|hazardous
SHP-01075,bengaluru-export,Summit Industries,Electronics returns,electronics,Goa,Hyderabad,187,staging,8100,43,88,ambient,5 d,31,spot,2026-10-04,2026-10-07,Secure parcel truck,86,17,spot market,26.6,6209000,14:00-22:00,86,19,9,48,,high-value reverse logistics,"Needs dry, secure movement and claims control.",wet cargo|magnetic cargo|loose food
SHP-01076,bengaluru-export,Metro Logistics,Durable snacks overflow,food-grade dry,Goa,Hyderabad,193,road,4600,125,99,ambient,36 h,31,overflow,2026-10-02,2026-10-04,Food-grade dry van,95,27,per-tonne contract,26.7,2540000,10:00-14:00,73,38,8,11,,anchor-compatible FMCG overflow,Highly compatible with Britannia-style packaged food lanes.,cement|chemicals|wet cargo
SHP-01077,bengaluru-export,Eastern Foods,Regulated pharma samples,regulated pharma,Mangaluru,Mumbai,11,air,14400,128,86,regulated,96 h,26,overflow,2026-10-21,2026-10-23,Validated secure pharma uplift,88,45,SLA contract,17.3,563000,14:00-22:00,80,146,135,354,MAN-DEL/BOM gateway,regulated high-value urgent,Needs chain-of-custody and compliance clearance.,food|cement|chemicals|unsecured parcels
SHP-01078,bengaluru-export,National Foods,Regulated pharma samples,regulated pharma,Udupi,Chennai,60,air,25000,93,94,regulated,12 h,89,overflow,2026-10-16,2026-10-17,Validated secure pharma uplift,75,20,dedicated fleet,20.9,5065000,06:00-10:00,60,168,135,340,UDU-DEL/BOM gateway,regulated high-value urgent,Needs chain-of-custody and compliance clearance.,food|cement|chemicals|unsecured parcels
SHP-01079,bengaluru-export,Prime Collective,Electronics returns,electronics,Goa,Hyderabad,44,staging,7300,65,98,ambient,24 h,56,backhaul,2026-10-07,2026-10-11,Secure parcel truck,82,44,per-tonne contract,30.8,1506000,06:00-10:00,40,45,1,87,,high-value reverse logistics,"Needs dry, secure movement and claims control.",wet cargo|magnetic cargo|loose food
SHP-01080,bengaluru-export,Horizon Supply Co,Frozen bakery inputs,chilled food,Hassan,Cochin port,405,road,7400,202,98,chilled,72 h,68,premium,2026-09-21,2026-09-25,Reefer truck,94,22,per-trip contract,23.8,9208000,22:00-02:00,91,24,40,38,,temperature-controlled food,Needs temperature-controlled carriage.,ambient dry cargo|cement|chemicals
SHP-01081,bengaluru-export,RetailLoop Logistics,Premium craft consignments,fragile craft,Udupi,Bengaluru,188,staging,7000,98,83,fragile,5 d,91,contract,2026-10-14,2026-10-16,Padded box truck with staging buffer,89,57,SLA contract,25.4,4921000,22:00-02:00,52,14,26,42,,premium fragile exports,Needs gentle handling and staging protection.,cement|heavy machinery|wet cargo
SHP-01082,bengaluru-export,Prime Logistics,Electronics returns,electronics,Mysuru,Tuticorin port,299,staging,7200,107,91,ambient,60 h,32,premium,2026-09-26,2026-09-29,Secure parcel truck,86,37,per-trip contract,28.6,7983000,22:00-02:00,53,30,197,58,,high-value reverse logistics,"Needs dry, secure movement and claims control.",wet cargo|magnetic cargo|loose food
SHP-01083,bengaluru-export,Tea Garden Export House,Reverse logistics parcels,parcel returns,Mangaluru,Cochin port,297,staging,5700,67,99,ambient,5 d,69,contract,2026-10-10,2026-10-14,Parcel cage vehicle,94,74,per-tonne contract,29.2,4666000,06:00-10:00,88,15,160,13,,reverse logistics,Works well in staged consolidation waves.,loose food|hazardous
SHP-01084,bengaluru-export,Prime Distributors,Textile bales,textile dry,Mysuru,Mumbai,620,road,4500,156,91,dry,5 d,68,backhaul,2026-10-22,2026-10-28,Dry van with moisture guard,79,57,spot market,25.7,12354000,22:00-02:00,84,16,25,68,,dry industrial backhaul,Needs dry handling and moisture protection.,wet cargo|chemicals
SHP-01085,bengaluru-export,Horizon Distributors,Bamboo panels and handicrafts,fragile craft,Mysuru,Chennai,155,staging,5400,224,94,fragile,24 h,57,premium,2026-10-16,2026-10-19,Padded box truck with staging buffer,78,1,fixed monthly,25.0,2537000,06:00-10:00,72,28,18,31,,fragile regional exports,Needs bracing and should avoid dusty or heavy loads.,cement|heavy machinery|wet cargo
SHP-01086,bengaluru-export,BluePeak Industries,Textile bales,textile dry,Udupi,Tuticorin port,156,road,5000,145,98,dry,60 h,92,backhaul,2026-10-21,2026-10-25,Dry van with moisture guard,75,64,dedicated fleet,25.2,1763000,10:00-14:00,47,37,140,54,,dry industrial backhaul,Needs dry handling and moisture protection.,wet cargo|chemicals
SHP-01087,bengaluru-export,Healthline Export House,Speciality ginger and citrus,fresh produce,Goa,Hyderabad,525,road,6900,62,95,chilled,60 h,38,premium,2026-10-09,2026-10-12,Ventilated reefer truck,80,90,SLA contract,25.8,16860000,14:00-22:00,58,16,22,69,,perishable agriculture,Requires food-safe handling and temperature discipline.,cement|chemicals|odour cargo
SHP-01088,bengaluru-export,Summit Forwarders,Packaged tea cartons,food-grade dry,Mysuru,Bengaluru,660,road,4700,109,91,dry,24 h,42,premium,2026-10-10,2026-10-15,Food-grade dry van,99,44,dedicated fleet,23.9,12149000,10:00-14:00,38,23,17,62,,anchor-compatible FMCG backhaul,Can ride with packaged food and dry FMCG cargo.,cement|chemicals|hazardous
SHP-01089,bengaluru-export,Summit Collective,Premium craft consignments,fragile craft,Goa,Cochin port,88,staging,6300,51,80,fragile,36 h,57,return,2026-10-10,2026-10-16,Padded box truck with staging buffer,91,50,per-trip contract,28.3,2040000,06:00-10:00,77,13,233,73,,premium fragile exports,Needs gentle handling and staging protection.,cement|heavy machinery|wet cargo
SHP-01090,bengaluru-export,CraftBridge Logistics,Regulated pharma samples,regulated pharma,Goa,Mumbai,39,air,29700,90,94,regulated,36 h,60,spot,2026-10-05,2026-10-06,Validated secure pharma uplift,90,72,per-trip contract,19.1,5248000,14:00-22:00,78,55,163,290,GOA-DEL/BOM gateway,regulated high-value urgent,Needs chain-of-custody and compliance clearance.,food|cement|chemicals|unsecured parcels
SHP-01091,bengaluru-export,PortLink Export House,Durable snacks overflow,food-grade dry,Hubballi,Hyderabad,294,road,3200,89,99,ambient,96 h,42,contract,2026-09-22,2026-09-27,Food-grade dry van,84,24,SLA contract,19.3,4050000,22:00-02:00,41,23,1,6,,anchor-compatible FMCG overflow,Highly compatible with Britannia-style packaged food lanes.,cement|chemicals|wet cargo
SHP-01092,bengaluru-export,Eastern Logistics,Reverse logistics parcels,parcel returns,Mangaluru,Chennai,237,staging,5200,34,91,ambient,60 h,46,return,2026-10-09,2026-10-12,Parcel cage vehicle,75,62,SLA contract,29.5,2905000,14:00-22:00,53,10,27,75,,reverse logistics,Works well in staged consolidation waves.,loose food|hazardous
SHP-01093,bengaluru-export,RetailLoop Supply Co,Reverse logistics parcels,parcel returns,Hubballi,Tuticorin port,112,staging,6400,109,99,ambient,36 h,57,overflow,2026-10-20,2026-10-22,Parcel cage vehicle,70,48,per-trip contract,30.7,3034000,10:00-14:00,57,26,112,14,,reverse logistics,Works well in staged consolidation waves.,loose food|hazardous
SHP-01094,bengaluru-export,AgroStar Collective,Spice cartons,food-grade dry,Goa,Cochin port,462,road,4500,151,82,ambient,96 h,36,contract,2026-10-18,2026-10-22,Food-grade dry van,82,38,fixed monthly,23.4,7120000,10:00-14:00,89,23,240,58,,ambient food exports,Compatible with packaged food when odour control is maintained.,cement|chemicals|odour cargo
SHP-01095,bengaluru-export,CraftBridge Trade Network,Medical devices,regulated devices,Mangaluru,Hyderabad,17,air,16400,16,97,regulated,24 h,82,premium,2026-10-03,2026-10-04,Secure high-value air cargo,90,15,fixed monthly,12.8,967000,10:00-14:00,86,93,121,262,MAN-DEL/BOM gateway,regulated high-value urgent,Needs secure handling and documented custody.,cement|chemicals|unsealed food
SHP-01096,bengaluru-export,Horizon Industries,High value samples,secured samples,Goa,Tuticorin port,41,air,22700,86,92,regulated,60 h,29,premium,2026-10-27,2026-10-28,Secure air cargo pouch,76,26,per-trip contract,11.6,4134000,14:00-22:00,45,72,227,166,GOA-DEL/BOM gateway,high-value urgent,Needs secure handling and tight handoff control.,bulk cargo|unsecured parcels
SHP-01097,bengaluru-export,Summit Foods,Packaged tea cartons,food-grade dry,Hubballi,Mumbai,637,road,5300,135,97,dry,5 d,87,contract,2026-10-14,2026-10-15,Food-grade dry van,77,79,spot market,27.7,10452000,14:00-22:00,60,25,33,48,,anchor-compatible FMCG backhaul,Can ride with packaged food and dry FMCG cargo.,cement|chemicals|hazardous
SHP-01098,bengaluru-export,Riverline Supply Co,Speciality ginger and citrus,fresh produce,Mangaluru,Chennai,557,road,6900,52,99,chilled,60 h,91,contract,2026-10-06,2026-10-10,Ventilated reefer truck,70,62,fixed monthly,24.5,15809000,10:00-14:00,42,16,29,35,,perishable agriculture,Requires food-safe handling and temperature discipline.,cement|chemicals|odour cargo
SHP-01099,bengaluru-export,Riverline Collective,Coffee and cocoa sacks,food-grade dry,Udupi,Hyderabad,249,sea,4000,68,91,dry,5 d,71,return,2026-10-28,2026-10-31,Dry container with odour guard,81,58,fixed monthly,50.5,4629000,22:00-02:00,53,12,198,6,,bulk food export,Can consolidate with dry food cargo.,cement|chemicals|odour cargo
SHP-01100,bengaluru-export,Spice Valley Industries,Electronics returns,electronics,Hassan,Cochin port,119,staging,8200,110,83,ambient,60 h,27,premium,2026-10-31,2026-11-03,Secure parcel truck,79,55,dedicated fleet,26.9,4015000,06:00-10:00,85,14,209,72,,high-value reverse logistics,"Needs dry, secure movement and claims control.",wet cargo|magnetic cargo|loose food
SHP-01101,bengaluru-export,CraftBridge Supply Co,Frozen bakery inputs,chilled food,Mangaluru,Bengaluru,641,road,9200,92,98,chilled,6 d,80,overflow,2026-10-23,2026-10-28,Reefer truck,87,38,SLA contract,20.3,24288000,06:00-10:00,73,42,20,24,,temperature-controlled food,Needs temperature-controlled carriage.,ambient dry cargo|cement|chemicals
SHP-01102,bengaluru-export,Horizon Export House,Frozen bakery inputs,chilled food,Mysuru,Hyderabad,688,road,5900,149,84,chilled,36 h,44,return,2026-10-29,2026-11-04,Reefer truck,88,47,per-tonne contract,27.6,10549000,06:00-10:00,66,42,21,88,,temperature-controlled food,Needs temperature-controlled carriage.,ambient dry cargo|cement|chemicals
SHP-01103,bengaluru-export,Metro Consortium,Reverse logistics parcels,parcel returns,Udupi,Hyderabad,241,staging,6600,118,99,ambient,72 h,43,spot,2026-09-26,2026-09-30,Parcel cage vehicle,74,17,fixed monthly,28.4,5588000,14:00-22:00,72,35,0,69,,reverse logistics,Works well in staged consolidation waves.,loose food|hazardous
SHP-01104,bengaluru-export,Riverline Export House,Packaged tea cartons,food-grade dry,Mysuru,Bengaluru,113,road,4500,92,92,dry,24 h,48,return,2026-09-29,2026-10-04,Food-grade dry van,77,13,per-trip contract,19.8,2310000,10:00-14:00,42,10,11,50,,anchor-compatible FMCG backhaul,Can ride with packaged food and dry FMCG cargo.,cement|chemicals|hazardous
SHP-01105,bengaluru-export,Swift Supply Co,Reverse logistics parcels,parcel returns,Hassan,Cochin port,57,staging,6100,49,83,ambient,72 h,70,contract,2026-10-12,2026-10-17,Parcel cage vehicle,77,58,SLA contract,26.4,1646000,06:00-10:00,69,39,89,78,,reverse logistics,Works well in staged consolidation waves.,loose food|hazardous
SHP-01106,bengaluru-export,Spice Valley Export House,Textile bales,textile dry,Hassan,Chennai,73,road,5000,82,86,dry,96 h,85,overflow,2026-10-30,2026-10-31,Dry van with moisture guard,78,31,fixed monthly,25.7,1435000,22:00-02:00,57,27,17,61,,dry industrial backhaul,Needs dry handling and moisture protection.,wet cargo|chemicals
SHP-01107,bengaluru-export,National Foods,Textile bales,textile dry,Mangaluru,Bengaluru,563,road,3200,58,98,dry,60 h,55,overflow,2026-09-21,2026-09-22,Dry van with moisture guard,76,45,per-tonne contract,21.5,7932000,10:00-14:00,72,11,6,46,,dry industrial backhaul,Needs dry handling and moisture protection.,wet cargo|chemicals
SHP-01108,bengaluru-export,PortLink Industries,Packaged tea cartons,food-grade dry,Hassan,Hyderabad,543,road,5300,111,95,dry,5 d,65,return,2026-10-11,2026-10-16,Food-grade dry van,76,33,per-tonne contract,23.7,10587000,14:00-22:00,36,11,6,69,,anchor-compatible FMCG backhaul,Can ride with packaged food and dry FMCG cargo.,cement|chemicals|hazardous
SHP-01109,bengaluru-export,Tea Garden Forwarders,Textile bales,textile dry,Udupi,Cochin port,599,road,3300,79,84,dry,36 h,25,backhaul,2026-10-01,2026-10-06,Dry van with moisture guard,76,13,fixed monthly,19.9,5314000,14:00-22:00,75,43,204,58,,dry industrial backhaul,Needs dry handling and moisture protection.,wet cargo|chemicals
SHP-01110,bengaluru-export,Prime Industries,Coffee and cocoa sacks,food-grade dry,Hubballi,Mumbai,1068,sea,4000,167,90,dry,96 h,29,premium,2026-10-04,2026-10-05,Dry container with odour guard,82,16,SLA contract,52.1,10282000,22:00-02:00,54,19,235,2,,bulk food export,Can consolidate with dry food cargo.,cement|chemicals|odour cargo
SHP-01111,bengaluru-export,Bharat Supply Co,Electronics returns,electronics,Mysuru,Bengaluru,79,staging,7200,141,87,ambient,96 h,64,overflow,2026-09-19,2026-09-24,Secure parcel truck,81,48,per-trip contract,31.2,2227000,14:00-22:00,72,42,0,3,,high-value reverse logistics,"Needs dry, secure movement and claims control.",wet cargo|magnetic cargo|loose food
SHP-01112,bengaluru-export,Metro Collective,Spice cartons,food-grade dry,Mysuru,Mumbai,471,road,5600,99,89,ambient,48 h,98,overflow,2026-10-28,2026-11-02,Food-grade dry van,84,37,fixed monthly,25.9,6115000,22:00-02:00,96,18,30,84,,ambient food exports,Compatible with packaged food when odour control is maintained.,cement|chemicals|odour cargo
SHP-01113,bengaluru-export,BluePeak Distributors,Reverse logistics parcels,parcel returns,Mysuru,Cochin port,295,staging,6900,102,94,ambient,96 h,87,overflow,2026-10-23,2026-10-29,Parcel cage vehicle,78,18,SLA contract,29.7,7397000,06:00-10:00,80,21,222,27,,reverse logistics,Works well in staged consolidation waves.,loose food|hazardous
SHP-01114,bengaluru-export,Bharat Collective,Premium craft consignments,fragile craft,Mysuru,Mumbai,307,staging,6400,112,89,fragile,48 h,77,overflow,2026-10-18,2026-10-19,Padded box truck with staging buffer,77,31,SLA contract,29.2,7092000,06:00-10:00,86,17,1,7,,premium fragile exports,Needs gentle handling and staging protection.,cement|heavy machinery|wet cargo
SHP-01115,bengaluru-export,Horizon Collective,Regulated pharma samples,regulated pharma,Hubballi,Chennai,30,air,23600,104,92,regulated,48 h,51,premium,2026-10-17,2026-10-19,Validated secure pharma uplift,87,51,SLA contract,12.0,2048000,22:00-02:00,42,98,140,223,HUB-DEL/BOM gateway,regulated high-value urgent,Needs chain-of-custody and compliance clearance.,food|cement|chemicals|unsecured parcels
SHP-01116,bengaluru-export,Prime Supply Co,High value samples,secured samples,Hubballi,Chennai,62,air,28500,41,89,regulated,12 h,97,premium,2026-10-14,2026-10-15,Secure air cargo pouch,83,15,SLA contract,10.3,5937000,10:00-14:00,85,162,73,45,HUB-DEL/BOM gateway,high-value urgent,Needs secure handling and tight handoff control.,bulk cargo|unsecured parcels
SHP-01117,bengaluru-export,Bharat Logistics,Textile bales,textile dry,Goa,Hyderabad,383,road,3800,86,91,dry,48 h,53,contract,2026-09-16,2026-09-17,Dry van with moisture guard,83,28,SLA contract,19.6,3629000,06:00-10:00,60,33,34,46,,dry industrial backhaul,Needs dry handling and moisture protection.,wet cargo|chemicals
SHP-01118,bengaluru-export,Tea Garden Collective,Textile bales,textile dry,Goa,Cochin port,169,road,4100,39,86,dry,48 h,33,return,2026-10-09,2026-10-14,Dry van with moisture guard,73,27,fixed monthly,22.6,3118000,14:00-22:00,45,12,177,30,,dry industrial backhaul,Needs dry handling and moisture protection.,wet cargo|chemicals
SHP-01119,bengaluru-export,Summit Logistics,High value samples,secured samples,Udupi,Tuticorin port,33,air,34400,140,99,regulated,12 h,88,spot,2026-10-23,2026-10-24,Secure air cargo pouch,82,37,dedicated fleet,10.2,2825000,22:00-02:00,96,154,108,79,UDU-DEL/BOM gateway,high-value urgent,Needs secure handling and tight handoff control.,bulk cargo|unsecured parcels
SHP-01120,bengaluru-export,Healthline Consortium,Regulated pharma samples,regulated pharma,Mysuru,Chennai,40,air,21600,190,82,regulated,96 h,43,spot,2026-10-14,2026-10-16,Validated secure pharma uplift,70,24,spot market,10.4,3687000,22:00-02:00,38,166,122,147,MYS-DEL/BOM gateway,regulated high-value urgent,Needs chain-of-custody and compliance clearance.,food|cement|chemicals|unsecured parcels
SHP-01121,bengaluru-export,Tea Garden Industries,Regulated pharma samples,regulated pharma,Hassan,Tuticorin port,22,air,29900,99,86,regulated,36 h,30,premium,2026-10-28,2026-10-29,Validated secure pharma uplift,82,18,per-trip contract,19.8,2944000,10:00-14:00,80,174,235,354,HAS-DEL/BOM gateway,regulated high-value urgent,Needs chain-of-custody and compliance clearance.,food|cement|chemicals|unsecured parcels
SHP-01122,bengaluru-export,BluePeak Collective,Coffee and cocoa sacks,food-grade dry,Goa,Bengaluru,414,sea,4000,97,90,dry,72 h,78,overflow,2026-10-30,2026-11-02,Dry container with odour guard,85,41,spot market,54.6,3836000,06:00-10:00,35,10,49,16,,bulk food export,Can consolidate with dry food cargo.,cement|chemicals|odour cargo
SHP-01123,bengaluru-export,Healthline Consortium,Containerised export overflow,container export,Goa,Cochin port,413,sea,2900,144,90,dry,36 h,92,premium,2026-09-18,2026-09-19,Sealed container feeder,80,9,SLA contract,51.0,4224000,22:00-02:00,57,17,238,60,,bulk export overflow,Best suited to feeder or port-linked consolidation.,loose perishable|fragile craft
SHP-01124,bengaluru-export,Horizon Distributors,Packaged tea cartons,food-grade dry,Udupi,Chennai,317,road,4500,77,78,dry,72 h,41,contract,2026-09-24,2026-09-27,Food-grade dry van,83,60,per-trip contract,25.8,5188000,14:00-22:00,68,31,15,22,,anchor-compatible FMCG backhaul,Can ride with packaged food and dry FMCG cargo.,cement|chemicals|hazardous
SHP-01125,bengaluru-export,Prime Consortium,Spice cartons,food-grade dry,Mangaluru,Mumbai,555,road,5500,44,92,ambient,24 h,96,contract,2026-10-07,2026-10-10,Food-grade dry van,82,59,per-tonne contract,23.2,10071000,14:00-22:00,100,14,23,52,,ambient food exports,Compatible with packaged food when odour control is maintained.,cement|chemicals|odour cargo
SHP-01126,bengaluru-export,AgroStar Trade Network,Durable snacks overflow,food-grade dry,Goa,Chennai,634,road,3500,101,90,ambient,72 h,39,return,2026-10-29,2026-11-01,Food-grade dry van,77,80,spot market,25.4,5962000,10:00-14:00,70,24,14,74,,anchor-compatible FMCG overflow,Highly compatible with Britannia-style packaged food lanes.,cement|chemicals|wet cargo
SHP-01127,bengaluru-export,Horizon Collective,High value samples,secured samples,Udupi,Chennai,40,air,33600,82,79,regulated,60 h,61,return,2026-09-25,2026-09-27,Secure air cargo pouch,80,50,spot market,9.3,4917000,10:00-14:00,74,55,82,192,UDU-DEL/BOM gateway,high-value urgent,Needs secure handling and tight handoff control.,bulk cargo|unsecured parcels
SHP-01128,bengaluru-export,National Export House,Reverse logistics parcels,parcel returns,Goa,Hyderabad,326,staging,4800,214,86,ambient,6 d,94,overflow,2026-09-20,2026-09-21,Parcel cage vehicle,99,48,fixed monthly,31.9,4513000,22:00-02:00,96,44,1,62,,reverse logistics,Works well in staged consolidation waves.,loose food|hazardous
SHP-01129,bengaluru-export,Swift Collective,Regulated pharma samples,regulated pharma,Hassan,Bengaluru,42,air,19000,55,97,regulated,12 h,87,contract,2026-10-30,2026-11-01,Validated secure pharma uplift,83,23,SLA contract,14.3,3302000,22:00-02:00,49,97,202,353,HAS-DEL/BOM gateway,regulated high-value urgent,Needs chain-of-custody and compliance clearance.,food|cement|chemicals|unsecured parcels
SHP-01130,bengaluru-export,Prime Industries,Frozen bakery inputs,chilled food,Udupi,Mumbai,117,road,8400,50,95,chilled,72 h,47,return,2026-09-17,2026-09-21,Reefer truck,99,54,SLA contract,20.2,2989000,22:00-02:00,100,16,4,45,,temperature-controlled food,Needs temperature-controlled carriage.,ambient dry cargo|cement|chemicals
SHP-01131,bengaluru-export,Metro Industries,Coffee and cocoa sacks,food-grade dry,Mysuru,Mumbai,871,sea,3000,47,84,dry,96 h,40,return,2026-10-29,2026-11-04,Dry container with odour guard,84,61,per-trip contract,52.6,5840000,14:00-22:00,57,14,180,55,,bulk food export,Can consolidate with dry food cargo.,cement|chemicals|odour cargo
SHP-01132,bengaluru-export,Healthline Logistics,Speciality ginger and citrus,fresh produce,Mangaluru,Tuticorin port,495,road,5000,78,94,chilled,60 h,77,overflow,2026-10-16,2026-10-21,Ventilated reefer truck,85,24,fixed monthly,24.4,11024000,10:00-14:00,67,12,141,89,,perishable agriculture,Requires food-safe handling and temperature discipline.,cement|chemicals|odour cargo
SHP-01133,bengaluru-export,BluePeak Foods,Spice cartons,food-grade dry,Udupi,Cochin port,686,road,5400,91,98,ambient,24 h,86,premium,2026-10-22,2026-10-27,Food-grade dry van,79,67,SLA contract,20.8,8367000,14:00-22:00,75,17,64,45,,ambient food exports,Compatible with packaged food when odour control is maintained.,cement|chemicals|odour cargo
SHP-01134,bengaluru-export,Bharat Collective,Medical devices,regulated devices,Goa,Hyderabad,42,air,18800,217,97,regulated,72 h,79,contract,2026-10-17,2026-10-19,Secure high-value air cargo,78,4,per-tonne contract,12.8,2789000,06:00-10:00,42,85,214,158,GOA-DEL/BOM gateway,regulated high-value urgent,Needs secure handling and documented custody.,cement|chemicals|unsealed food
SHP-01135,bengaluru-export,Greenfield Foods,Durable snacks overflow,food-grade dry,Mangaluru,Bengaluru,583,road,4100,38,92,ambient,96 h,98,return,2026-10-23,2026-10-24,Food-grade dry van,76,35,per-trip contract,23.0,11215000,06:00-10:00,93,27,32,42,,anchor-compatible FMCG overflow,Highly compatible with Britannia-style packaged food lanes.,cement|chemicals|wet cargo
SHP-01136,bengaluru-export,Eastern Forwarders,Frozen bakery inputs,chilled food,Udupi,Mumbai,474,road,6200,120,86,chilled,6 d,80,spot,2026-10-02,2026-10-04,Reefer truck,85,53,fixed monthly,20.3,12717000,10:00-14:00,36,40,10,49,,temperature-controlled food,Needs temperature-controlled carriage.,ambient dry cargo|cement|chemicals
SHP-01137,bengaluru-export,Riverline Distributors,Bamboo panels and handicrafts,fragile craft,Goa,Hyderabad,58,staging,4700,144,81,fragile,96 h,34,return,2026-09-30,2026-10-02,Padded box truck with staging buffer,71,15,per-trip contract,30.1,1228000,14:00-22:00,54,13,21,45,,fragile regional exports,Needs bracing and should avoid dusty or heavy loads.,cement|heavy machinery|wet cargo
SHP-01138,bengaluru-export,Summit Forwarders,High value samples,secured samples,Udupi,Tuticorin port,65,air,29500,94,86,regulated,72 h,70,overflow,2026-10-28,2026-10-30,Secure air cargo pouch,81,26,per-tonne contract,16.7,6945000,10:00-14:00,93,72,130,120,UDU-DEL/BOM gateway,high-value urgent,Needs secure handling and tight handoff control.,bulk cargo|unsecured parcels
SHP-01139,bengaluru-export,Summit Forwarders,Textile bales,textile dry,Udupi,Chennai,683,road,3700,165,92,dry,36 h,33,spot,2026-09-24,2026-09-26,Dry van with moisture guard,91,77,dedicated fleet,21.4,8001000,10:00-14:00,93,40,16,13,,dry industrial backhaul,Needs dry handling and moisture protection.,wet cargo|chemicals
SHP-01140,bengaluru-export,Horizon Foods,Containerised export overflow,container export,Mangaluru,Cochin port,258,sea,4400,161,96,dry,60 h,97,return,2026-10-27,2026-11-02,Sealed container feeder,78,60,fixed monthly,50.1,2681000,10:00-14:00,36,36,34,47,,bulk export overflow,Best suited to feeder or port-linked consolidation.,loose perishable|fragile craft
SHP-01141,bengaluru-export,PortLink Distributors,Frozen bakery inputs,chilled food,Udupi,Tuticorin port,283,road,8800,71,89,chilled,48 h,49,return,2026-10-16,2026-10-17,Reefer truck,75,47,fixed monthly,18.5,7889000,06:00-10:00,66,45,48,43,,temperature-controlled food,Needs temperature-controlled carriage.,ambient dry cargo|cement|chemicals
SHP-01142,bengaluru-export,Riverline Distributors,Durable snacks overflow,food-grade dry,Mysuru,Chennai,153,road,3300,73,91,ambient,48 h,41,contract,2026-10-07,2026-10-11,Food-grade dry van,90,34,per-trip contract,23.0,1502000,22:00-02:00,59,27,1,34,,anchor-compatible FMCG overflow,Highly compatible with Britannia-style packaged food lanes.,cement|chemicals|wet cargo
SHP-01143,bengaluru-export,BluePeak Distributors,Durable snacks overflow,food-grade dry,Mangaluru,Cochin port,54,road,4300,97,82,ambient,24 h,59,premium,2026-09-24,2026-09-28,Food-grade dry van,82,59,SLA contract,21.9,909000,06:00-10:00,36,39,106,28,,anchor-compatible FMCG overflow,Highly compatible with Britannia-style packaged food lanes.,cement|chemicals|wet cargo
SHP-01144,bengaluru-export,BluePeak Supply Co,Coffee and cocoa sacks,food-grade dry,Hassan,Mumbai,862,sea,3600,205,87,dry,60 h,51,overflow,2026-10-14,2026-10-16,Dry container with odour guard,80,58,per-trip contract,50.1,9828000,14:00-22:00,63,12,37,65,,bulk food export,Can consolidate with dry food cargo.,cement|chemicals|odour cargo
SHP-01145,bengaluru-export,Healthline Collective,Spice cartons,food-grade dry,Goa,Cochin port,428,road,5500,57,88,ambient,96 h,24,overflow,2026-09-23,2026-09-29,Food-grade dry van,83,64,per-trip contract,25.2,8852000,10:00-14:00,59,42,160,63,,ambient food exports,Compatible with packaged food when odour control is maintained.,cement|chemicals|odour cargo
SHP-01146,bengaluru-export,AgroStar Supply Co,Frozen bakery inputs,chilled food,Goa,Cochin port,193,road,7600,232,94,chilled,48 h,49,overflow,2026-09-16,2026-09-22,Reefer truck,72,61,per-trip contract,23.2,6972000,14:00-22:00,82,15,104,90,,temperature-controlled food,Needs temperature-controlled carriage.,ambient dry cargo|cement|chemicals
SHP-01147,bengaluru-export,Summit Trade Network,Regulated pharma samples,regulated pharma,Hubballi,Tuticorin port,31,air,18200,64,94,regulated,5 d,24,return,2026-10-09,2026-10-10,Validated secure pharma uplift,97,75,per-trip contract,10.0,2020000,14:00-22:00,88,103,36,223,HUB-DEL/BOM gateway,regulated high-value urgent,Needs chain-of-custody and compliance clearance.,food|cement|chemicals|unsecured parcels
SHP-01148,bengaluru-export,Metro Collective,Packaged tea cartons,food-grade dry,Goa,Chennai,55,road,3900,87,90,dry,96 h,26,overflow,2026-10-05,2026-10-07,Food-grade dry van,78,53,per-tonne contract,21.7,585000,22:00-02:00,86,22,24,78,,anchor-compatible FMCG backhaul,Can ride with packaged food and dry FMCG cargo.,cement|chemicals|hazardous
SHP-01149,bengaluru-export,Summit Consortium,Bamboo panels and handicrafts,fragile craft,Goa,Tuticorin port,188,staging,4400,102,92,fragile,24 h,33,contract,2026-10-31,2026-11-06,Padded box truck with staging buffer,92,11,fixed monthly,28.3,3036000,14:00-22:00,67,15,53,25,,fragile regional exports,Needs bracing and should avoid dusty or heavy loads.,cement|heavy machinery|wet cargo
SHP-01150,bengaluru-export,AgroStar Foods,Regulated pharma samples,regulated pharma,Mysuru,Chennai,32,air,25800,62,91,regulated,12 h,91,spot,2026-10-23,2026-10-25,Validated secure pharma uplift,93,31,per-tonne contract,17.5,3941000,14:00-22:00,51,106,217,128,MYS-DEL/BOM gateway,regulated high-value urgent,Needs chain-of-custody and compliance clearance.,food|cement|chemicals|unsecured parcels
SHP-01151,bengaluru-export,Healthline Industries,Frozen bakery inputs,chilled food,Mangaluru,Mumbai,469,road,6300,62,96,chilled,96 h,89,premium,2026-10-01,2026-10-06,Reefer truck,75,48,SLA contract,18.6,6506000,06:00-10:00,35,33,22,30,,temperature-controlled food,Needs temperature-controlled carriage.,ambient dry cargo|cement|chemicals
SHP-01152,bengaluru-export,Greenfield Foods,Containerised export overflow,container export,Udupi,Hyderabad,952,sea,2800,129,94,dry,48 h,64,overflow,2026-10-27,2026-10-28,Sealed container feeder,82,78,per-tonne contract,50.5,10479000,14:00-22:00,44,26,239,90,,bulk export overflow,Best suited to feeder or port-linked consolidation.,loose perishable|fragile craft
SHP-01153,bengaluru-export,National Export House,Spice cartons,food-grade dry,Mysuru,Mumbai,134,road,5600,74,79,ambient,5 d,77,backhaul,2026-10-12,2026-10-15,Food-grade dry van,75,71,fixed monthly,21.5,2666000,06:00-10:00,62,14,11,21,,ambient food exports,Compatible with packaged food when odour control is maintained.,cement|chemicals|odour cargo
SHP-01154,bengaluru-export,RetailLoop Collective,Frozen bakery inputs,chilled food,Mangaluru,Chennai,489,road,7500,128,95,chilled,36 h,93,return,2026-10-25,2026-10-26,Reefer truck,83,64,fixed monthly,23.1,12800000,06:00-10:00,61,26,32,26,,temperature-controlled food,Needs temperature-controlled carriage.,ambient dry cargo|cement|chemicals
SHP-01155,bengaluru-export,Healthline Industries,Spice cartons,food-grade dry,Goa,Chennai,593,road,3900,81,99,ambient,6 d,45,premium,2026-10-20,2026-10-21,Food-grade dry van,90,7,per-trip contract,21.9,10606000,10:00-14:00,77,15,3,32,,ambient food exports,Compatible with packaged food when odour control is maintained.,cement|chemicals|odour cargo
SHP-01156,bengaluru-export,BluePeak Export House,Textile bales,textile dry,Mangaluru,Mumbai,493,road,3300,59,88,dry,36 h,81,overflow,2026-09-17,2026-09-22,Dry van with moisture guard,71,38,dedicated fleet,20.6,6812000,10:00-14:00,74,28,17,73,,dry industrial backhaul,Needs dry handling and moisture protection.,wet cargo|chemicals
SHP-01157,bengaluru-export,National Industries,Coffee and cocoa sacks,food-grade dry,Udupi,Mumbai,789,sea,3300,37,99,dry,24 h,28,contract,2026-10-25,2026-10-28,Dry container with odour guard,83,67,spot market,53.2,7998000,22:00-02:00,46,11,214,1,,bulk food export,Can consolidate with dry food cargo.,cement|chemicals|odour cargo
SHP-01158,bengaluru-export,Tea Garden Industries,Packaged tea cartons,food-grade dry,Hassan,Cochin port,100,road,3700,148,88,dry,72 h,84,overflow,2026-09-30,2026-10-05,Food-grade dry van,84,46,per-trip contract,25.7,975000,14:00-22:00,43,35,215,28,,anchor-compatible FMCG backhaul,Can ride with packaged food and dry FMCG cargo.,cement|chemicals|hazardous
SHP-01159,bengaluru-export,AgroStar Trade Network,High value samples,secured samples,Hubballi,Mumbai,27,air,31400,74,97,regulated,72 h,28,contract,2026-10-18,2026-10-20,Secure air cargo pouch,72,42,fixed monthly,12.6,4021000,14:00-22:00,86,104,106,265,HUB-DEL/BOM gateway,high-value urgent,Needs secure handling and tight handoff control.,bulk cargo|unsecured parcels
SHP-01160,bengaluru-export,AgroStar Logistics,Medical devices,regulated devices,Mangaluru,Mumbai,34,air,16200,84,94,regulated,36 h,74,contract,2026-10-31,2026-11-01,Secure high-value air cargo,80,34,per-trip contract,16.1,2230000,14:00-22:00,84,106,42,110,MAN-DEL/BOM gateway,regulated high-value urgent,Needs secure handling and documented custody.,cement|chemicals|unsealed food
SHP-01161,bengaluru-export,Greenfield Consortium,Packaged tea cartons,food-grade dry,Udupi,Bengaluru,281,road,4400,207,99,dry,96 h,77,return,2026-10-03,2026-10-04,Food-grade dry van,89,33,per-trip contract,29.4,2813000,22:00-02:00,39,32,23,44,,anchor-compatible FMCG backhaul,Can ride with packaged food and dry FMCG cargo.,cement|chemicals|hazardous
SHP-01162,bengaluru-export,Summit Forwarders,Packaged tea cartons,food-grade dry,Mangaluru,Mumbai,472,road,3700,94,92,dry,5 d,88,contract,2026-09-25,2026-10-01,Food-grade dry van,84,72,per-tonne contract,24.1,5488000,22:00-02:00,95,25,6,44,,anchor-compatible FMCG backhaul,Can ride with packaged food and dry FMCG cargo.,cement|chemicals|hazardous
SHP-01163,bengaluru-export,RetailLoop Foods,Spice cartons,food-grade dry,Mysuru,Hyderabad,373,road,5400,53,88,ambient,36 h,27,spot,2026-10-17,2026-10-19,Food-grade dry van,88,3,dedicated fleet,21.8,7667000,14:00-22:00,85,27,11,21,,ambient food exports,Compatible with packaged food when odour control is maintained.,cement|chemicals|odour cargo
SHP-01164,bengaluru-export,BluePeak Collective,Bamboo panels and handicrafts,fragile craft,Hassan,Cochin port,177,staging,6900,120,96,fragile,48 h,66,spot,2026-10-18,2026-10-21,Padded box truck with staging buffer,76,28,per-tonne contract,31.1,5862000,14:00-22:00,93,43,190,10,,fragile regional exports,Needs bracing and should avoid dusty or heavy loads.,cement|heavy machinery|wet cargo
SHP-01165,bengaluru-export,Bharat Industries,Reverse logistics parcels,parcel returns,Goa,Hyderabad,359,staging,6400,56,84,ambient,6 d,26,premium,2026-10-09,2026-10-15,Parcel cage vehicle,80,71,fixed monthly,26.0,9996000,14:00-22:00,41,10,2,33,,reverse logistics,Works well in staged consolidation waves.,loose food|hazardous
SHP-01166,bengaluru-export,Summit Trade Network,Medical devices,regulated devices,Udupi,Mumbai,19,air,14800,201,89,regulated,6 d,48,spot,2026-09-24,2026-09-25,Secure high-value air cargo,89,36,fixed monthly,14.0,645000,14:00-22:00,92,84,238,63,UDU-DEL/BOM gateway,regulated high-value urgent,Needs secure handling and documented custody.,cement|chemicals|unsealed food
SHP-01167,bengaluru-export,Swift Supply Co,Spice cartons,food-grade dry,Goa,Bengaluru,382,road,6200,160,95,ambient,5 d,53,contract,2026-10-09,2026-10-14,Food-grade dry van,76,35,per-tonne contract,27.0,7030000,10:00-14:00,75,18,35,36,,ambient food exports,Compatible with packaged food when odour control is maintained.,cement|chemicals|odour cargo
SHP-01168,bengaluru-export,Horizon Logistics,High value samples,secured samples,Mangaluru,Tuticorin port,43,air,25300,90,91,regulated,96 h,53,spot,2026-09-25,2026-09-26,Secure air cargo pouch,82,12,SLA contract,14.8,2984000,14:00-22:00,61,126,65,228,MAN-DEL/BOM gateway,high-value urgent,Needs secure handling and tight handoff control.,bulk cargo|unsecured parcels
SHP-01169,bengaluru-export,Bharat Industries,Regulated pharma samples,regulated pharma,Hubballi,Tuticorin port,55,air,26300,235,92,regulated,5 d,57,return,2026-10-28,2026-10-29,Validated secure pharma uplift,93,10,per-tonne contract,13.4,5700000,06:00-10:00,50,114,168,258,HUB-DEL/BOM gateway,regulated high-value urgent,Needs chain-of-custody and compliance clearance.,food|cement|chemicals|unsecured parcels
SHP-01170,bengaluru-export,CraftBridge Forwarders,Durable snacks overflow,food-grade dry,Udupi,Tuticorin port,426,road,3000,118,97,ambient,36 h,88,backhaul,2026-10-11,2026-10-16,Food-grade dry van,86,5,per-tonne contract,24.1,4786000,22:00-02:00,67,43,237,48,,anchor-compatible FMCG overflow,Highly compatible with Britannia-style packaged food lanes.,cement|chemicals|wet cargo
SHP-01171,bengaluru-export,Healthline Collective,Containerised export overflow,container export,Goa,Chennai,1161,sea,4500,139,80,dry,24 h,62,premium,2026-10-23,2026-10-24,Sealed container feeder,69,51,spot market,47.8,20158000,22:00-02:00,63,19,91,80,,bulk export overflow,Best suited to feeder or port-linked consolidation.,loose perishable|fragile craft
SHP-01172,bengaluru-export,Prime Industries,Bamboo panels and handicrafts,fragile craft,Mangaluru,Cochin port,149,staging,5400,142,93,fragile,48 h,56,premium,2026-10-13,2026-10-17,Padded box truck with staging buffer,75,88,per-trip contract,27.1,2771000,06:00-10:00,95,28,140,46,,fragile regional exports,Needs bracing and should avoid dusty or heavy loads.,cement|heavy machinery|wet cargo
SHP-01173,bengaluru-export,Swift Collective,High value samples,secured samples,Hubballi,Hyderabad,55,air,29100,132,90,regulated,60 h,39,spot,2026-10-31,2026-11-02,Secure air cargo pouch,92,31,dedicated fleet,11.9,5487000,10:00-14:00,43,133,175,109,HUB-DEL/BOM gateway,high-value urgent,Needs secure handling and tight handoff control.,bulk cargo|unsecured parcels
SHP-01174,bengaluru-export,AgroStar Industries,Durable snacks overflow,food-grade dry,Hassan,Tuticorin port,121,road,4300,61,90,ambient,60 h,40,contract,2026-10-20,2026-10-21,Food-grade dry van,71,52,SLA contract,22.7,1903000,22:00-02:00,57,16,65,60,,anchor-compatible FMCG overflow,Highly compatible with Britannia-style packaged food lanes.,cement|chemicals|wet cargo
SHP-01175,bengaluru-export,Prime Export House,Frozen bakery inputs,chilled food,Mangaluru,Cochin port,606,road,8300,94,89,chilled,24 h,45,overflow,2026-09-17,2026-09-23,Reefer truck,78,51,SLA contract,24.4,15302000,22:00-02:00,75,14,96,85,,temperature-controlled food,Needs temperature-controlled carriage.,ambient dry cargo|cement|chemicals
SHP-01176,bengaluru-export,BluePeak Supply Co,Medical devices,regulated devices,Hassan,Hyderabad,23,air,17100,171,85,regulated,72 h,58,spot,2026-10-31,2026-11-02,Secure high-value air cargo,76,9,per-tonne contract,14.7,1014000,22:00-02:00,93,126,87,66,HAS-DEL/BOM gateway,regulated high-value urgent,Needs secure handling and documented custody.,cement|chemicals|unsealed food
SHP-01177,bengaluru-export,Spice Valley Foods,High value samples,secured samples,Udupi,Hyderabad,8,air,25000,165,80,regulated,48 h,58,backhaul,2026-10-13,2026-10-14,Secure air cargo pouch,79,27,fixed monthly,15.0,717000,22:00-02:00,86,74,145,335,UDU-DEL/BOM gateway,high-value urgent,Needs secure handling and tight handoff control.,bulk cargo|unsecured parcels
SHP-01178,bengaluru-export,PortLink Logistics,Premium craft consignments,fragile craft,Mangaluru,Tuticorin port,195,staging,6400,42,89,fragile,60 h,96,contract,2026-10-04,2026-10-06,Padded box truck with staging buffer,86,6,fixed monthly,25.5,5375000,06:00-10:00,44,25,215,37,,premium fragile exports,Needs gentle handling and staging protection.,cement|heavy machinery|wet cargo
SHP-01179,bengaluru-export,PortLink Supply Co,Speciality ginger and citrus,fresh produce,Mangaluru,Chennai,448,road,7200,67,94,chilled,24 h,42,premium,2026-09-23,2026-09-28,Ventilated reefer truck,89,61,per-tonne contract,24.2,12059000,14:00-22:00,67,35,3,27,,perishable agriculture,Requires food-safe handling and temperature discipline.,cement|chemicals|odour cargo
SHP-01180,bengaluru-export,Tea Garden Supply Co,Durable snacks overflow,food-grade dry,Hassan,Bengaluru,227,road,4200,97,83,ambient,6 d,42,spot,2026-09-21,2026-09-25,Food-grade dry van,78,12,SLA contract,19.2,3272000,14:00-22:00,36,32,18,10,,anchor-compatible FMCG overflow,Highly compatible with Britannia-style packaged food lanes.,cement|chemicals|wet cargo
SHP-01181,bengaluru-export,CraftBridge Collective,Medical devices,regulated devices,Udupi,Chennai,50,air,23500,141,82,regulated,12 h,85,return,2026-09-21,2026-09-23,Secure high-value air cargo,80,42,per-tonne contract,17.8,3178000,22:00-02:00,46,117,237,113,UDU-DEL/BOM gateway,regulated high-value urgent,Needs secure handling and documented custody.,cement|chemicals|unsealed food
SHP-01182,bengaluru-export,CraftBridge Industries,Spice cartons,food-grade dry,Mangaluru,Mumbai,381,road,6100,29,92,ambient,24 h,88,premium,2026-10-17,2026-10-18,Food-grade dry van,78,27,spot market,19.5,8999000,06:00-10:00,99,45,22,34,,ambient food exports,Compatible with packaged food when odour control is maintained.,cement|chemicals|odour cargo
SHP-01183,bengaluru-export,CraftBridge Export House,Packaged tea cartons,food-grade dry,Mysuru,Cochin port,670,road,4400,140,92,dry,60 h,25,spot,2026-09-20,2026-09-24,Food-grade dry van,78,37,per-tonne contract,27.1,9572000,06:00-10:00,50,14,145,14,,anchor-compatible FMCG backhaul,Can ride with packaged food and dry FMCG cargo.,cement|chemicals|hazardous
SHP-01184,bengaluru-export,Summit Export House,Coffee and cocoa sacks,food-grade dry,Hassan,Bengaluru,293,sea,4100,217,89,dry,96 h,49,return,2026-10-24,2026-10-30,Dry container with odour guard,80,59,fixed monthly,48.8,3458000,10:00-14:00,43,33,103,29,,bulk food export,Can consolidate with dry food cargo.,cement|chemicals|odour cargo
SHP-01185,bengaluru-export,Healthline Logistics,Containerised export overflow,container export,Udupi,Bengaluru,763,sea,4200,124,85,dry,60 h,61,contract,2026-10-07,2026-10-08,Sealed container feeder,65,29,spot market,53.2,7175000,14:00-22:00,78,30,180,64,,bulk export overflow,Best suited to feeder or port-linked consolidation.,loose perishable|fragile craft
SHP-01186,bengaluru-export,Riverline Foods,Electronics returns,electronics,Hubballi,Mumbai,153,staging,7400,176,97,ambient,72 h,89,spot,2026-10-18,2026-10-19,Secure parcel truck,87,83,SLA contract,27.3,5123000,06:00-10:00,50,28,6,77,,high-value reverse logistics,"Needs dry, secure movement and claims control.",wet cargo|magnetic cargo|loose food
SHP-01187,bengaluru-export,Healthline Trade Network,Containerised export overflow,container export,Udupi,Chennai,421,sea,2800,154,89,dry,48 h,57,premium,2026-10-19,2026-10-22,Sealed container feeder,80,36,SLA contract,56.4,2676000,22:00-02:00,90,41,217,33,,bulk export overflow,Best suited to feeder or port-linked consolidation.,loose perishable|fragile craft
SHP-01188,bengaluru-export,Riverline Collective,Textile bales,textile dry,Hubballi,Bengaluru,711,road,3900,136,96,dry,24 h,34,spot,2026-10-13,2026-10-18,Dry van with moisture guard,81,30,per-tonne contract,25.0,8201000,22:00-02:00,39,23,21,23,,dry industrial backhaul,Needs dry handling and moisture protection.,wet cargo|chemicals
SHP-01189,bengaluru-export,Horizon Collective,Packaged tea cartons,food-grade dry,Goa,Mumbai,659,road,5400,152,94,dry,24 h,86,overflow,2026-09-23,2026-09-25,Food-grade dry van,73,38,SLA contract,21.8,13488000,06:00-10:00,78,26,5,25,,anchor-compatible FMCG backhaul,Can ride with packaged food and dry FMCG cargo.,cement|chemicals|hazardous
SHP-01190,bengaluru-export,Greenfield Industries,Spice cartons,food-grade dry,Mysuru,Bengaluru,403,road,4200,44,91,ambient,24 h,74,overflow,2026-10-12,2026-10-18,Food-grade dry van,94,28,per-tonne contract,20.4,5433000,06:00-10:00,94,10,16,26,,ambient food exports,Compatible with packaged food when odour control is maintained.,cement|chemicals|odour cargo
SHP-01191,bengaluru-export,Healthline Trade Network,Speciality ginger and citrus,fresh produce,Goa,Mumbai,243,road,6800,96,94,chilled,24 h,93,backhaul,2026-10-28,2026-10-29,Ventilated reefer truck,90,42,per-tonne contract,24.5,4900000,10:00-14:00,71,31,16,76,,perishable agriculture,Requires food-safe handling and temperature discipline.,cement|chemicals|odour cargo
SHP-01192,bengaluru-export,Bharat Consortium,Containerised export overflow,container export,Mysuru,Hyderabad,158,sea,2900,80,94,dry,6 d,55,contract,2026-10-15,2026-10-20,Sealed container feeder,97,18,SLA contract,52.7,1039000,06:00-10:00,70,24,229,43,,bulk export overflow,Best suited to feeder or port-linked consolidation.,loose perishable|fragile craft
SHP-01193,bengaluru-export,Swift Industries,Textile bales,textile dry,Hassan,Cochin port,406,road,3400,138,93,dry,5 d,35,contract,2026-10-16,2026-10-18,Dry van with moisture guard,78,25,dedicated fleet,25.7,3280000,14:00-22:00,98,22,39,62,,dry industrial backhaul,Needs dry handling and moisture protection.,wet cargo|chemicals
SHP-01194,bengaluru-export,BluePeak Industries,Regulated pharma samples,regulated pharma,Mangaluru,Tuticorin port,43,air,12700,133,85,regulated,72 h,62,overflow,2026-10-08,2026-10-09,Validated secure pharma uplift,77,41,per-tonne contract,13.0,2305000,10:00-14:00,48,130,187,113,MAN-DEL/BOM gateway,regulated high-value urgent,Needs chain-of-custody and compliance clearance.,food|cement|chemicals|unsecured parcels
SHP-01195,bengaluru-export,BluePeak Industries,Textile bales,textile dry,Goa,Mumbai,571,road,3800,123,88,dry,36 h,46,spot,2026-10-14,2026-10-15,Dry van with moisture guard,78,25,per-trip contract,26.9,8328000,14:00-22:00,38,45,1,86,,dry industrial backhaul,Needs dry handling and moisture protection.,wet cargo|chemicals
SHP-01196,bengaluru-export,Tea Garden Consortium,Medical devices,regulated devices,Hubballi,Chennai,18,air,14600,162,85,regulated,12 h,85,premium,2026-10-28,2026-10-30,Secure high-value air cargo,77,9,spot market,14.3,924000,22:00-02:00,48,143,115,264,HUB-DEL/BOM gateway,regulated high-value urgent,Needs secure handling and documented custody.,cement|chemicals|unsealed food
SHP-01197,bengaluru-export,Bharat Consortium,Medical devices,regulated devices,Hubballi,Hyderabad,53,air,20400,144,88,regulated,48 h,49,premium,2026-10-04,2026-10-05,Secure high-value air cargo,63,45,spot market,18.3,3910000,06:00-10:00,82,145,232,245,HUB-DEL/BOM gateway,regulated high-value urgent,Needs secure handling and documented custody.,cement|chemicals|unsealed food
SHP-01198,bengaluru-export,Summit Export House,Coffee and cocoa sacks,food-grade dry,Mysuru,Chennai,159,sea,4100,77,89,dry,48 h,54,spot,2026-10-16,2026-10-22,Dry container with odour guard,81,22,fixed monthly,48.9,1463000,10:00-14:00,94,13,161,88,,bulk food export,Can consolidate with dry food cargo.,cement|chemicals|odour cargo
SHP-01199,bengaluru-export,PortLink Logistics,Frozen bakery inputs,chilled food,Udupi,Cochin port,505,road,9100,176,90,chilled,36 h,75,return,2026-09-25,2026-09-29,Reefer truck,91,23,SLA contract,21.6,10957000,14:00-22:00,67,18,81,48,,temperature-controlled food,Needs temperature-controlled carriage.,ambient dry cargo|cement|chemicals
SHP-01200,bengaluru-export,CraftBridge Logistics,Textile bales,textile dry,Hubballi,Cochin port,534,road,3300,155,88,dry,6 d,89,backhaul,2026-10-08,2026-10-11,Dry van with moisture guard,85,13,per-trip contract,27.7,5936000,22:00-02:00,49,32,173,53,,dry industrial backhaul,Needs dry handling and moisture protection.,wet cargo|chemicals
SHP-01201,delhi-ncr,Swift Forwarders,Bamboo panels and handicrafts,fragile craft,Noida,Jaipur,249,staging,5900,131,82,fragile,24 h,38,return,2026-10-17,2026-10-18,Padded box truck with staging buffer,99,27,dedicated fleet,23.2,5513000,22:00-02:00,36,10,15,10,,fragile regional exports,Needs bracing and should avoid dusty or heavy loads.,cement|heavy machinery|wet cargo
SHP-01202,delhi-ncr,Horizon Export House,High value samples,secured samples,Sonipat,Greater Noida,22,air,31100,63,99,regulated,36 h,58,contract,2026-10-13,2026-10-14,Secure air cargo pouch,93,56,fixed monthly,9.9,2030000,14:00-22:00,52,83,117,176,SON-DEL/BOM gateway,high-value urgent,Needs secure handling and tight handoff control.,bulk cargo|unsecured parcels
SHP-01203,delhi-ncr,Greenfield Forwarders,Electronics returns,electronics,Faridabad,Panipat,66,staging,7700,125,90,ambient,36 h,75,contract,2026-09-21,2026-09-25,Secure parcel truck,80,51,per-trip contract,23.1,1804000,06:00-10:00,66,40,7,41,,high-value reverse logistics,"Needs dry, secure movement and claims control.",wet cargo|magnetic cargo|loose food
SHP-01204,delhi-ncr,Metro Logistics,Regulated pharma samples,regulated pharma,Sonipat,Panipat,34,air,21300,26,83,regulated,24 h,61,contract,2026-10-29,2026-10-30,Validated secure pharma uplift,86,51,per-tonne contract,17.3,2796000,14:00-22:00,91,98,118,251,SON-DEL/BOM gateway,regulated high-value urgent,Needs chain-of-custody and compliance clearance.,food|cement|chemicals|unsecured parcels
SHP-01205,delhi-ncr,Metro Forwarders,High value samples,secured samples,Sonipat,Greater Noida,12,air,33100,216,78,regulated,12 h,94,contract,2026-10-15,2026-10-17,Secure air cargo pouch,77,56,spot market,15.4,1316000,06:00-10:00,60,160,236,177,SON-DEL/BOM gateway,high-value urgent,Needs secure handling and tight handoff control.,bulk cargo|unsecured parcels
SHP-01206,delhi-ncr,PortLink Trade Network,Spice cartons,food-grade dry,Noida,Greater Noida,478,road,4000,93,98,ambient,60 h,97,return,2026-10-01,2026-10-03,Food-grade dry van,87,32,per-tonne contract,10.7,6320000,22:00-02:00,59,15,18,21,,ambient food exports,Compatible with packaged food when odour control is maintained.,cement|chemicals|odour cargo
SHP-01207,delhi-ncr,RetailLoop Trade Network,Coffee and cocoa sacks,food-grade dry,Noida,Greater Noida,541,sea,3400,63,97,dry,60 h,97,contract,2026-10-09,2026-10-15,Dry container with odour guard,84,16,per-trip contract,38.7,5329000,22:00-02:00,37,10,215,38,,bulk food export,Can consolidate with dry food cargo.,cement|chemicals|odour cargo
SHP-01208,delhi-ncr,CraftBridge Distributors,High value samples,secured samples,Gurugram,Panipat,53,air,21600,98,84,regulated,24 h,50,spot,2026-09-20,2026-09-21,Secure air cargo pouch,70,31,SLA contract,9.7,4644000,10:00-14:00,97,165,91,74,GUR-DEL/BOM gateway,high-value urgent,Needs secure handling and tight handoff control.,bulk cargo|unsecured parcels
SHP-01209,delhi-ncr,Riverline Industries,Medical devices,regulated devices,Faridabad,Meerut,58,air,14800,17,91,regulated,6 d,66,premium,2026-10-26,2026-10-28,Secure high-value air cargo,72,57,spot market,15.0,2330000,10:00-14:00,59,58,148,234,FAR-DEL/BOM gateway,regulated high-value urgent,Needs secure handling and documented custody.,cement|chemicals|unsealed food
SHP-01210,delhi-ncr,AgroStar Logistics,Regulated pharma samples,regulated pharma,Gurugram,Jaipur,33,air,17800,91,98,regulated,12 h,91,overflow,2026-10-15,2026-10-16,Validated secure pharma uplift,79,40,spot market,12.5,2695000,06:00-10:00,71,179,143,186,GUR-DEL/BOM gateway,regulated high-value urgent,Needs chain-of-custody and compliance clearance.,food|cement|chemicals|unsecured parcels
SHP-01211,delhi-ncr,Summit Trade Network,Speciality ginger and citrus,fresh produce,Manesar,Delhi,479,road,7000,176,78,chilled,72 h,59,spot,2026-09-17,2026-09-18,Ventilated reefer truck,99,21,SLA contract,12.6,7715000,22:00-02:00,35,44,32,48,,perishable agriculture,Requires food-safe handling and temperature discipline.,cement|chemicals|odour cargo
SHP-01212,delhi-ncr,BluePeak Supply Co,High value samples,secured samples,Faridabad,Greater Noida,68,air,29500,145,86,regulated,12 h,97,spot,2026-10-06,2026-10-08,Secure air cargo pouch,96,47,per-tonne contract,18.3,8692000,10:00-14:00,79,155,223,360,FAR-DEL/BOM gateway,high-value urgent,Needs secure handling and tight handoff control.,bulk cargo|unsecured parcels
SHP-01213,delhi-ncr,Prime Collective,Durable snacks overflow,food-grade dry,Manesar,Meerut,197,road,4500,115,93,ambient,24 h,85,premium,2026-10-30,2026-11-04,Food-grade dry van,97,34,per-trip contract,13.8,4044000,10:00-14:00,68,35,19,70,,anchor-compatible FMCG overflow,Highly compatible with Britannia-style packaged food lanes.,cement|chemicals|wet cargo
SHP-01214,delhi-ncr,BluePeak Supply Co,Bamboo panels and handicrafts,fragile craft,Ghaziabad,Meerut,389,staging,5700,51,99,fragile,48 h,84,overflow,2026-09-25,2026-09-26,Padded box truck with staging buffer,92,92,SLA contract,18.5,8316000,22:00-02:00,36,38,11,18,,fragile regional exports,Needs bracing and should avoid dusty or heavy loads.,cement|heavy machinery|wet cargo
SHP-01215,delhi-ncr,RetailLoop Foods,Premium craft consignments,fragile craft,Faridabad,Greater Noida,407,staging,6700,125,95,fragile,24 h,46,premium,2026-10-30,2026-11-01,Padded box truck with staging buffer,85,25,SLA contract,23.4,6387000,22:00-02:00,91,10,6,84,,premium fragile exports,Needs gentle handling and staging protection.,cement|heavy machinery|wet cargo
SHP-01216,delhi-ncr,Eastern Collective,Containerised export overflow,container export,Faridabad,Greater Noida,96,sea,3900,76,95,dry,24 h,45,return,2026-09-21,2026-09-25,Sealed container feeder,87,20,spot market,40.8,1534000,22:00-02:00,50,14,133,46,,bulk export overflow,Best suited to feeder or port-linked consolidation.,loose perishable|fragile craft
SHP-01217,delhi-ncr,PortLink Export House,Frozen bakery inputs,chilled food,Noida,Panipat,477,road,8600,57,98,chilled,6 d,68,backhaul,2026-10-27,2026-11-01,Reefer truck,97,22,per-tonne contract,15.0,11735000,10:00-14:00,66,20,5,14,,temperature-controlled food,Needs temperature-controlled carriage.,ambient dry cargo|cement|chemicals
SHP-01218,delhi-ncr,Healthline Foods,Textile bales,textile dry,Noida,Jaipur,683,road,3700,56,95,dry,96 h,95,return,2026-10-06,2026-10-09,Dry van with moisture guard,82,43,per-trip contract,8.2,7532000,06:00-10:00,44,45,32,64,,dry industrial backhaul,Needs dry handling and moisture protection.,wet cargo|chemicals
SHP-01219,delhi-ncr,Spice Valley Trade Network,Reverse logistics parcels,parcel returns,Manesar,Panipat,40,staging,5700,90,93,ambient,6 d,59,return,2026-09-26,2026-09-28,Parcel cage vehicle,88,26,dedicated fleet,17.0,1003000,06:00-10:00,48,18,23,15,,reverse logistics,Works well in staged consolidation waves.,loose food|hazardous
SHP-01220,delhi-ncr,Greenfield Export House,High value samples,secured samples,Ghaziabad,Kundli,34,air,31400,39,88,regulated,12 h,93,spot,2026-10-07,2026-10-09,Secure air cargo pouch,87,20,per-tonne contract,15.2,2744000,14:00-22:00,53,60,208,183,GHA-DEL/BOM gateway,high-value urgent,Needs secure handling and tight handoff control.,bulk cargo|unsecured parcels
SHP-01221,delhi-ncr,AgroStar Industries,Speciality ginger and citrus,fresh produce,Manesar,Delhi,557,road,5300,45,98,chilled,48 h,55,overflow,2026-10-08,2026-10-11,Ventilated reefer truck,89,54,SLA contract,9.7,11553000,10:00-14:00,56,30,25,62,,perishable agriculture,Requires food-safe handling and temperature discipline.,cement|chemicals|odour cargo
SHP-01222,delhi-ncr,National Trade Network,Textile bales,textile dry,Faridabad,Meerut,358,road,3100,120,83,dry,24 h,92,overflow,2026-10-15,2026-10-20,Dry van with moisture guard,88,73,fixed monthly,9.0,3974000,22:00-02:00,48,18,21,50,,dry industrial backhaul,Needs dry handling and moisture protection.,wet cargo|chemicals
SHP-01223,delhi-ncr,RetailLoop Consortium,Packaged tea cartons,food-grade dry,Faridabad,Greater Noida,66,road,5000,77,93,dry,96 h,36,overflow,2026-10-06,2026-10-10,Food-grade dry van,78,18,dedicated fleet,13.1,1136000,22:00-02:00,60,27,15,8,,anchor-compatible FMCG backhaul,Can ride with packaged food and dry FMCG cargo.,cement|chemicals|hazardous
SHP-01224,delhi-ncr,CraftBridge Export House,Medical devices,regulated devices,Gurugram,Jaipur,64,air,22700,169,83,regulated,24 h,24,premium,2026-10-12,2026-10-14,Secure high-value air cargo,96,30,SLA contract,15.9,4981000,10:00-14:00,69,68,60,246,GUR-DEL/BOM gateway,regulated high-value urgent,Needs secure handling and documented custody.,cement|chemicals|unsealed food
SHP-01225,delhi-ncr,National Supply Co,Frozen bakery inputs,chilled food,Gurugram,Delhi,102,road,8000,218,99,chilled,48 h,61,contract,2026-09-28,2026-10-03,Reefer truck,75,42,spot market,16.0,1849000,22:00-02:00,57,24,1,36,,temperature-controlled food,Needs temperature-controlled carriage.,ambient dry cargo|cement|chemicals
SHP-01226,delhi-ncr,Summit Foods,Bamboo panels and handicrafts,fragile craft,Faridabad,Meerut,119,staging,5500,99,97,fragile,24 h,91,backhaul,2026-10-26,2026-10-29,Padded box truck with staging buffer,67,70,spot market,22.2,2664000,10:00-14:00,71,26,33,50,,fragile regional exports,Needs bracing and should avoid dusty or heavy loads.,cement|heavy machinery|wet cargo
SHP-01227,delhi-ncr,Swift Distributors,High value samples,secured samples,Ghaziabad,Kundli,50,air,30500,124,99,regulated,6 d,43,overflow,2026-09-25,2026-09-27,Secure air cargo pouch,85,2,spot market,14.4,7100000,14:00-22:00,63,164,179,171,GHA-DEL/BOM gateway,high-value urgent,Needs secure handling and tight handoff control.,bulk cargo|unsecured parcels
SHP-01228,delhi-ncr,Riverline Supply Co,Premium craft consignments,fragile craft,Noida,Greater Noida,282,staging,6800,157,88,fragile,60 h,59,contract,2026-10-16,2026-10-21,Padded box truck with staging buffer,73,25,spot market,22.8,8929000,14:00-22:00,75,10,8,76,,premium fragile exports,Needs gentle handling and staging protection.,cement|heavy machinery|wet cargo
SHP-01229,delhi-ncr,CraftBridge Forwarders,Containerised export overflow,container export,Manesar,Panipat,1019,sea,3600,86,88,dry,72 h,86,overflow,2026-10-26,2026-10-28,Sealed container feeder,92,8,fixed monthly,37.7,15866000,06:00-10:00,93,30,137,43,,bulk export overflow,Best suited to feeder or port-linked consolidation.,loose perishable|fragile craft
SHP-01230,delhi-ncr,CraftBridge Forwarders,Bamboo panels and handicrafts,fragile craft,Gurugram,Greater Noida,150,staging,5500,115,94,fragile,5 d,56,return,2026-10-03,2026-10-05,Padded box truck with staging buffer,92,30,per-tonne contract,18.9,2135000,10:00-14:00,84,16,23,37,,fragile regional exports,Needs bracing and should avoid dusty or heavy loads.,cement|heavy machinery|wet cargo
SHP-01231,delhi-ncr,Greenfield Foods,Regulated pharma samples,regulated pharma,Noida,Delhi,61,air,17300,114,96,regulated,5 d,68,backhaul,2026-10-08,2026-10-09,Validated secure pharma uplift,82,60,per-tonne contract,17.8,4090000,06:00-10:00,94,56,92,329,NOI-DEL/BOM gateway,regulated high-value urgent,Needs chain-of-custody and compliance clearance.,food|cement|chemicals|unsecured parcels
SHP-01232,delhi-ncr,Summit Export House,Medical devices,regulated devices,Faridabad,Meerut,20,air,23800,89,94,regulated,5 d,55,spot,2026-09-29,2026-10-01,Secure high-value air cargo,85,29,spot market,19.3,1203000,06:00-10:00,88,174,53,307,FAR-DEL/BOM gateway,regulated high-value urgent,Needs secure handling and documented custody.,cement|chemicals|unsealed food
SHP-01233,delhi-ncr,Prime Trade Network,Containerised export overflow,container export,Noida,Panipat,906,sea,4600,91,99,dry,36 h,90,spot,2026-09-18,2026-09-22,Sealed container feeder,86,35,spot market,34.5,13506000,14:00-22:00,53,13,43,2,,bulk export overflow,Best suited to feeder or port-linked consolidation.,loose perishable|fragile craft
SHP-01234,delhi-ncr,Riverline Industries,Reverse logistics parcels,parcel returns,Ghaziabad,Kundli,232,staging,5500,56,99,ambient,96 h,43,contract,2026-10-11,2026-10-13,Parcel cage vehicle,89,34,SLA contract,22.4,4153000,06:00-10:00,59,30,29,0,,reverse logistics,Works well in staged consolidation waves.,loose food|hazardous
SHP-01235,delhi-ncr,CraftBridge Logistics,Premium craft consignments,fragile craft,Manesar,Panipat,305,staging,8100,167,88,fragile,60 h,49,backhaul,2026-09-25,2026-09-28,Padded box truck with staging buffer,71,40,fixed monthly,18.9,8898000,06:00-10:00,43,12,18,45,,premium fragile exports,Needs gentle handling and staging protection.,cement|heavy machinery|wet cargo
SHP-01236,delhi-ncr,Prime Consortium,Reverse logistics parcels,parcel returns,Sonipat,Jaipur,393,staging,5700,24,96,ambient,6 d,62,contract,2026-10-19,2026-10-25,Parcel cage vehicle,81,17,fixed monthly,20.2,10365000,10:00-14:00,60,15,17,57,,reverse logistics,Works well in staged consolidation waves.,loose food|hazardous
SHP-01237,delhi-ncr,Metro Distributors,Packaged tea cartons,food-grade dry,Noida,Meerut,631,road,4000,209,89,dry,60 h,53,spot,2026-10-25,2026-10-26,Food-grade dry van,82,55,fixed monthly,10.7,11644000,10:00-14:00,95,39,14,16,,anchor-compatible FMCG backhaul,Can ride with packaged food and dry FMCG cargo.,cement|chemicals|hazardous
SHP-01238,delhi-ncr,Tea Garden Consortium,Frozen bakery inputs,chilled food,Faridabad,Jaipur,584,road,6200,138,99,chilled,5 d,68,overflow,2026-09-21,2026-09-22,Reefer truck,80,78,spot market,14.1,16319000,14:00-22:00,48,15,30,85,,temperature-controlled food,Needs temperature-controlled carriage.,ambient dry cargo|cement|chemicals
SHP-01239,delhi-ncr,Horizon Trade Network,Frozen bakery inputs,chilled food,Gurugram,Greater Noida,637,road,8300,122,99,chilled,72 h,98,return,2026-10-22,2026-10-28,Reefer truck,77,46,fixed monthly,9.0,17814000,10:00-14:00,58,11,4,34,,temperature-controlled food,Needs temperature-controlled carriage.,ambient dry cargo|cement|chemicals
SHP-01240,delhi-ncr,RetailLoop Export House,High value samples,secured samples,Sonipat,Jaipur,34,air,36900,143,88,regulated,48 h,49,overflow,2026-10-06,2026-10-08,Secure air cargo pouch,74,33,per-trip contract,19.4,2850000,22:00-02:00,92,62,236,146,SON-DEL/BOM gateway,high-value urgent,Needs secure handling and tight handoff control.,bulk cargo|unsecured parcels
SHP-01241,delhi-ncr,AgroStar Collective,Medical devices,regulated devices,Sonipat,Kundli,8,air,25500,77,94,regulated,24 h,35,backhaul,2026-10-23,2026-10-24,Secure high-value air cargo,86,58,SLA contract,17.6,519000,22:00-02:00,36,87,216,296,SON-DEL/BOM gateway,regulated high-value urgent,Needs secure handling and documented custody.,cement|chemicals|unsealed food
SHP-01242,delhi-ncr,Summit Forwarders,Speciality ginger and citrus,fresh produce,Sonipat,Jaipur,513,road,4500,181,98,chilled,5 d,95,overflow,2026-10-10,2026-10-16,Ventilated reefer truck,77,33,spot market,10.3,7497000,06:00-10:00,61,33,35,73,,perishable agriculture,Requires food-safe handling and temperature discipline.,cement|chemicals|odour cargo
SHP-01243,delhi-ncr,Tea Garden Foods,Reverse logistics parcels,parcel returns,Faridabad,Meerut,159,staging,6600,132,99,ambient,60 h,52,premium,2026-10-01,2026-10-05,Parcel cage vehicle,78,65,per-trip contract,23.0,4856000,06:00-10:00,35,34,10,73,,reverse logistics,Works well in staged consolidation waves.,loose food|hazardous
SHP-01244,delhi-ncr,RetailLoop Supply Co,Reverse logistics parcels,parcel returns,Sonipat,Panipat,36,staging,4800,199,92,ambient,5 d,69,backhaul,2026-09-17,2026-09-21,Parcel cage vehicle,87,37,per-tonne contract,18.3,690000,06:00-10:00,48,19,27,13,,reverse logistics,Works well in staged consolidation waves.,loose food|hazardous
SHP-01245,delhi-ncr,Greenfield Supply Co,Regulated pharma samples,regulated pharma,Noida,Jaipur,50,air,20700,8,85,regulated,12 h,86,premium,2026-10-07,2026-10-09,Validated secure pharma uplift,93,61,dedicated fleet,14.5,2474000,22:00-02:00,97,127,87,233,NOI-DEL/BOM gateway,regulated high-value urgent,Needs chain-of-custody and compliance clearance.,food|cement|chemicals|unsecured parcels
SHP-01246,delhi-ncr,Swift Trade Network,Durable snacks overflow,food-grade dry,Noida,Jaipur,137,road,4500,160,97,ambient,6 d,68,overflow,2026-10-22,2026-10-23,Food-grade dry van,82,19,spot market,14.1,1882000,22:00-02:00,70,44,27,33,,anchor-compatible FMCG overflow,Highly compatible with Britannia-style packaged food lanes.,cement|chemicals|wet cargo
SHP-01247,delhi-ncr,National Distributors,Durable snacks overflow,food-grade dry,Ghaziabad,Greater Noida,118,road,3100,164,88,ambient,48 h,89,spot,2026-10-03,2026-10-04,Food-grade dry van,91,26,fixed monthly,12.3,967000,10:00-14:00,61,29,19,90,,anchor-compatible FMCG overflow,Highly compatible with Britannia-style packaged food lanes.,cement|chemicals|wet cargo
SHP-01248,delhi-ncr,PortLink Distributors,Durable snacks overflow,food-grade dry,Noida,Meerut,93,road,3200,91,83,ambient,72 h,26,overflow,2026-10-28,2026-10-30,Food-grade dry van,79,23,per-tonne contract,8.9,860000,10:00-14:00,88,28,4,58,,anchor-compatible FMCG overflow,Highly compatible with Britannia-style packaged food lanes.,cement|chemicals|wet cargo
SHP-01249,delhi-ncr,CraftBridge Distributors,Medical devices,regulated devices,Noida,Meerut,46,air,15600,135,90,regulated,60 h,58,overflow,2026-09-22,2026-09-23,Secure high-value air cargo,91,4,dedicated fleet,17.5,2951000,10:00-14:00,78,162,199,193,NOI-DEL/BOM gateway,regulated high-value urgent,Needs secure handling and documented custody.,cement|chemicals|unsealed food
SHP-01250,delhi-ncr,Spice Valley Collective,Speciality ginger and citrus,fresh produce,Faridabad,Greater Noida,276,road,4700,115,95,chilled,36 h,39,spot,2026-10-02,2026-10-05,Ventilated reefer truck,72,30,dedicated fleet,8.2,3464000,14:00-22:00,63,45,33,77,,perishable agriculture,Requires food-safe handling and temperature discipline.,cement|chemicals|odour cargo
SHP-01251,delhi-ncr,Riverline Industries,Durable snacks overflow,food-grade dry,Faridabad,Jaipur,256,road,3000,191,89,ambient,24 h,34,return,2026-09-17,2026-09-23,Food-grade dry van,84,71,fixed monthly,13.8,2885000,22:00-02:00,78,20,26,61,,anchor-compatible FMCG overflow,Highly compatible with Britannia-style packaged food lanes.,cement|chemicals|wet cargo
SHP-01252,delhi-ncr,Metro Logistics,Premium craft consignments,fragile craft,Noida,Jaipur,38,staging,8400,51,93,fragile,96 h,50,contract,2026-09-18,2026-09-22,Padded box truck with staging buffer,68,68,dedicated fleet,23.7,810000,14:00-22:00,76,17,5,35,,premium fragile exports,Needs gentle handling and staging protection.,cement|heavy machinery|wet cargo
SHP-01253,delhi-ncr,Swift Foods,Textile bales,textile dry,Faridabad,Meerut,188,road,4400,133,83,dry,6 d,84,contract,2026-09-20,2026-09-26,Dry van with moisture guard,88,83,per-tonne contract,7.8,3607000,14:00-22:00,68,45,23,87,,dry industrial backhaul,Needs dry handling and moisture protection.,wet cargo|chemicals
SHP-01254,delhi-ncr,Spice Valley Consortium,Coffee and cocoa sacks,food-grade dry,Faridabad,Jaipur,942,sea,3200,181,89,dry,6 d,54,return,2026-10-08,2026-10-14,Dry container with odour guard,89,48,fixed monthly,40.1,7021000,10:00-14:00,38,39,212,29,,bulk food export,Can consolidate with dry food cargo.,cement|chemicals|odour cargo
SHP-01255,delhi-ncr,CraftBridge Consortium,Medical devices,regulated devices,Manesar,Panipat,29,air,22500,93,92,regulated,24 h,66,backhaul,2026-09-28,2026-09-29,Secure high-value air cargo,83,2,SLA contract,11.1,2540000,22:00-02:00,35,146,58,54,MAN-DEL/BOM gateway,regulated high-value urgent,Needs secure handling and documented custody.,cement|chemicals|unsealed food
SHP-01256,delhi-ncr,Eastern Trade Network,Premium craft consignments,fragile craft,Ghaziabad,Jaipur,148,staging,8600,176,87,fragile,72 h,40,premium,2026-10-10,2026-10-16,Padded box truck with staging buffer,86,27,per-tonne contract,17.0,4662000,14:00-22:00,56,25,19,48,,premium fragile exports,Needs gentle handling and staging protection.,cement|heavy machinery|wet cargo
SHP-01257,delhi-ncr,Tea Garden Forwarders,Reverse logistics parcels,parcel returns,Manesar,Delhi,75,staging,6100,80,99,ambient,36 h,54,return,2026-10-19,2026-10-21,Parcel cage vehicle,88,43,fixed monthly,21.1,2122000,10:00-14:00,80,20,35,28,,reverse logistics,Works well in staged consolidation waves.,loose food|hazardous
SHP-01258,delhi-ncr,Spice Valley Industries,Frozen bakery inputs,chilled food,Ghaziabad,Panipat,676,road,8000,128,93,chilled,60 h,81,overflow,2026-10-09,2026-10-10,Reefer truck,89,38,dedicated fleet,8.6,16625000,06:00-10:00,64,28,5,40,,temperature-controlled food,Needs temperature-controlled carriage.,ambient dry cargo|cement|chemicals
SHP-01259,delhi-ncr,Riverline Forwarders,Premium craft consignments,fragile craft,Ghaziabad,Kundli,208,staging,6700,177,79,fragile,5 d,70,overflow,2026-10-10,2026-10-11,Padded box truck with staging buffer,81,70,spot market,18.0,4826000,22:00-02:00,96,15,14,51,,premium fragile exports,Needs gentle handling and staging protection.,cement|heavy machinery|wet cargo
SHP-01260,delhi-ncr,National Distributors,Medical devices,regulated devices,Gurugram,Meerut,49,air,15700,104,94,regulated,72 h,29,overflow,2026-10-04,2026-10-05,Secure high-value air cargo,87,90,spot market,15.4,3239000,10:00-14:00,49,105,207,214,GUR-DEL/BOM gateway,regulated high-value urgent,Needs secure handling and documented custody.,cement|chemicals|unsealed food
SHP-01261,delhi-ncr,RetailLoop Distributors,Premium craft consignments,fragile craft,Noida,Jaipur,222,staging,8700,112,98,fragile,48 h,38,overflow,2026-09-22,2026-09-23,Padded box truck with staging buffer,91,67,spot market,16.8,4766000,10:00-14:00,93,29,9,32,,premium fragile exports,Needs gentle handling and staging protection.,cement|heavy machinery|wet cargo
SHP-01262,delhi-ncr,Horizon Logistics,Reverse logistics parcels,parcel returns,Faridabad,Greater Noida,127,staging,6500,238,99,ambient,60 h,81,overflow,2026-09-28,2026-09-29,Parcel cage vehicle,82,65,per-tonne contract,20.4,3709000,10:00-14:00,69,40,30,18,,reverse logistics,Works well in staged consolidation waves.,loose food|hazardous
SHP-01263,delhi-ncr,Bharat Consortium,Coffee and cocoa sacks,food-grade dry,Noida,Jaipur,402,sea,4000,167,86,dry,60 h,40,backhaul,2026-09-28,2026-10-03,Dry container with odour guard,97,61,per-trip contract,35.9,3765000,14:00-22:00,78,27,195,14,,bulk food export,Can consolidate with dry food cargo.,cement|chemicals|odour cargo
SHP-01264,delhi-ncr,Swift Industries,Containerised export overflow,container export,Gurugram,Kundli,908,sea,4200,30,99,dry,96 h,80,return,2026-10-11,2026-10-14,Sealed container feeder,81,6,SLA contract,39.7,12179000,06:00-10:00,42,33,56,32,,bulk export overflow,Best suited to feeder or port-linked consolidation.,loose perishable|fragile craft
SHP-01265,delhi-ncr,Spice Valley Logistics,Electronics returns,electronics,Manesar,Greater Noida,350,staging,6900,139,93,ambient,72 h,91,contract,2026-09-21,2026-09-26,Secure parcel truck,91,52,per-tonne contract,23.4,6605000,14:00-22:00,99,23,18,90,,high-value reverse logistics,"Needs dry, secure movement and claims control.",wet cargo|magnetic cargo|loose food
SHP-01266,delhi-ncr,Spice Valley Industries,Spice cartons,food-grade dry,Gurugram,Panipat,716,road,4600,123,85,ambient,72 h,59,return,2026-10-03,2026-10-04,Food-grade dry van,80,38,spot market,8.5,13354000,22:00-02:00,47,40,13,32,,ambient food exports,Compatible with packaged food when odour control is maintained.,cement|chemicals|odour cargo
SHP-01267,delhi-ncr,Bharat Forwarders,Durable snacks overflow,food-grade dry,Noida,Kundli,158,road,3500,157,97,ambient,60 h,73,return,2026-10-03,2026-10-04,Food-grade dry van,81,54,per-tonne contract,13.5,1374000,22:00-02:00,53,21,4,73,,anchor-compatible FMCG overflow,Highly compatible with Britannia-style packaged food lanes.,cement|chemicals|wet cargo
SHP-01268,delhi-ncr,AgroStar Industries,Textile bales,textile dry,Noida,Greater Noida,695,road,3300,57,88,dry,36 h,29,spot,2026-10-07,2026-10-09,Dry van with moisture guard,83,59,per-tonne contract,10.9,10444000,14:00-22:00,56,29,21,68,,dry industrial backhaul,Needs dry handling and moisture protection.,wet cargo|chemicals
SHP-01269,delhi-ncr,CraftBridge Supply Co,Premium craft consignments,fragile craft,Faridabad,Kundli,419,staging,7000,66,94,fragile,24 h,90,backhaul,2026-09-19,2026-09-23,Padded box truck with staging buffer,88,26,SLA contract,17.6,6968000,06:00-10:00,63,36,3,90,,premium fragile exports,Needs gentle handling and staging protection.,cement|heavy machinery|wet cargo
SHP-01270,delhi-ncr,Metro Logistics,Electronics returns,electronics,Faridabad,Kundli,218,staging,6300,172,93,ambient,24 h,63,premium,2026-09-18,2026-09-23,Secure parcel truck,90,59,per-trip contract,16.5,4253000,10:00-14:00,73,24,34,63,,high-value reverse logistics,"Needs dry, secure movement and claims control.",wet cargo|magnetic cargo|loose food
SHP-01271,delhi-ncr,PortLink Supply Co,Electronics returns,electronics,Faridabad,Kundli,80,staging,6300,91,99,ambient,36 h,31,backhaul,2026-10-18,2026-10-21,Secure parcel truck,74,22,fixed monthly,17.3,1756000,14:00-22:00,97,21,5,80,,high-value reverse logistics,"Needs dry, secure movement and claims control.",wet cargo|magnetic cargo|loose food
SHP-01272,delhi-ncr,Metro Consortium,High value samples,secured samples,Manesar,Meerut,50,air,30100,205,91,regulated,72 h,57,backhaul,2026-10-11,2026-10-12,Secure air cargo pouch,90,30,SLA contract,15.0,6648000,14:00-22:00,85,56,209,243,MAN-DEL/BOM gateway,high-value urgent,Needs secure handling and tight handoff control.,bulk cargo|unsecured parcels
SHP-01273,delhi-ncr,Eastern Export House,Electronics returns,electronics,Faridabad,Greater Noida,33,staging,5800,149,93,ambient,72 h,98,overflow,2026-10-20,2026-10-21,Secure parcel truck,84,52,dedicated fleet,17.6,630000,14:00-22:00,71,26,25,62,,high-value reverse logistics,"Needs dry, secure movement and claims control.",wet cargo|magnetic cargo|loose food
SHP-01274,delhi-ncr,CraftBridge Export House,Packaged tea cartons,food-grade dry,Ghaziabad,Panipat,423,road,5000,213,93,dry,48 h,36,return,2026-09-21,2026-09-25,Food-grade dry van,89,12,per-trip contract,17.0,6330000,22:00-02:00,88,27,4,69,,anchor-compatible FMCG backhaul,Can ride with packaged food and dry FMCG cargo.,cement|chemicals|hazardous
SHP-01275,delhi-ncr,Metro Distributors,Textile bales,textile dry,Ghaziabad,Panipat,348,road,4000,117,87,dry,6 d,53,contract,2026-10-12,2026-10-15,Dry van with moisture guard,85,13,dedicated fleet,11.1,6340000,10:00-14:00,74,22,34,51,,dry industrial backhaul,Needs dry handling and moisture protection.,wet cargo|chemicals
SHP-01276,delhi-ncr,Prime Export House,Reverse logistics parcels,parcel returns,Ghaziabad,Greater Noida,315,staging,6700,169,93,ambient,5 d,30,contract,2026-10-30,2026-11-02,Parcel cage vehicle,82,23,dedicated fleet,22.0,5229000,14:00-22:00,40,36,35,44,,reverse logistics,Works well in staged consolidation waves.,loose food|hazardous
SHP-01277,delhi-ncr,CraftBridge Trade Network,Coffee and cocoa sacks,food-grade dry,Gurugram,Jaipur,378,sea,4200,141,92,dry,6 d,58,return,2026-09-24,2026-09-26,Dry container with odour guard,66,29,fixed monthly,42.2,3729000,14:00-22:00,46,19,95,88,,bulk food export,Can consolidate with dry food cargo.,cement|chemicals|odour cargo
SHP-01278,delhi-ncr,Bharat Logistics,Coffee and cocoa sacks,food-grade dry,Sonipat,Jaipur,763,sea,4300,72,88,dry,60 h,26,contract,2026-09-24,2026-09-29,Dry container with odour guard,95,9,per-tonne contract,40.9,13917000,14:00-22:00,71,15,156,3,,bulk food export,Can consolidate with dry food cargo.,cement|chemicals|odour cargo
SHP-01279,delhi-ncr,Swift Collective,Textile bales,textile dry,Manesar,Meerut,621,road,3200,82,98,dry,24 h,74,spot,2026-09-21,2026-09-22,Dry van with moisture guard,99,16,fixed monthly,14.9,7947000,06:00-10:00,68,35,30,73,,dry industrial backhaul,Needs dry handling and moisture protection.,wet cargo|chemicals
SHP-01280,delhi-ncr,Swift Industries,High value samples,secured samples,Sonipat,Delhi,24,air,27400,34,98,regulated,5 d,37,return,2026-10-03,2026-10-05,Secure air cargo pouch,79,84,SLA contract,15.5,2589000,10:00-14:00,87,49,233,344,SON-DEL/BOM gateway,high-value urgent,Needs secure handling and tight handoff control.,bulk cargo|unsecured parcels
SHP-01281,delhi-ncr,Healthline Industries,Medical devices,regulated devices,Faridabad,Jaipur,56,air,22500,213,99,regulated,6 d,34,premium,2026-10-10,2026-10-12,Secure high-value air cargo,84,69,SLA contract,10.5,2951000,06:00-10:00,69,87,64,92,FAR-DEL/BOM gateway,regulated high-value urgent,Needs secure handling and documented custody.,cement|chemicals|unsealed food
SHP-01282,delhi-ncr,BluePeak Consortium,Medical devices,regulated devices,Faridabad,Panipat,25,air,19700,188,97,regulated,5 d,34,contract,2026-10-31,2026-11-01,Secure high-value air cargo,78,41,per-tonne contract,18.2,2326000,06:00-10:00,76,123,185,336,FAR-DEL/BOM gateway,regulated high-value urgent,Needs secure handling and documented custody.,cement|chemicals|unsealed food
SHP-01283,delhi-ncr,Eastern Forwarders,Durable snacks overflow,food-grade dry,Faridabad,Panipat,435,road,3500,131,91,ambient,36 h,91,premium,2026-09-19,2026-09-21,Food-grade dry van,78,30,SLA contract,8.5,7253000,22:00-02:00,49,14,17,19,,anchor-compatible FMCG overflow,Highly compatible with Britannia-style packaged food lanes.,cement|chemicals|wet cargo
SHP-01284,delhi-ncr,Metro Supply Co,Spice cartons,food-grade dry,Noida,Meerut,410,road,4300,54,99,ambient,6 d,61,contract,2026-09-28,2026-09-29,Food-grade dry van,92,55,fixed monthly,11.8,4859000,06:00-10:00,68,35,17,9,,ambient food exports,Compatible with packaged food when odour control is maintained.,cement|chemicals|odour cargo
SHP-01285,delhi-ncr,PortLink Collective,Spice cartons,food-grade dry,Faridabad,Kundli,603,road,4600,204,88,ambient,5 d,58,premium,2026-09-22,2026-09-23,Food-grade dry van,79,38,per-trip contract,13.8,11968000,14:00-22:00,100,39,12,41,,ambient food exports,Compatible with packaged food when odour control is maintained.,cement|chemicals|odour cargo
SHP-01286,delhi-ncr,Eastern Logistics,Durable snacks overflow,food-grade dry,Ghaziabad,Greater Noida,282,road,4100,85,86,ambient,96 h,26,backhaul,2026-09-29,2026-10-02,Food-grade dry van,83,72,dedicated fleet,13.2,5121000,22:00-02:00,40,12,1,78,,anchor-compatible FMCG overflow,Highly compatible with Britannia-style packaged food lanes.,cement|chemicals|wet cargo
SHP-01287,delhi-ncr,Metro Supply Co,Frozen bakery inputs,chilled food,Ghaziabad,Delhi,284,road,6200,31,90,chilled,36 h,86,overflow,2026-10-27,2026-10-30,Reefer truck,92,15,per-trip contract,9.5,4150000,06:00-10:00,58,45,18,32,,temperature-controlled food,Needs temperature-controlled carriage.,ambient dry cargo|cement|chemicals
SHP-01288,delhi-ncr,Horizon Forwarders,Packaged tea cartons,food-grade dry,Faridabad,Meerut,604,road,4500,75,91,dry,60 h,90,backhaul,2026-10-13,2026-10-17,Food-grade dry van,85,64,SLA contract,9.8,12917000,22:00-02:00,82,34,0,3,,anchor-compatible FMCG backhaul,Can ride with packaged food and dry FMCG cargo.,cement|chemicals|hazardous
SHP-01289,delhi-ncr,BluePeak Distributors,Regulated pharma samples,regulated pharma,Noida,Panipat,66,air,20900,104,91,regulated,72 h,55,contract,2026-09-28,2026-09-30,Validated secure pharma uplift,83,13,dedicated fleet,10.9,3328000,06:00-10:00,40,81,114,209,NOI-DEL/BOM gateway,regulated high-value urgent,Needs chain-of-custody and compliance clearance.,food|cement|chemicals|unsecured parcels
SHP-01290,delhi-ncr,Summit Consortium,Textile bales,textile dry,Ghaziabad,Panipat,50,road,4100,57,95,dry,72 h,38,spot,2026-09-28,2026-10-01,Dry van with moisture guard,86,38,dedicated fleet,8.2,500000,14:00-22:00,59,30,21,21,,dry industrial backhaul,Needs dry handling and moisture protection.,wet cargo|chemicals
SHP-01291,delhi-ncr,National Consortium,Containerised export overflow,container export,Manesar,Delhi,873,sea,4600,42,99,dry,72 h,78,contract,2026-10-16,2026-10-17,Sealed container feeder,91,49,per-tonne contract,41.4,11611000,22:00-02:00,99,15,123,81,,bulk export overflow,Best suited to feeder or port-linked consolidation.,loose perishable|fragile craft
SHP-01292,delhi-ncr,Tea Garden Distributors,Reverse logistics parcels,parcel returns,Gurugram,Delhi,355,staging,6900,98,87,ambient,5 d,28,overflow,2026-10-18,2026-10-19,Parcel cage vehicle,91,30,SLA contract,17.5,6302000,14:00-22:00,44,36,21,32,,reverse logistics,Works well in staged consolidation waves.,loose food|hazardous
SHP-01293,delhi-ncr,Prime Foods,Spice cartons,food-grade dry,Gurugram,Jaipur,418,road,4200,88,93,ambient,48 h,40,spot,2026-10-08,2026-10-10,Food-grade dry van,83,3,per-trip contract,15.0,7130000,10:00-14:00,38,17,12,76,,ambient food exports,Compatible with packaged food when odour control is maintained.,cement|chemicals|odour cargo
SHP-01294,delhi-ncr,Tea Garden Logistics,Reverse logistics parcels,parcel returns,Noida,Jaipur,25,staging,5500,84,97,ambient,24 h,41,backhaul,2026-10-29,2026-11-03,Parcel cage vehicle,80,48,per-tonne contract,16.9,375000,14:00-22:00,93,11,12,3,,reverse logistics,Works well in staged consolidation waves.,loose food|hazardous
SHP-01295,delhi-ncr,Prime Distributors,Containerised export overflow,container export,Manesar,Meerut,902,sea,2900,137,99,dry,72 h,68,contract,2026-10-10,2026-10-15,Sealed container feeder,81,16,spot market,37.5,6575000,14:00-22:00,56,29,66,69,,bulk export overflow,Best suited to feeder or port-linked consolidation.,loose perishable|fragile craft
SHP-01296,delhi-ncr,Greenfield Foods,Reverse logistics parcels,parcel returns,Manesar,Panipat,404,staging,6100,77,99,ambient,36 h,47,backhaul,2026-09-23,2026-09-24,Parcel cage vehicle,76,90,spot market,22.4,8524000,10:00-14:00,75,37,22,63,,reverse logistics,Works well in staged consolidation waves.,loose food|hazardous
SHP-01297,delhi-ncr,CraftBridge Export House,Spice cartons,food-grade dry,Ghaziabad,Delhi,499,road,4200,107,89,ambient,72 h,86,overflow,2026-10-09,2026-10-12,Food-grade dry van,97,34,spot market,11.2,6623000,06:00-10:00,38,45,12,21,,ambient food exports,Compatible with packaged food when odour control is maintained.,cement|chemicals|odour cargo
SHP-01298,delhi-ncr,Tea Garden Trade Network,Spice cartons,food-grade dry,Sonipat,Kundli,431,road,5300,180,93,ambient,5 d,26,backhaul,2026-09-17,2026-09-18,Food-grade dry van,80,39,spot market,16.6,8492000,06:00-10:00,92,17,26,39,,ambient food exports,Compatible with packaged food when odour control is maintained.,cement|chemicals|odour cargo
SHP-01299,delhi-ncr,Spice Valley Export House,Medical devices,regulated devices,Gurugram,Delhi,7,air,22800,79,92,regulated,12 h,88,return,2026-10-06,2026-10-07,Secure high-value air cargo,89,17,per-trip contract,19.4,608000,14:00-22:00,62,123,110,263,GUR-DEL/BOM gateway,regulated high-value urgent,Needs secure handling and documented custody.,cement|chemicals|unsealed food
SHP-01300,delhi-ncr,Horizon Foods,Frozen bakery inputs,chilled food,Faridabad,Kundli,414,road,6600,212,99,chilled,48 h,80,premium,2026-09-20,2026-09-23,Reefer truck,81,53,SLA contract,15.1,7201000,14:00-22:00,94,34,21,40,,temperature-controlled food,Needs temperature-controlled carriage.,ambient dry cargo|cement|chemicals
SHP-01301,delhi-ncr,Swift Logistics,Containerised export overflow,container export,Noida,Jaipur,988,sea,4100,38,80,dry,48 h,33,overflow,2026-10-02,2026-10-04,Sealed container feeder,80,65,fixed monthly,43.6,13273000,10:00-14:00,66,10,206,32,,bulk export overflow,Best suited to feeder or port-linked consolidation.,loose perishable|fragile craft
SHP-01302,delhi-ncr,RetailLoop Collective,High value samples,secured samples,Manesar,Panipat,56,air,28600,167,96,regulated,96 h,26,contract,2026-09-20,2026-09-21,Secure air cargo pouch,87,72,per-trip contract,9.8,4648000,10:00-14:00,57,53,157,74,MAN-DEL/BOM gateway,high-value urgent,Needs secure handling and tight handoff control.,bulk cargo|unsecured parcels
SHP-01303,delhi-ncr,Healthline Export House,Medical devices,regulated devices,Manesar,Meerut,8,air,23800,58,96,regulated,24 h,36,spot,2026-10-28,2026-10-30,Secure high-value air cargo,77,57,fixed monthly,20.8,671000,14:00-22:00,100,164,129,281,MAN-DEL/BOM gateway,regulated high-value urgent,Needs secure handling and documented custody.,cement|chemicals|unsealed food
SHP-01304,delhi-ncr,Metro Trade Network,High value samples,secured samples,Ghaziabad,Greater Noida,22,air,32300,118,97,regulated,12 h,85,overflow,2026-10-02,2026-10-04,Secure air cargo pouch,84,18,per-tonne contract,10.5,3360000,22:00-02:00,82,57,217,104,GHA-DEL/BOM gateway,high-value urgent,Needs secure handling and tight handoff control.,bulk cargo|unsecured parcels
SHP-01305,delhi-ncr,Eastern Consortium,Packaged tea cartons,food-grade dry,Faridabad,Greater Noida,409,road,5200,56,93,dry,36 h,69,return,2026-09-29,2026-10-02,Food-grade dry van,86,83,per-tonne contract,7.5,5457000,22:00-02:00,77,18,30,25,,anchor-compatible FMCG backhaul,Can ride with packaged food and dry FMCG cargo.,cement|chemicals|hazardous
SHP-01306,delhi-ncr,AgroStar Consortium,High value samples,secured samples,Noida,Delhi,31,air,27500,51,98,regulated,6 d,63,premium,2026-10-18,2026-10-20,Secure air cargo pouch,72,53,fixed monthly,17.1,3103000,14:00-22:00,74,137,153,97,NOI-DEL/BOM gateway,high-value urgent,Needs secure handling and tight handoff control.,bulk cargo|unsecured parcels
SHP-01307,delhi-ncr,Riverline Supply Co,High value samples,secured samples,Faridabad,Delhi,63,air,21400,43,86,regulated,36 h,80,backhaul,2026-09-17,2026-09-18,Secure air cargo pouch,86,55,per-tonne contract,20.6,5270000,22:00-02:00,54,124,173,284,FAR-DEL/BOM gateway,high-value urgent,Needs secure handling and tight handoff control.,bulk cargo|unsecured parcels
SHP-01308,delhi-ncr,Greenfield Industries,Electronics returns,electronics,Noida,Greater Noida,282,staging,5800,33,92,ambient,96 h,49,premium,2026-10-25,2026-10-29,Secure parcel truck,82,68,fixed monthly,17.7,7426000,22:00-02:00,80,21,21,74,,high-value reverse logistics,"Needs dry, secure movement and claims control.",wet cargo|magnetic cargo|loose food
SHP-01309,delhi-ncr,Bharat Logistics,Bamboo panels and handicrafts,fragile craft,Faridabad,Panipat,396,staging,5300,67,95,fragile,60 h,75,backhaul,2026-09-30,2026-10-04,Padded box truck with staging buffer,87,26,per-trip contract,20.0,7490000,10:00-14:00,46,25,4,84,,fragile regional exports,Needs bracing and should avoid dusty or heavy loads.,cement|heavy machinery|wet cargo
SHP-01310,delhi-ncr,Horizon Distributors,Spice cartons,food-grade dry,Manesar,Greater Noida,116,road,4500,106,93,ambient,60 h,74,premium,2026-10-27,2026-10-28,Food-grade dry van,74,15,spot market,14.1,2473000,06:00-10:00,99,21,18,49,,ambient food exports,Compatible with packaged food when odour control is maintained.,cement|chemicals|odour cargo
SHP-01311,delhi-ncr,Bharat Export House,Regulated pharma samples,regulated pharma,Noida,Kundli,4,air,26800,221,92,regulated,12 h,96,overflow,2026-10-04,2026-10-06,Validated secure pharma uplift,91,35,per-tonne contract,13.2,313000,06:00-10:00,91,178,129,157,NOI-DEL/BOM gateway,regulated high-value urgent,Needs chain-of-custody and compliance clearance.,food|cement|chemicals|unsecured parcels
SHP-01312,delhi-ncr,Healthline Collective,Frozen bakery inputs,chilled food,Ghaziabad,Panipat,653,road,7700,103,99,chilled,96 h,26,overflow,2026-10-10,2026-10-12,Reefer truck,88,40,fixed monthly,12.7,12013000,14:00-22:00,72,33,9,87,,temperature-controlled food,Needs temperature-controlled carriage.,ambient dry cargo|cement|chemicals
SHP-01313,delhi-ncr,BluePeak Supply Co,Spice cartons,food-grade dry,Gurugram,Greater Noida,548,road,4900,156,95,ambient,36 h,43,return,2026-09-23,2026-09-27,Food-grade dry van,90,68,SLA contract,10.0,6359000,10:00-14:00,35,41,8,2,,ambient food exports,Compatible with packaged food when odour control is maintained.,cement|chemicals|odour cargo
SHP-01314,delhi-ncr,CraftBridge Consortium,Textile bales,textile dry,Manesar,Greater Noida,697,road,5000,146,93,dry,72 h,94,overflow,2026-09-30,2026-10-06,Dry van with moisture guard,94,56,per-tonne contract,10.6,13521000,14:00-22:00,44,28,4,5,,dry industrial backhaul,Needs dry handling and moisture protection.,wet cargo|chemicals
SHP-01315,delhi-ncr,National Supply Co,Speciality ginger and citrus,fresh produce,Gurugram,Delhi,622,road,5400,113,98,chilled,5 d,31,overflow,2026-10-26,2026-11-01,Ventilated reefer truck,88,61,SLA contract,13.2,13723000,14:00-22:00,68,11,20,31,,perishable agriculture,Requires food-safe handling and temperature discipline.,cement|chemicals|odour cargo
SHP-01316,delhi-ncr,Tea Garden Distributors,Reverse logistics parcels,parcel returns,Sonipat,Panipat,43,staging,5100,134,80,ambient,96 h,42,contract,2026-09-21,2026-09-24,Parcel cage vehicle,58,8,spot market,17.1,632000,14:00-22:00,63,30,26,54,,reverse logistics,Works well in staged consolidation waves.,loose food|hazardous
SHP-01317,delhi-ncr,AgroStar Trade Network,Bamboo panels and handicrafts,fragile craft,Faridabad,Meerut,182,staging,5900,134,89,fragile,48 h,49,backhaul,2026-10-11,2026-10-13,Padded box truck with staging buffer,93,16,fixed monthly,22.8,3799000,14:00-22:00,55,20,22,83,,fragile regional exports,Needs bracing and should avoid dusty or heavy loads.,cement|heavy machinery|wet cargo
SHP-01318,delhi-ncr,Eastern Consortium,Containerised export overflow,container export,Noida,Greater Noida,103,sea,4200,81,99,dry,6 d,73,backhaul,2026-09-21,2026-09-26,Sealed container feeder,75,48,per-trip contract,41.9,1328000,22:00-02:00,51,32,129,46,,bulk export overflow,Best suited to feeder or port-linked consolidation.,loose perishable|fragile craft
SHP-01319,delhi-ncr,Tea Garden Industries,Speciality ginger and citrus,fresh produce,Ghaziabad,Panipat,453,road,6000,214,99,chilled,48 h,80,backhaul,2026-10-25,2026-10-27,Ventilated reefer truck,87,16,SLA contract,11.1,8760000,14:00-22:00,43,41,33,8,,perishable agriculture,Requires food-safe handling and temperature discipline.,cement|chemicals|odour cargo
SHP-01320,delhi-ncr,Greenfield Industries,Bamboo panels and handicrafts,fragile craft,Faridabad,Greater Noida,217,staging,6400,202,99,fragile,60 h,52,contract,2026-10-28,2026-11-02,Padded box truck with staging buffer,83,32,per-tonne contract,22.6,5812000,14:00-22:00,58,45,4,42,,fragile regional exports,Needs bracing and should avoid dusty or heavy loads.,cement|heavy machinery|wet cargo
SHP-01321,delhi-ncr,BluePeak Foods,Coffee and cocoa sacks,food-grade dry,Gurugram,Meerut,745,sea,3400,70,85,dry,24 h,89,contract,2026-10-29,2026-10-31,Dry container with odour guard,78,10,spot market,36.0,10450000,06:00-10:00,85,37,216,0,,bulk food export,Can consolidate with dry food cargo.,cement|chemicals|odour cargo
SHP-01322,delhi-ncr,Spice Valley Industries,Packaged tea cartons,food-grade dry,Sonipat,Jaipur,272,road,4800,34,99,dry,60 h,81,premium,2026-10-10,2026-10-16,Food-grade dry van,95,26,SLA contract,10.8,6064000,06:00-10:00,54,31,6,1,,anchor-compatible FMCG backhaul,Can ride with packaged food and dry FMCG cargo.,cement|chemicals|hazardous
SHP-01323,delhi-ncr,AgroStar Industries,Frozen bakery inputs,chilled food,Gurugram,Meerut,696,road,8800,155,91,chilled,60 h,69,return,2026-10-11,2026-10-17,Reefer truck,96,36,per-tonne contract,13.9,16132000,06:00-10:00,71,20,13,23,,temperature-controlled food,Needs temperature-controlled carriage.,ambient dry cargo|cement|chemicals
SHP-01324,delhi-ncr,CraftBridge Forwarders,Bamboo panels and handicrafts,fragile craft,Sonipat,Delhi,193,staging,7000,218,95,fragile,60 h,54,contract,2026-10-20,2026-10-24,Padded box truck with staging buffer,84,38,per-tonne contract,17.7,6088000,14:00-22:00,39,36,29,74,,fragile regional exports,Needs bracing and should avoid dusty or heavy loads.,cement|heavy machinery|wet cargo
SHP-01325,delhi-ncr,Spice Valley Industries,Speciality ginger and citrus,fresh produce,Faridabad,Kundli,513,road,6700,40,97,chilled,60 h,83,overflow,2026-09-16,2026-09-20,Ventilated reefer truck,78,60,per-tonne contract,13.5,14207000,10:00-14:00,100,45,20,9,,perishable agriculture,Requires food-safe handling and temperature discipline.,cement|chemicals|odour cargo
SHP-01326,delhi-ncr,Summit Forwarders,Premium craft consignments,fragile craft,Manesar,Kundli,94,staging,7500,140,96,fragile,96 h,25,premium,2026-09-19,2026-09-25,Padded box truck with staging buffer,81,52,spot market,23.4,3356000,22:00-02:00,48,39,5,32,,premium fragile exports,Needs gentle handling and staging protection.,cement|heavy machinery|wet cargo
SHP-01327,delhi-ncr,Swift Consortium,Regulated pharma samples,regulated pharma,Sonipat,Kundli,59,air,22900,66,99,regulated,72 h,67,return,2026-10-25,2026-10-26,Validated secure pharma uplift,74,11,fixed monthly,16.6,5225000,06:00-10:00,37,112,117,135,SON-DEL/BOM gateway,regulated high-value urgent,Needs chain-of-custody and compliance clearance.,food|cement|chemicals|unsecured parcels
SHP-01328,delhi-ncr,Eastern Distributors,Electronics returns,electronics,Manesar,Kundli,137,staging,7600,98,99,ambient,72 h,41,premium,2026-10-29,2026-11-04,Secure parcel truck,76,17,SLA contract,18.2,2886000,06:00-10:00,97,15,35,64,,high-value reverse logistics,"Needs dry, secure movement and claims control.",wet cargo|magnetic cargo|loose food
SHP-01329,delhi-ncr,AgroStar Foods,Spice cartons,food-grade dry,Manesar,Greater Noida,206,road,5800,159,94,ambient,5 d,87,backhaul,2026-10-15,2026-10-16,Food-grade dry van,75,18,per-trip contract,14.6,3746000,10:00-14:00,56,38,3,38,,ambient food exports,Compatible with packaged food when odour control is maintained.,cement|chemicals|odour cargo
SHP-01330,delhi-ncr,RetailLoop Logistics,Coffee and cocoa sacks,food-grade dry,Gurugram,Jaipur,989,sea,3600,90,95,dry,60 h,86,contract,2026-09-27,2026-10-03,Dry container with odour guard,78,22,spot market,40.7,15888000,06:00-10:00,77,32,149,16,,bulk food export,Can consolidate with dry food cargo.,cement|chemicals|odour cargo
SHP-01331,delhi-ncr,Summit Collective,Speciality ginger and citrus,fresh produce,Faridabad,Delhi,318,road,7200,81,88,chilled,6 d,25,premium,2026-09-28,2026-10-03,Ventilated reefer truck,80,56,spot market,14.0,5625000,14:00-22:00,39,37,30,79,,perishable agriculture,Requires food-safe handling and temperature discipline.,cement|chemicals|odour cargo
SHP-01332,delhi-ncr,Swift Supply Co,Packaged tea cartons,food-grade dry,Sonipat,Kundli,520,road,4400,79,98,dry,6 d,25,return,2026-09-24,2026-09-28,Food-grade dry van,95,22,fixed monthly,9.0,10847000,14:00-22:00,43,13,34,86,,anchor-compatible FMCG backhaul,Can ride with packaged food and dry FMCG cargo.,cement|chemicals|hazardous
SHP-01333,delhi-ncr,RetailLoop Supply Co,Packaged tea cartons,food-grade dry,Noida,Panipat,544,road,4100,40,94,dry,72 h,38,return,2026-10-04,2026-10-08,Food-grade dry van,83,53,fixed monthly,8.7,6454000,22:00-02:00,49,14,5,8,,anchor-compatible FMCG backhaul,Can ride with packaged food and dry FMCG cargo.,cement|chemicals|hazardous
SHP-01334,delhi-ncr,Healthline Supply Co,Containerised export overflow,container export,Sonipat,Greater Noida,980,sea,3600,90,89,dry,36 h,62,premium,2026-09-21,2026-09-23,Sealed container feeder,81,51,dedicated fleet,40.6,14186000,06:00-10:00,43,41,227,54,,bulk export overflow,Best suited to feeder or port-linked consolidation.,loose perishable|fragile craft
SHP-01335,delhi-ncr,RetailLoop Foods,Frozen bakery inputs,chilled food,Faridabad,Kundli,659,road,8300,99,89,chilled,60 h,44,spot,2026-10-18,2026-10-22,Reefer truck,86,30,fixed monthly,14.7,16981000,06:00-10:00,90,21,13,48,,temperature-controlled food,Needs temperature-controlled carriage.,ambient dry cargo|cement|chemicals
SHP-01336,delhi-ncr,Prime Supply Co,High value samples,secured samples,Sonipat,Delhi,45,air,31200,26,82,regulated,36 h,61,backhaul,2026-09-29,2026-09-30,Secure air cargo pouch,72,23,SLA contract,11.6,5565000,14:00-22:00,81,118,108,146,SON-DEL/BOM gateway,high-value urgent,Needs secure handling and tight handoff control.,bulk cargo|unsecured parcels
SHP-01337,delhi-ncr,Prime Forwarders,Bamboo panels and handicrafts,fragile craft,Gurugram,Panipat,339,staging,7200,98,77,fragile,36 h,67,backhaul,2026-10-30,2026-11-05,Padded box truck with staging buffer,83,59,spot market,22.2,5466000,22:00-02:00,57,44,20,90,,fragile regional exports,Needs bracing and should avoid dusty or heavy loads.,cement|heavy machinery|wet cargo
SHP-01338,delhi-ncr,Greenfield Industries,Coffee and cocoa sacks,food-grade dry,Faridabad,Kundli,957,sea,3100,122,98,dry,48 h,61,contract,2026-09-16,2026-09-22,Dry container with odour guard,78,14,per-trip contract,38.8,6619000,14:00-22:00,74,43,130,42,,bulk food export,Can consolidate with dry food cargo.,cement|chemicals|odour cargo
SHP-01339,delhi-ncr,Healthline Logistics,Frozen bakery inputs,chilled food,Sonipat,Jaipur,117,road,6000,47,92,chilled,48 h,77,return,2026-10-29,2026-10-31,Reefer truck,92,32,SLA contract,12.9,3121000,22:00-02:00,48,28,34,67,,temperature-controlled food,Needs temperature-controlled carriage.,ambient dry cargo|cement|chemicals
SHP-01340,delhi-ncr,Healthline Supply Co,High value samples,secured samples,Noida,Jaipur,34,air,27800,210,99,regulated,48 h,55,contract,2026-10-15,2026-10-17,Secure air cargo pouch,74,17,SLA contract,17.1,2296000,14:00-22:00,90,109,144,331,NOI-DEL/BOM gateway,high-value urgent,Needs secure handling and tight handoff control.,bulk cargo|unsecured parcels
SHP-01341,delhi-ncr,RetailLoop Collective,Electronics returns,electronics,Manesar,Jaipur,176,staging,5700,165,94,ambient,48 h,27,premium,2026-09-23,2026-09-24,Secure parcel truck,83,54,per-trip contract,23.1,3889000,10:00-14:00,68,35,17,48,,high-value reverse logistics,"Needs dry, secure movement and claims control.",wet cargo|magnetic cargo|loose food
SHP-01342,delhi-ncr,RetailLoop Forwarders,Reverse logistics parcels,parcel returns,Sonipat,Greater Noida,286,staging,5000,159,84,ambient,6 d,99,return,2026-09-28,2026-09-30,Parcel cage vehicle,83,50,fixed monthly,19.9,3586000,06:00-10:00,67,19,30,16,,reverse logistics,Works well in staged consolidation waves.,loose food|hazardous
SHP-01343,delhi-ncr,Spice Valley Industries,Speciality ginger and citrus,fresh produce,Ghaziabad,Meerut,547,road,5300,213,90,chilled,48 h,86,premium,2026-10-14,2026-10-19,Ventilated reefer truck,73,26,per-tonne contract,14.8,12414000,22:00-02:00,72,17,5,65,,perishable agriculture,Requires food-safe handling and temperature discipline.,cement|chemicals|odour cargo
SHP-01344,delhi-ncr,RetailLoop Export House,Coffee and cocoa sacks,food-grade dry,Ghaziabad,Panipat,926,sea,3000,152,98,dry,36 h,29,backhaul,2026-10-19,2026-10-25,Dry container with odour guard,87,30,SLA contract,40.1,10826000,10:00-14:00,100,13,205,25,,bulk food export,Can consolidate with dry food cargo.,cement|chemicals|odour cargo
SHP-01345,delhi-ncr,Tea Garden Export House,Durable snacks overflow,food-grade dry,Noida,Meerut,274,road,3500,157,97,ambient,72 h,62,premium,2026-10-06,2026-10-11,Food-grade dry van,91,49,SLA contract,9.7,2420000,06:00-10:00,81,45,3,86,,anchor-compatible FMCG overflow,Highly compatible with Britannia-style packaged food lanes.,cement|chemicals|wet cargo
SHP-01346,delhi-ncr,Metro Industries,Packaged tea cartons,food-grade dry,Ghaziabad,Delhi,335,road,4300,64,96,dry,5 d,86,backhaul,2026-09-21,2026-09-25,Food-grade dry van,85,50,dedicated fleet,9.7,5573000,22:00-02:00,85,32,13,83,,anchor-compatible FMCG backhaul,Can ride with packaged food and dry FMCG cargo.,cement|chemicals|hazardous
SHP-01347,delhi-ncr,Swift Distributors,Frozen bakery inputs,chilled food,Sonipat,Greater Noida,640,road,6000,92,90,chilled,36 h,62,backhaul,2026-10-22,2026-10-28,Reefer truck,79,74,fixed monthly,10.7,13471000,14:00-22:00,56,15,32,42,,temperature-controlled food,Needs temperature-controlled carriage.,ambient dry cargo|cement|chemicals
SHP-01348,delhi-ncr,National Forwarders,Durable snacks overflow,food-grade dry,Sonipat,Delhi,720,road,4300,133,90,ambient,96 h,48,backhaul,2026-10-11,2026-10-15,Food-grade dry van,80,69,per-trip contract,12.5,9391000,06:00-10:00,70,23,20,26,,anchor-compatible FMCG overflow,Highly compatible with Britannia-style packaged food lanes.,cement|chemicals|wet cargo
SHP-01349,delhi-ncr,Tea Garden Export House,Spice cartons,food-grade dry,Gurugram,Panipat,314,road,4400,154,85,ambient,96 h,51,overflow,2026-10-03,2026-10-07,Food-grade dry van,99,15,dedicated fleet,10.9,6434000,10:00-14:00,77,13,6,59,,ambient food exports,Compatible with packaged food when odour control is maintained.,cement|chemicals|odour cargo
SHP-01350,delhi-ncr,Metro Supply Co,Containerised export overflow,container export,Gurugram,Panipat,1050,sea,2700,74,94,dry,96 h,50,contract,2026-10-28,2026-11-01,Sealed container feeder,82,11,SLA contract,41.9,8145000,14:00-22:00,61,23,116,24,,bulk export overflow,Best suited to feeder or port-linked consolidation.,loose perishable|fragile craft
SHP-01351,delhi-ncr,AgroStar Forwarders,Bamboo panels and handicrafts,fragile craft,Manesar,Kundli,100,staging,5400,101,97,fragile,24 h,78,spot,2026-10-19,2026-10-24,Padded box truck with staging buffer,87,82,fixed monthly,17.0,2535000,10:00-14:00,50,27,23,79,,fragile regional exports,Needs bracing and should avoid dusty or heavy loads.,cement|heavy machinery|wet cargo
SHP-01352,delhi-ncr,Metro Logistics,Coffee and cocoa sacks,food-grade dry,Faridabad,Jaipur,587,sea,3800,43,94,dry,6 d,76,contract,2026-10-05,2026-10-07,Dry container with odour guard,76,5,SLA contract,36.7,7119000,22:00-02:00,78,28,37,71,,bulk food export,Can consolidate with dry food cargo.,cement|chemicals|odour cargo
SHP-01353,delhi-ncr,Horizon Industries,High value samples,secured samples,Gurugram,Panipat,70,air,34500,125,89,regulated,96 h,73,contract,2026-10-15,2026-10-17,Secure air cargo pouch,81,50,per-trip contract,14.4,11205000,14:00-22:00,65,81,90,257,GUR-DEL/BOM gateway,high-value urgent,Needs secure handling and tight handoff control.,bulk cargo|unsecured parcels
SHP-01354,delhi-ncr,RetailLoop Collective,Frozen bakery inputs,chilled food,Gurugram,Jaipur,449,road,7800,179,99,chilled,36 h,89,premium,2026-09-20,2026-09-25,Reefer truck,95,22,SLA contract,12.8,16278000,22:00-02:00,47,27,32,21,,temperature-controlled food,Needs temperature-controlled carriage.,ambient dry cargo|cement|chemicals
SHP-01355,delhi-ncr,AgroStar Logistics,Packaged tea cartons,food-grade dry,Gurugram,Kundli,597,road,4700,30,91,dry,6 d,96,premium,2026-10-02,2026-10-08,Food-grade dry van,83,32,spot market,13.3,8346000,22:00-02:00,38,33,16,24,,anchor-compatible FMCG backhaul,Can ride with packaged food and dry FMCG cargo.,cement|chemicals|hazardous
SHP-01356,delhi-ncr,Horizon Consortium,Containerised export overflow,container export,Sonipat,Delhi,864,sea,2900,81,98,dry,48 h,36,contract,2026-09-21,2026-09-22,Sealed container feeder,82,46,per-tonne contract,39.5,10498000,14:00-22:00,38,29,164,48,,bulk export overflow,Best suited to feeder or port-linked consolidation.,loose perishable|fragile craft
SHP-01357,delhi-ncr,BluePeak Trade Network,High value samples,secured samples,Sonipat,Meerut,45,air,25900,99,87,regulated,24 h,81,spot,2026-10-03,2026-10-04,Secure air cargo pouch,78,21,fixed monthly,15.9,3483000,22:00-02:00,46,123,96,322,SON-DEL/BOM gateway,high-value urgent,Needs secure handling and tight handoff control.,bulk cargo|unsecured parcels
SHP-01358,delhi-ncr,Prime Export House,Coffee and cocoa sacks,food-grade dry,Manesar,Meerut,1041,sea,4100,134,87,dry,96 h,89,overflow,2026-10-04,2026-10-09,Dry container with odour guard,87,20,per-trip contract,43.3,10494000,10:00-14:00,95,26,230,48,,bulk food export,Can consolidate with dry food cargo.,cement|chemicals|odour cargo
SHP-01359,delhi-ncr,Summit Distributors,Packaged tea cartons,food-grade dry,Sonipat,Jaipur,682,road,5300,39,93,dry,6 d,95,backhaul,2026-10-01,2026-10-06,Food-grade dry van,78,13,fixed monthly,14.4,10461000,22:00-02:00,89,12,14,81,,anchor-compatible FMCG backhaul,Can ride with packaged food and dry FMCG cargo.,cement|chemicals|hazardous
SHP-01360,delhi-ncr,Swift Trade Network,Electronics returns,electronics,Sonipat,Delhi,172,staging,6500,27,97,ambient,24 h,89,contract,2026-10-12,2026-10-14,Secure parcel truck,74,23,spot market,17.5,2575000,06:00-10:00,48,14,21,28,,high-value reverse logistics,"Needs dry, secure movement and claims control.",wet cargo|magnetic cargo|loose food
SHP-01361,delhi-ncr,Metro Trade Network,Frozen bakery inputs,chilled food,Gurugram,Greater Noida,290,road,6300,34,93,chilled,96 h,82,contract,2026-09-18,2026-09-21,Reefer truck,86,16,per-tonne contract,11.6,4659000,14:00-22:00,56,12,0,5,,temperature-controlled food,Needs temperature-controlled carriage.,ambient dry cargo|cement|chemicals
SHP-01362,delhi-ncr,Eastern Foods,Regulated pharma samples,regulated pharma,Faridabad,Delhi,55,air,29300,124,99,regulated,12 h,99,premium,2026-09-21,2026-09-22,Validated secure pharma uplift,90,87,SLA contract,15.4,4900000,10:00-14:00,81,58,50,148,FAR-DEL/BOM gateway,regulated high-value urgent,Needs chain-of-custody and compliance clearance.,food|cement|chemicals|unsecured parcels
SHP-01363,delhi-ncr,Spice Valley Logistics,High value samples,secured samples,Sonipat,Jaipur,44,air,25200,54,95,regulated,72 h,30,return,2026-10-08,2026-10-10,Secure air cargo pouch,71,31,spot market,17.3,3227000,22:00-02:00,41,129,72,321,SON-DEL/BOM gateway,high-value urgent,Needs secure handling and tight handoff control.,bulk cargo|unsecured parcels
SHP-01364,delhi-ncr,Summit Distributors,Packaged tea cartons,food-grade dry,Manesar,Meerut,411,road,5200,213,89,dry,6 d,73,contract,2026-10-21,2026-10-23,Food-grade dry van,88,59,SLA contract,16.1,7692000,22:00-02:00,63,37,2,73,,anchor-compatible FMCG backhaul,Can ride with packaged food and dry FMCG cargo.,cement|chemicals|hazardous
SHP-01365,delhi-ncr,Tea Garden Distributors,Electronics returns,electronics,Sonipat,Jaipur,91,staging,5500,85,99,ambient,96 h,60,spot,2026-10-28,2026-11-03,Secure parcel truck,90,31,dedicated fleet,22.8,1962000,10:00-14:00,94,30,24,70,,high-value reverse logistics,"Needs dry, secure movement and claims control.",wet cargo|magnetic cargo|loose food
SHP-01366,delhi-ncr,Metro Forwarders,Containerised export overflow,container export,Sonipat,Kundli,538,sea,2800,191,81,dry,72 h,57,premium,2026-10-18,2026-10-21,Sealed container feeder,94,41,spot market,39.7,5526000,14:00-22:00,60,10,87,67,,bulk export overflow,Best suited to feeder or port-linked consolidation.,loose perishable|fragile craft
SHP-01367,delhi-ncr,BluePeak Trade Network,Containerised export overflow,container export,Faridabad,Panipat,881,sea,4500,84,82,dry,72 h,55,premium,2026-09-21,2026-09-23,Sealed container feeder,81,16,per-tonne contract,38.9,13245000,22:00-02:00,78,23,66,50,,bulk export overflow,Best suited to feeder or port-linked consolidation.,loose perishable|fragile craft
SHP-01368,delhi-ncr,Riverline Logistics,Premium craft consignments,fragile craft,Noida,Greater Noida,203,staging,7100,156,99,fragile,36 h,68,overflow,2026-10-14,2026-10-16,Padded box truck with staging buffer,89,78,per-tonne contract,21.9,5149000,22:00-02:00,54,43,28,68,,premium fragile exports,Needs gentle handling and staging protection.,cement|heavy machinery|wet cargo
SHP-01369,delhi-ncr,Healthline Forwarders,High value samples,secured samples,Faridabad,Kundli,16,air,26200,101,99,regulated,5 d,26,contract,2026-10-02,2026-10-04,Secure air cargo pouch,76,22,fixed monthly,11.7,946000,06:00-10:00,71,80,72,288,FAR-DEL/BOM gateway,high-value urgent,Needs secure handling and tight handoff control.,bulk cargo|unsecured parcels
SHP-01370,delhi-ncr,Riverline Consortium,Packaged tea cartons,food-grade dry,Ghaziabad,Greater Noida,115,road,5300,49,89,dry,36 h,52,spot,2026-09-19,2026-09-25,Food-grade dry van,86,55,SLA contract,14.8,2035000,10:00-14:00,61,11,10,6,,anchor-compatible FMCG backhaul,Can ride with packaged food and dry FMCG cargo.,cement|chemicals|hazardous
SHP-01371,delhi-ncr,Greenfield Supply Co,Containerised export overflow,container export,Manesar,Greater Noida,771,sea,4000,150,98,dry,5 d,94,spot,2026-10-28,2026-11-01,Sealed container feeder,82,44,dedicated fleet,41.2,14066000,10:00-14:00,41,43,222,83,,bulk export overflow,Best suited to feeder or port-linked consolidation.,loose perishable|fragile craft
SHP-01372,delhi-ncr,Metro Trade Network,Coffee and cocoa sacks,food-grade dry,Ghaziabad,Kundli,862,sea,3400,204,99,dry,24 h,58,contract,2026-10-19,2026-10-22,Dry container with odour guard,80,8,fixed monthly,39.9,9090000,14:00-22:00,61,16,169,38,,bulk food export,Can consolidate with dry food cargo.,cement|chemicals|odour cargo
SHP-01373,delhi-ncr,Bharat Forwarders,Electronics returns,electronics,Gurugram,Panipat,20,staging,6700,118,87,ambient,48 h,84,return,2026-10-30,2026-11-05,Secure parcel truck,82,28,fixed monthly,23.6,483000,10:00-14:00,85,31,9,12,,high-value reverse logistics,"Needs dry, secure movement and claims control.",wet cargo|magnetic cargo|loose food
SHP-01374,delhi-ncr,Horizon Foods,Bamboo panels and handicrafts,fragile craft,Manesar,Delhi,250,staging,6400,117,91,fragile,72 h,69,spot,2026-09-17,2026-09-20,Padded box truck with staging buffer,90,44,per-tonne contract,20.6,5088000,14:00-22:00,88,41,7,69,,fragile regional exports,Needs bracing and should avoid dusty or heavy loads.,cement|heavy machinery|wet cargo
SHP-01375,delhi-ncr,National Foods,Reverse logistics parcels,parcel returns,Ghaziabad,Greater Noida,143,staging,5900,159,99,ambient,24 h,56,spot,2026-10-08,2026-10-10,Parcel cage vehicle,86,72,spot market,18.6,1888000,06:00-10:00,53,15,20,34,,reverse logistics,Works well in staged consolidation waves.,loose food|hazardous
SHP-01376,delhi-ncr,AgroStar Logistics,Durable snacks overflow,food-grade dry,Faridabad,Panipat,139,road,4700,47,95,ambient,5 d,31,premium,2026-10-03,2026-10-07,Food-grade dry van,78,21,per-tonne contract,7.6,1653000,14:00-22:00,37,43,22,45,,anchor-compatible FMCG overflow,Highly compatible with Britannia-style packaged food lanes.,cement|chemicals|wet cargo
SHP-01377,delhi-ncr,Summit Logistics,Textile bales,textile dry,Gurugram,Kundli,88,road,4500,143,85,dry,72 h,67,spot,2026-10-29,2026-11-01,Dry van with moisture guard,80,17,per-tonne contract,8.1,1850000,10:00-14:00,40,26,8,14,,dry industrial backhaul,Needs dry handling and moisture protection.,wet cargo|chemicals
SHP-01378,delhi-ncr,RetailLoop Trade Network,High value samples,secured samples,Manesar,Jaipur,34,air,27400,73,89,regulated,24 h,48,overflow,2026-10-24,2026-10-26,Secure air cargo pouch,76,81,dedicated fleet,15.0,2126000,14:00-22:00,44,165,105,235,MAN-DEL/BOM gateway,high-value urgent,Needs secure handling and tight handoff control.,bulk cargo|unsecured parcels
SHP-01379,delhi-ncr,Summit Supply Co,Frozen bakery inputs,chilled food,Manesar,Greater Noida,543,road,5600,85,87,chilled,24 h,87,spot,2026-09-27,2026-09-28,Reefer truck,83,33,spot market,14.3,11322000,06:00-10:00,95,35,25,41,,temperature-controlled food,Needs temperature-controlled carriage.,ambient dry cargo|cement|chemicals
SHP-01380,delhi-ncr,Greenfield Collective,Medical devices,regulated devices,Faridabad,Jaipur,25,air,19100,112,90,regulated,24 h,72,spot,2026-09-21,2026-09-23,Secure high-value air cargo,87,30,SLA contract,14.2,1197000,10:00-14:00,66,105,53,338,FAR-DEL/BOM gateway,regulated high-value urgent,Needs secure handling and documented custody.,cement|chemicals|unsealed food
SHP-01381,delhi-ncr,Horizon Consortium,Durable snacks overflow,food-grade dry,Sonipat,Greater Noida,77,road,3900,26,99,ambient,96 h,70,overflow,2026-09-17,2026-09-19,Food-grade dry van,74,34,spot market,11.7,1241000,06:00-10:00,43,19,4,47,,anchor-compatible FMCG overflow,Highly compatible with Britannia-style packaged food lanes.,cement|chemicals|wet cargo
SHP-01382,delhi-ncr,Eastern Logistics,Premium craft consignments,fragile craft,Manesar,Panipat,390,staging,7300,57,99,fragile,48 h,73,backhaul,2026-10-06,2026-10-07,Padded box truck with staging buffer,87,58,per-tonne contract,23.6,10909000,06:00-10:00,49,15,22,88,,premium fragile exports,Needs gentle handling and staging protection.,cement|heavy machinery|wet cargo
SHP-01383,delhi-ncr,Bharat Distributors,Frozen bakery inputs,chilled food,Faridabad,Kundli,609,road,7100,88,89,chilled,6 d,84,overflow,2026-10-31,2026-11-03,Reefer truck,77,35,spot market,7.8,20366000,06:00-10:00,46,35,9,25,,temperature-controlled food,Needs temperature-controlled carriage.,ambient dry cargo|cement|chemicals
SHP-01384,delhi-ncr,Healthline Forwarders,Durable snacks overflow,food-grade dry,Faridabad,Panipat,532,road,3600,134,95,ambient,24 h,63,spot,2026-10-09,2026-10-13,Food-grade dry van,82,43,per-tonne contract,14.7,4899000,22:00-02:00,39,35,17,24,,anchor-compatible FMCG overflow,Highly compatible with Britannia-style packaged food lanes.,cement|chemicals|wet cargo
SHP-01385,delhi-ncr,Eastern Foods,Durable snacks overflow,food-grade dry,Sonipat,Greater Noida,102,road,3400,106,93,ambient,24 h,99,spot,2026-09-24,2026-09-30,Food-grade dry van,72,14,per-tonne contract,12.7,1079000,06:00-10:00,99,22,8,18,,anchor-compatible FMCG overflow,Highly compatible with Britannia-style packaged food lanes.,cement|chemicals|wet cargo
SHP-01386,delhi-ncr,Spice Valley Foods,High value samples,secured samples,Faridabad,Greater Noida,20,air,37300,32,88,regulated,36 h,25,return,2026-09-23,2026-09-25,Secure air cargo pouch,88,17,fixed monthly,17.8,3540000,22:00-02:00,48,173,181,171,FAR-DEL/BOM gateway,high-value urgent,Needs secure handling and tight handoff control.,bulk cargo|unsecured parcels
SHP-01387,delhi-ncr,Eastern Export House,Speciality ginger and citrus,fresh produce,Ghaziabad,Greater Noida,590,road,6500,131,94,chilled,48 h,42,spot,2026-09-19,2026-09-20,Ventilated reefer truck,80,26,dedicated fleet,11.6,12434000,14:00-22:00,79,27,15,42,,perishable agriculture,Requires food-safe handling and temperature discipline.,cement|chemicals|odour cargo
SHP-01388,delhi-ncr,AgroStar Consortium,Containerised export overflow,container export,Faridabad,Kundli,902,sea,3300,120,89,dry,5 d,79,backhaul,2026-10-18,2026-10-21,Sealed container feeder,79,29,per-tonne contract,37.1,7901000,10:00-14:00,75,42,209,53,,bulk export overflow,Best suited to feeder or port-linked consolidation.,loose perishable|fragile craft
SHP-01389,delhi-ncr,Spice Valley Consortium,Spice cartons,food-grade dry,Sonipat,Delhi,491,road,6100,120,88,ambient,48 h,79,premium,2026-10-04,2026-10-05,Food-grade dry van,76,32,per-trip contract,7.9,9675000,22:00-02:00,62,31,1,87,,ambient food exports,Compatible with packaged food when odour control is maintained.,cement|chemicals|odour cargo
SHP-01390,delhi-ncr,Tea Garden Foods,Spice cartons,food-grade dry,Sonipat,Panipat,494,road,6000,127,97,ambient,5 d,73,backhaul,2026-09-29,2026-09-30,Food-grade dry van,78,41,per-tonne contract,12.4,8913000,06:00-10:00,44,32,24,49,,ambient food exports,Compatible with packaged food when odour control is maintained.,cement|chemicals|odour cargo
SHP-01391,delhi-ncr,RetailLoop Export House,Containerised export overflow,container export,Manesar,Meerut,568,sea,2600,86,95,dry,6 d,89,contract,2026-09-21,2026-09-25,Sealed container feeder,80,42,per-trip contract,34.4,4635000,10:00-14:00,51,22,79,86,,bulk export overflow,Best suited to feeder or port-linked consolidation.,loose perishable|fragile craft
SHP-01392,delhi-ncr,Prime Forwarders,Medical devices,regulated devices,Sonipat,Panipat,35,air,22700,97,81,regulated,36 h,49,spot,2026-10-06,2026-10-08,Secure high-value air cargo,87,55,per-trip contract,8.5,2511000,10:00-14:00,40,56,54,72,SON-DEL/BOM gateway,regulated high-value urgent,Needs secure handling and documented custody.,cement|chemicals|unsealed food
SHP-01393,delhi-ncr,Bharat Foods,Durable snacks overflow,food-grade dry,Sonipat,Delhi,136,road,4700,96,87,ambient,60 h,39,contract,2026-10-11,2026-10-16,Food-grade dry van,74,19,SLA contract,9.7,1571000,14:00-22:00,57,11,6,57,,anchor-compatible FMCG overflow,Highly compatible with Britannia-style packaged food lanes.,cement|chemicals|wet cargo
SHP-01394,delhi-ncr,Swift Industries,Premium craft consignments,fragile craft,Gurugram,Greater Noida,302,staging,6700,71,86,fragile,24 h,43,premium,2026-10-23,2026-10-29,Padded box truck with staging buffer,83,5,per-tonne contract,19.3,9643000,06:00-10:00,91,39,13,64,,premium fragile exports,Needs gentle handling and staging protection.,cement|heavy machinery|wet cargo
SHP-01395,delhi-ncr,Horizon Industries,Textile bales,textile dry,Faridabad,Greater Noida,358,road,4500,159,92,dry,5 d,39,overflow,2026-10-18,2026-10-23,Dry van with moisture guard,82,9,per-trip contract,9.4,4642000,10:00-14:00,86,11,1,29,,dry industrial backhaul,Needs dry handling and moisture protection.,wet cargo|chemicals
SHP-01396,delhi-ncr,Metro Export House,Containerised export overflow,container export,Manesar,Greater Noida,244,sea,3500,202,94,dry,96 h,40,premium,2026-10-17,2026-10-18,Sealed container feeder,87,52,dedicated fleet,37.9,3832000,10:00-14:00,81,23,206,31,,bulk export overflow,Best suited to feeder or port-linked consolidation.,loose perishable|fragile craft
SHP-01397,delhi-ncr,Bharat Foods,Textile bales,textile dry,Faridabad,Greater Noida,145,road,4300,129,92,dry,48 h,89,return,2026-09-28,2026-10-04,Dry van with moisture guard,94,29,per-trip contract,14.9,2316000,14:00-22:00,66,14,32,8,,dry industrial backhaul,Needs dry handling and moisture protection.,wet cargo|chemicals
SHP-01398,delhi-ncr,Greenfield Forwarders,Reverse logistics parcels,parcel returns,Sonipat,Panipat,99,staging,5600,129,96,ambient,72 h,47,premium,2026-09-21,2026-09-22,Parcel cage vehicle,85,84,per-tonne contract,17.8,2653000,06:00-10:00,90,21,32,11,,reverse logistics,Works well in staged consolidation waves.,loose food|hazardous
SHP-01399,delhi-ncr,BluePeak Industries,Regulated pharma samples,regulated pharma,Ghaziabad,Meerut,34,air,30000,61,96,regulated,5 d,68,overflow,2026-10-25,2026-10-26,Validated secure pharma uplift,79,28,SLA contract,16.9,4166000,22:00-02:00,92,141,167,129,GHA-DEL/BOM gateway,regulated high-value urgent,Needs chain-of-custody and compliance clearance.,food|cement|chemicals|unsecured parcels
SHP-01400,delhi-ncr,Eastern Foods,Containerised export overflow,container export,Manesar,Panipat,916,sea,4000,180,86,dry,6 d,72,contract,2026-10-25,2026-10-27,Sealed container feeder,82,61,spot market,42.2,9341000,06:00-10:00,70,19,85,21,,bulk export overflow,Best suited to feeder or port-linked consolidation.,loose perishable|fragile craft
SHP-01401,central,Horizon Supply Co,Speciality ginger and citrus,fresh produce,Jabalpur,Pune,379,road,4800,105,89,chilled,24 h,56,return,2026-09-21,2026-09-27,Ventilated reefer truck,79,6,fixed monthly,27.4,8375000,06:00-10:00,47,12,4,15,,perishable agriculture,Requires food-safe handling and temperature discipline.,cement|chemicals|odour cargo
SHP-01402,central,Prime Consortium,Frozen bakery inputs,chilled food,Bilaspur,Pune,339,road,6600,203,90,chilled,6 d,97,premium,2026-10-03,2026-10-06,Reefer truck,70,51,per-tonne contract,29.4,4958000,14:00-22:00,92,26,24,84,,temperature-controlled food,Needs temperature-controlled carriage.,ambient dry cargo|cement|chemicals
SHP-01403,central,Prime Logistics,High value samples,secured samples,Akola,Hyderabad,9,air,28600,166,83,regulated,60 h,49,contract,2026-09-19,2026-09-20,Secure air cargo pouch,91,21,per-tonne contract,16.9,808000,06:00-10:00,65,74,59,340,AKO-DEL/BOM gateway,high-value urgent,Needs secure handling and tight handoff control.,bulk cargo|unsecured parcels
SHP-01404,central,BluePeak Consortium,Speciality ginger and citrus,fresh produce,Bhopal,Kolkata,641,road,6300,122,87,chilled,36 h,39,spot,2026-10-05,2026-10-11,Ventilated reefer truck,83,30,spot market,21.5,10967000,14:00-22:00,64,17,27,72,,perishable agriculture,Requires food-safe handling and temperature discipline.,cement|chemicals|odour cargo
SHP-01405,central,PortLink Industries,Bamboo panels and handicrafts,fragile craft,Bhopal,Nagpur,347,staging,5000,192,83,fragile,6 d,79,return,2026-10-12,2026-10-18,Padded box truck with staging buffer,92,13,per-trip contract,31.0,3885000,14:00-22:00,80,30,18,77,,fragile regional exports,Needs bracing and should avoid dusty or heavy loads.,cement|heavy machinery|wet cargo
SHP-01406,central,Prime Industries,Electronics returns,electronics,Indore,Pune,246,staging,8300,99,91,ambient,6 d,49,premium,2026-10-24,2026-10-26,Secure parcel truck,90,7,per-tonne contract,30.5,7873000,14:00-22:00,49,33,20,37,,high-value reverse logistics,"Needs dry, secure movement and claims control.",wet cargo|magnetic cargo|loose food
SHP-01407,central,Prime Distributors,Premium craft consignments,fragile craft,Indore,Delhi NCR,410,staging,7100,95,85,fragile,5 d,73,overflow,2026-10-17,2026-10-18,Padded box truck with staging buffer,95,14,fixed monthly,30.6,13575000,06:00-10:00,43,32,20,8,,premium fragile exports,Needs gentle handling and staging protection.,cement|heavy machinery|wet cargo
SHP-01408,central,Spice Valley Distributors,Coffee and cocoa sacks,food-grade dry,Raipur,Nagpur,707,sea,3000,14,85,dry,48 h,69,backhaul,2026-10-15,2026-10-17,Dry container with odour guard,81,83,per-trip contract,56.2,4792000,06:00-10:00,46,18,106,32,,bulk food export,Can consolidate with dry food cargo.,cement|chemicals|odour cargo
SHP-01409,central,BluePeak Export House,High value samples,secured samples,Akola,Delhi NCR,51,air,33200,175,92,regulated,12 h,93,premium,2026-10-16,2026-10-18,Secure air cargo pouch,82,43,per-tonne contract,11.2,6425000,10:00-14:00,39,83,220,86,AKO-DEL/BOM gateway,high-value urgent,Needs secure handling and tight handoff control.,bulk cargo|unsecured parcels
SHP-01410,central,BluePeak Forwarders,Packaged tea cartons,food-grade dry,Bhopal,Pune,136,road,4300,132,91,dry,6 d,24,overflow,2026-09-25,2026-09-29,Food-grade dry van,93,28,per-trip contract,25.5,1518000,06:00-10:00,64,24,23,35,,anchor-compatible FMCG backhaul,Can ride with packaged food and dry FMCG cargo.,cement|chemicals|hazardous
SHP-01411,central,CraftBridge Consortium,Premium craft consignments,fragile craft,Bilaspur,Pune,259,staging,8800,185,81,fragile,6 d,62,overflow,2026-10-23,2026-10-24,Padded box truck with staging buffer,97,55,fixed monthly,33.3,8326000,14:00-22:00,89,25,30,7,,premium fragile exports,Needs gentle handling and staging protection.,cement|heavy machinery|wet cargo
SHP-01412,central,Tea Garden Industries,Frozen bakery inputs,chilled food,Bhopal,Kolkata,96,road,7600,97,91,chilled,24 h,64,backhaul,2026-09-24,2026-09-26,Reefer truck,82,39,per-tonne contract,28.5,2960000,22:00-02:00,68,43,33,24,,temperature-controlled food,Needs temperature-controlled carriage.,ambient dry cargo|cement|chemicals
SHP-01413,central,Riverline Collective,Textile bales,textile dry,Indore,Hyderabad,267,road,3800,156,81,dry,48 h,43,return,2026-10-09,2026-10-14,Dry van with moisture guard,82,24,SLA contract,25.5,3500000,06:00-10:00,83,38,23,16,,dry industrial backhaul,Needs dry handling and moisture protection.,wet cargo|chemicals
SHP-01414,central,Spice Valley Foods,Speciality ginger and citrus,fresh produce,Bilaspur,Nagpur,214,road,6100,142,87,chilled,6 d,59,overflow,2026-10-11,2026-10-12,Ventilated reefer truck,85,48,fixed monthly,23.5,5725000,10:00-14:00,47,37,24,84,,perishable agriculture,Requires food-safe handling and temperature discipline.,cement|chemicals|odour cargo
SHP-01415,central,AgroStar Export House,Textile bales,textile dry,Akola,Nagpur,647,road,4000,91,83,dry,60 h,56,backhaul,2026-10-14,2026-10-20,Dry van with moisture guard,73,6,dedicated fleet,28.3,11064000,10:00-14:00,41,39,12,75,,dry industrial backhaul,Needs dry handling and moisture protection.,wet cargo|chemicals
SHP-01416,central,Spice Valley Foods,Spice cartons,food-grade dry,Bhopal,Ahmedabad,149,road,5700,95,84,ambient,36 h,66,contract,2026-10-04,2026-10-05,Food-grade dry van,98,42,SLA contract,21.8,3495000,10:00-14:00,82,31,13,77,,ambient food exports,Compatible with packaged food when odour control is maintained.,cement|chemicals|odour cargo
SHP-01417,central,Summit Forwarders,Durable snacks overflow,food-grade dry,Bilaspur,Kolkata,77,road,4400,130,99,ambient,5 d,81,contract,2026-10-12,2026-10-18,Food-grade dry van,89,32,SLA contract,25.7,1024000,10:00-14:00,81,28,0,24,,anchor-compatible FMCG overflow,Highly compatible with Britannia-style packaged food lanes.,cement|chemicals|wet cargo
SHP-01418,central,Bharat Collective,Speciality ginger and citrus,fresh produce,Jabalpur,Delhi NCR,206,road,5800,51,85,chilled,24 h,84,return,2026-10-18,2026-10-20,Ventilated reefer truck,85,34,per-trip contract,22.3,3784000,06:00-10:00,48,15,9,80,,perishable agriculture,Requires food-safe handling and temperature discipline.,cement|chemicals|odour cargo
SHP-01419,central,National Forwarders,Containerised export overflow,container export,Jabalpur,Nagpur,166,sea,2600,142,99,dry,96 h,80,return,2026-09-22,2026-09-28,Sealed container feeder,85,30,SLA contract,56.3,1557000,10:00-14:00,69,27,54,36,,bulk export overflow,Best suited to feeder or port-linked consolidation.,loose perishable|fragile craft
SHP-01420,central,CraftBridge Consortium,Premium craft consignments,fragile craft,Akola,Hyderabad,128,staging,7400,57,88,fragile,24 h,39,return,2026-10-07,2026-10-13,Padded box truck with staging buffer,91,71,fixed monthly,27.9,4132000,22:00-02:00,62,11,24,21,,premium fragile exports,Needs gentle handling and staging protection.,cement|heavy machinery|wet cargo
SHP-01421,central,Metro Supply Co,Spice cartons,food-grade dry,Bhopal,Kolkata,408,road,5800,148,93,ambient,96 h,48,premium,2026-10-31,2026-11-02,Food-grade dry van,96,17,per-tonne contract,29.6,10512000,22:00-02:00,64,22,31,2,,ambient food exports,Compatible with packaged food when odour control is maintained.,cement|chemicals|odour cargo
SHP-01422,central,AgroStar Consortium,Speciality ginger and citrus,fresh produce,Bhopal,Ahmedabad,469,road,6000,66,90,chilled,72 h,43,overflow,2026-10-20,2026-10-24,Ventilated reefer truck,75,16,SLA contract,23.0,7088000,14:00-22:00,54,37,15,48,,perishable agriculture,Requires food-safe handling and temperature discipline.,cement|chemicals|odour cargo
SHP-01423,central,Eastern Collective,Frozen bakery inputs,chilled food,Bhopal,Ahmedabad,424,road,7100,159,86,chilled,48 h,38,overflow,2026-10-24,2026-10-25,Reefer truck,74,40,per-trip contract,29.9,9564000,22:00-02:00,57,42,0,42,,temperature-controlled food,Needs temperature-controlled carriage.,ambient dry cargo|cement|chemicals
SHP-01424,central,PortLink Industries,Textile bales,textile dry,Raipur,Kolkata,385,road,3200,71,90,dry,60 h,56,spot,2026-10-09,2026-10-15,Dry van with moisture guard,88,62,fixed monthly,24.8,3050000,14:00-22:00,36,39,20,45,,dry industrial backhaul,Needs dry handling and moisture protection.,wet cargo|chemicals
SHP-01425,central,Metro Export House,Speciality ginger and citrus,fresh produce,Raipur,Nagpur,339,road,7600,142,93,chilled,48 h,33,backhaul,2026-10-05,2026-10-07,Ventilated reefer truck,72,58,SLA contract,28.6,9836000,06:00-10:00,63,23,10,68,,perishable agriculture,Requires food-safe handling and temperature discipline.,cement|chemicals|odour cargo
SHP-01426,central,Metro Collective,Packaged tea cartons,food-grade dry,Bilaspur,Kolkata,531,road,4900,48,91,dry,96 h,91,spot,2026-10-10,2026-10-11,Food-grade dry van,86,67,dedicated fleet,19.3,7589000,14:00-22:00,57,25,0,56,,anchor-compatible FMCG backhaul,Can ride with packaged food and dry FMCG cargo.,cement|chemicals|hazardous
SHP-01427,central,Tea Garden Forwarders,Durable snacks overflow,food-grade dry,Bilaspur,Nagpur,42,road,4600,106,78,ambient,96 h,58,spot,2026-10-30,2026-10-31,Food-grade dry van,86,52,per-trip contract,22.7,845000,22:00-02:00,88,43,11,39,,anchor-compatible FMCG overflow,Highly compatible with Britannia-style packaged food lanes.,cement|chemicals|wet cargo
SHP-01428,central,Tea Garden Export House,Bamboo panels and handicrafts,fragile craft,Akola,Kolkata,35,staging,5200,90,88,fragile,96 h,78,backhaul,2026-10-24,2026-10-28,Padded box truck with staging buffer,95,68,per-tonne contract,26.8,452000,14:00-22:00,92,24,17,43,,fragile regional exports,Needs bracing and should avoid dusty or heavy loads.,cement|heavy machinery|wet cargo
SHP-01429,central,AgroStar Foods,High value samples,secured samples,Akola,Pune,64,air,35500,155,90,regulated,96 h,34,overflow,2026-09-18,2026-09-19,Secure air cargo pouch,86,21,per-tonne contract,18.1,6004000,14:00-22:00,65,109,197,296,AKO-DEL/BOM gateway,high-value urgent,Needs secure handling and tight handoff control.,bulk cargo|unsecured parcels
SHP-01430,central,Swift Forwarders,Premium craft consignments,fragile craft,Akola,Kolkata,87,staging,5600,139,77,fragile,24 h,89,contract,2026-09-27,2026-09-29,Padded box truck with staging buffer,83,67,fixed monthly,28.1,2289000,14:00-22:00,63,45,33,34,,premium fragile exports,Needs gentle handling and staging protection.,cement|heavy machinery|wet cargo
SHP-01431,central,Bharat Industries,Spice cartons,food-grade dry,Bhopal,Delhi NCR,161,road,5500,125,86,ambient,96 h,72,overflow,2026-10-26,2026-10-30,Food-grade dry van,79,48,dedicated fleet,23.4,2863000,10:00-14:00,46,14,12,1,,ambient food exports,Compatible with packaged food when odour control is maintained.,cement|chemicals|odour cargo
SHP-01432,central,Eastern Trade Network,Reverse logistics parcels,parcel returns,Bilaspur,Pune,227,staging,5000,85,80,ambient,24 h,45,overflow,2026-09-16,2026-09-17,Parcel cage vehicle,77,13,SLA contract,32.7,4127000,06:00-10:00,87,31,12,70,,reverse logistics,Works well in staged consolidation waves.,loose food|hazardous
SHP-01433,central,Eastern Logistics,Durable snacks overflow,food-grade dry,Bhopal,Ahmedabad,678,road,4600,99,92,ambient,60 h,37,contract,2026-09-17,2026-09-19,Food-grade dry van,74,62,spot market,23.5,7937000,22:00-02:00,68,16,34,15,,anchor-compatible FMCG overflow,Highly compatible with Britannia-style packaged food lanes.,cement|chemicals|wet cargo
SHP-01434,central,Riverline Collective,Textile bales,textile dry,Indore,Nagpur,395,road,4200,42,81,dry,96 h,60,spot,2026-10-27,2026-10-29,Dry van with moisture guard,82,36,fixed monthly,25.3,3718000,22:00-02:00,43,29,24,36,,dry industrial backhaul,Needs dry handling and moisture protection.,wet cargo|chemicals
SHP-01435,central,Tea Garden Industries,Premium craft consignments,fragile craft,Indore,Hyderabad,124,staging,6300,110,83,fragile,36 h,80,contract,2026-09-16,2026-09-17,Padded box truck with staging buffer,79,31,fixed monthly,31.1,2690000,06:00-10:00,96,21,12,86,,premium fragile exports,Needs gentle handling and staging protection.,cement|heavy machinery|wet cargo
SHP-01436,central,Horizon Industries,Coffee and cocoa sacks,food-grade dry,Raipur,Kolkata,499,sea,2800,114,99,dry,24 h,80,backhaul,2026-09-24,2026-09-27,Dry container with odour guard,89,41,SLA contract,58.6,4072000,22:00-02:00,47,35,69,73,,bulk food export,Can consolidate with dry food cargo.,cement|chemicals|odour cargo
SHP-01437,central,Spice Valley Consortium,Premium craft consignments,fragile craft,Jabalpur,Hyderabad,378,staging,5700,12,85,fragile,48 h,33,return,2026-10-02,2026-10-08,Padded box truck with staging buffer,82,10,per-trip contract,25.9,9762000,22:00-02:00,48,19,9,5,,premium fragile exports,Needs gentle handling and staging protection.,cement|heavy machinery|wet cargo
SHP-01438,central,CraftBridge Consortium,Regulated pharma samples,regulated pharma,Raipur,Ahmedabad,45,air,21600,141,90,regulated,96 h,44,premium,2026-09-29,2026-10-01,Validated secure pharma uplift,88,24,fixed monthly,20.3,2817000,06:00-10:00,86,171,213,231,RAI-DEL/BOM gateway,regulated high-value urgent,Needs chain-of-custody and compliance clearance.,food|cement|chemicals|unsecured parcels
SHP-01439,central,Eastern Industries,Reverse logistics parcels,parcel returns,Raipur,Pune,111,staging,6800,119,77,ambient,36 h,60,spot,2026-09-28,2026-09-29,Parcel cage vehicle,81,37,per-tonne contract,31.2,3045000,14:00-22:00,81,21,29,32,,reverse logistics,Works well in staged consolidation waves.,loose food|hazardous
SHP-01440,central,Spice Valley Export House,Reverse logistics parcels,parcel returns,Bhopal,Hyderabad,147,staging,6400,132,83,ambient,96 h,78,backhaul,2026-09-29,2026-10-01,Parcel cage vehicle,82,46,per-trip contract,29.0,2766000,06:00-10:00,37,17,28,18,,reverse logistics,Works well in staged consolidation waves.,loose food|hazardous
SHP-01441,central,Riverline Trade Network,Medical devices,regulated devices,Raipur,Hyderabad,47,air,19800,33,86,regulated,5 d,79,overflow,2026-09-21,2026-09-23,Secure high-value air cargo,96,20,dedicated fleet,14.8,3603000,14:00-22:00,60,96,203,55,RAI-DEL/BOM gateway,regulated high-value urgent,Needs secure handling and documented custody.,cement|chemicals|unsealed food
SHP-01442,central,Bharat Logistics,Regulated pharma samples,regulated pharma,Bhopal,Ahmedabad,16,air,18600,136,83,regulated,12 h,89,spot,2026-10-02,2026-10-04,Validated secure pharma uplift,84,19,SLA contract,11.4,858000,14:00-22:00,76,159,127,110,BHO-DEL/BOM gateway,regulated high-value urgent,Needs chain-of-custody and compliance clearance.,food|cement|chemicals|unsecured parcels
SHP-01443,central,CraftBridge Consortium,Electronics returns,electronics,Jabalpur,Kolkata,249,staging,7000,130,83,ambient,72 h,64,spot,2026-10-24,2026-10-26,Secure parcel truck,75,28,fixed monthly,25.9,4780000,22:00-02:00,51,23,30,60,,high-value reverse logistics,"Needs dry, secure movement and claims control.",wet cargo|magnetic cargo|loose food
SHP-01444,central,Prime Trade Network,High value samples,secured samples,Indore,Pune,48,air,28300,229,90,regulated,96 h,69,return,2026-09-17,2026-09-18,Secure air cargo pouch,88,27,per-trip contract,20.6,4887000,10:00-14:00,86,180,211,132,IND-DEL/BOM gateway,high-value urgent,Needs secure handling and tight handoff control.,bulk cargo|unsecured parcels
SHP-01445,central,Summit Forwarders,High value samples,secured samples,Jabalpur,Pune,60,air,25300,127,88,regulated,12 h,89,return,2026-10-09,2026-10-10,Secure air cargo pouch,81,24,per-trip contract,19.0,5189000,22:00-02:00,79,64,213,358,JAB-DEL/BOM gateway,high-value urgent,Needs secure handling and tight handoff control.,bulk cargo|unsecured parcels
SHP-01446,central,CraftBridge Industries,Textile bales,textile dry,Bilaspur,Pune,664,road,3700,48,75,dry,96 h,49,spot,2026-10-24,2026-10-30,Dry van with moisture guard,88,43,per-trip contract,25.2,9196000,14:00-22:00,82,16,33,66,,dry industrial backhaul,Needs dry handling and moisture protection.,wet cargo|chemicals
SHP-01447,central,Tea Garden Collective,Medical devices,regulated devices,Raipur,Hyderabad,38,air,14100,118,88,regulated,5 d,54,overflow,2026-10-12,2026-10-14,Secure high-value air cargo,85,26,per-tonne contract,11.7,1421000,06:00-10:00,38,112,70,69,RAI-DEL/BOM gateway,regulated high-value urgent,Needs secure handling and documented custody.,cement|chemicals|unsealed food
SHP-01448,central,Spice Valley Trade Network,Electronics returns,electronics,Bilaspur,Hyderabad,297,staging,5200,137,97,ambient,36 h,74,contract,2026-10-26,2026-10-30,Secure parcel truck,90,16,SLA contract,31.4,6038000,10:00-14:00,53,40,31,9,,high-value reverse logistics,"Needs dry, secure movement and claims control.",wet cargo|magnetic cargo|loose food
SHP-01449,central,RetailLoop Foods,Bamboo panels and handicrafts,fragile craft,Bilaspur,Kolkata,74,staging,5400,45,76,fragile,72 h,76,spot,2026-10-31,2026-11-01,Padded box truck with staging buffer,95,77,SLA contract,27.2,1559000,06:00-10:00,92,34,33,75,,fragile regional exports,Needs bracing and should avoid dusty or heavy loads.,cement|heavy machinery|wet cargo
SHP-01450,central,Summit Forwarders,Containerised export overflow,container export,Jabalpur,Kolkata,754,sea,3700,113,90,dry,36 h,86,contract,2026-09-24,2026-09-28,Sealed container feeder,75,34,fixed monthly,54.4,9526000,14:00-22:00,60,18,163,54,,bulk export overflow,Best suited to feeder or port-linked consolidation.,loose perishable|fragile craft
SHP-01451,central,BluePeak Foods,Electronics returns,electronics,Bhopal,Ahmedabad,34,staging,5200,161,92,ambient,6 d,57,return,2026-10-15,2026-10-17,Secure parcel truck,84,40,SLA contract,27.3,740000,06:00-10:00,45,27,10,79,,high-value reverse logistics,"Needs dry, secure movement and claims control.",wet cargo|magnetic cargo|loose food
SHP-01452,central,Healthline Distributors,Reverse logistics parcels,parcel returns,Akola,Delhi NCR,320,staging,6600,105,92,ambient,72 h,60,spot,2026-10-13,2026-10-19,Parcel cage vehicle,81,61,fixed monthly,33.3,8626000,14:00-22:00,93,39,21,37,,reverse logistics,Works well in staged consolidation waves.,loose food|hazardous
SHP-01453,central,Metro Consortium,Regulated pharma samples,regulated pharma,Raipur,Pune,62,air,25500,99,87,regulated,24 h,63,backhaul,2026-09-16,2026-09-17,Validated secure pharma uplift,81,11,fixed monthly,17.7,7313000,06:00-10:00,64,164,221,61,RAI-DEL/BOM gateway,regulated high-value urgent,Needs chain-of-custody and compliance clearance.,food|cement|chemicals|unsecured parcels
SHP-01454,central,BluePeak Foods,Textile bales,textile dry,Raipur,Hyderabad,82,road,4700,135,83,dry,96 h,56,contract,2026-10-05,2026-10-06,Dry van with moisture guard,85,86,SLA contract,25.9,1257000,14:00-22:00,59,10,11,51,,dry industrial backhaul,Needs dry handling and moisture protection.,wet cargo|chemicals
SHP-01455,central,Swift Forwarders,Coffee and cocoa sacks,food-grade dry,Bhopal,Ahmedabad,961,sea,3800,85,80,dry,96 h,30,backhaul,2026-10-27,2026-10-29,Dry container with odour guard,80,20,per-trip contract,57.8,12087000,10:00-14:00,47,41,221,79,,bulk food export,Can consolidate with dry food cargo.,cement|chemicals|odour cargo
SHP-01456,central,AgroStar Industries,Spice cartons,food-grade dry,Jabalpur,Pune,707,road,4200,67,89,ambient,96 h,90,return,2026-09-17,2026-09-22,Food-grade dry van,76,33,fixed monthly,21.9,13267000,14:00-22:00,58,43,21,45,,ambient food exports,Compatible with packaged food when odour control is maintained.,cement|chemicals|odour cargo
SHP-01457,central,Bharat Collective,Durable snacks overflow,food-grade dry,Raipur,Delhi NCR,450,road,3300,61,87,ambient,5 d,53,overflow,2026-10-11,2026-10-15,Food-grade dry van,87,34,spot market,26.4,5620000,14:00-22:00,79,23,14,30,,anchor-compatible FMCG overflow,Highly compatible with Britannia-style packaged food lanes.,cement|chemicals|wet cargo
SHP-01458,central,Metro Distributors,Frozen bakery inputs,chilled food,Jabalpur,Kolkata,681,road,8100,67,88,chilled,96 h,38,premium,2026-09-30,2026-10-05,Reefer truck,80,39,fixed monthly,25.4,20941000,22:00-02:00,51,16,14,86,,temperature-controlled food,Needs temperature-controlled carriage.,ambient dry cargo|cement|chemicals
SHP-01459,central,Horizon Supply Co,Coffee and cocoa sacks,food-grade dry,Indore,Delhi NCR,120,sea,4100,64,98,dry,48 h,64,backhaul,2026-10-05,2026-10-11,Dry container with odour guard,77,25,SLA contract,55.1,2276000,22:00-02:00,79,17,105,36,,bulk food export,Can consolidate with dry food cargo.,cement|chemicals|odour cargo
SHP-01460,central,RetailLoop Collective,Containerised export overflow,container export,Jabalpur,Pune,914,sea,3200,168,71,dry,6 d,72,contract,2026-10-07,2026-10-08,Sealed container feeder,91,16,per-trip contract,54.9,12635000,14:00-22:00,100,36,227,50,,bulk export overflow,Best suited to feeder or port-linked consolidation.,loose perishable|fragile craft
SHP-01461,central,RetailLoop Trade Network,Spice cartons,food-grade dry,Akola,Kolkata,210,road,5800,108,82,ambient,5 d,60,overflow,2026-09-23,2026-09-28,Food-grade dry van,97,65,per-trip contract,25.9,5791000,22:00-02:00,73,41,9,67,,ambient food exports,Compatible with packaged food when odour control is maintained.,cement|chemicals|odour cargo
SHP-01462,central,Swift Foods,Containerised export overflow,container export,Raipur,Hyderabad,1152,sea,4400,195,82,dry,60 h,24,overflow,2026-09-19,2026-09-25,Sealed container feeder,72,7,SLA contract,55.8,17652000,22:00-02:00,83,22,162,82,,bulk export overflow,Best suited to feeder or port-linked consolidation.,loose perishable|fragile craft
SHP-01463,central,Spice Valley Forwarders,Reverse logistics parcels,parcel returns,Raipur,Delhi NCR,203,staging,5700,129,84,ambient,6 d,46,premium,2026-10-06,2026-10-07,Parcel cage vehicle,80,25,fixed monthly,29.1,3330000,10:00-14:00,56,35,1,59,,reverse logistics,Works well in staged consolidation waves.,loose food|hazardous
SHP-01464,central,PortLink Trade Network,High value samples,secured samples,Bilaspur,Pune,46,air,31200,118,91,regulated,96 h,34,spot,2026-10-30,2026-10-31,Secure air cargo pouch,86,21,per-trip contract,14.9,4735000,06:00-10:00,91,99,56,270,BIL-DEL/BOM gateway,high-value urgent,Needs secure handling and tight handoff control.,bulk cargo|unsecured parcels
SHP-01465,central,Prime Consortium,Packaged tea cartons,food-grade dry,Jabalpur,Delhi NCR,397,road,4000,192,98,dry,72 h,98,return,2026-10-21,2026-10-23,Food-grade dry van,82,11,SLA contract,27.1,4066000,22:00-02:00,85,45,19,57,,anchor-compatible FMCG backhaul,Can ride with packaged food and dry FMCG cargo.,cement|chemicals|hazardous
SHP-01466,central,Swift Supply Co,Speciality ginger and citrus,fresh produce,Raipur,Pune,208,road,6000,123,85,chilled,36 h,26,spot,2026-10-17,2026-10-20,Ventilated reefer truck,88,37,spot market,22.7,4732000,14:00-22:00,92,33,28,10,,perishable agriculture,Requires food-safe handling and temperature discipline.,cement|chemicals|odour cargo
SHP-01467,central,Horizon Logistics,Bamboo panels and handicrafts,fragile craft,Akola,Ahmedabad,73,staging,5100,76,95,fragile,60 h,43,premium,2026-10-17,2026-10-20,Padded box truck with staging buffer,85,56,per-trip contract,33.6,1615000,22:00-02:00,100,15,8,4,,fragile regional exports,Needs bracing and should avoid dusty or heavy loads.,cement|heavy machinery|wet cargo
SHP-01468,central,BluePeak Collective,Frozen bakery inputs,chilled food,Bilaspur,Kolkata,68,road,8700,144,85,chilled,60 h,38,spot,2026-10-04,2026-10-10,Reefer truck,86,73,per-tonne contract,23.0,1440000,10:00-14:00,95,17,34,16,,temperature-controlled food,Needs temperature-controlled carriage.,ambient dry cargo|cement|chemicals
SHP-01469,central,AgroStar Industries,Medical devices,regulated devices,Indore,Pune,19,air,16900,62,81,regulated,5 d,48,spot,2026-10-05,2026-10-06,Secure high-value air cargo,87,56,fixed monthly,15.5,1033000,10:00-14:00,76,60,188,325,IND-DEL/BOM gateway,regulated high-value urgent,Needs secure handling and documented custody.,cement|chemicals|unsealed food
SHP-01470,central,PortLink Foods,Premium craft consignments,fragile craft,Bilaspur,Pune,374,staging,6000,95,93,fragile,24 h,72,backhaul,2026-10-15,2026-10-21,Padded box truck with staging buffer,97,31,SLA contract,32.6,7877000,10:00-14:00,79,35,21,54,,premium fragile exports,Needs gentle handling and staging protection.,cement|heavy machinery|wet cargo
SHP-01471,central,Metro Supply Co,Spice cartons,food-grade dry,Bilaspur,Ahmedabad,446,road,4300,59,91,ambient,60 h,71,overflow,2026-10-16,2026-10-21,Food-grade dry van,89,64,SLA contract,21.6,5382000,10:00-14:00,66,39,31,64,,ambient food exports,Compatible with packaged food when odour control is maintained.,cement|chemicals|odour cargo
SHP-01472,central,AgroStar Forwarders,Durable snacks overflow,food-grade dry,Indore,Pune,237,road,4600,210,87,ambient,24 h,84,return,2026-10-07,2026-10-11,Food-grade dry van,84,70,per-tonne contract,30.2,4823000,10:00-14:00,85,34,28,19,,anchor-compatible FMCG overflow,Highly compatible with Britannia-style packaged food lanes.,cement|chemicals|wet cargo
SHP-01473,central,Tea Garden Foods,Coffee and cocoa sacks,food-grade dry,Raipur,Kolkata,726,sea,2800,92,79,dry,36 h,29,overflow,2026-10-22,2026-10-28,Dry container with odour guard,87,48,per-tonne contract,55.7,5308000,14:00-22:00,94,20,137,51,,bulk food export,Can consolidate with dry food cargo.,cement|chemicals|odour cargo
SHP-01474,central,Prime Industries,Packaged tea cartons,food-grade dry,Bilaspur,Hyderabad,591,road,4800,93,93,dry,96 h,50,overflow,2026-09-21,2026-09-23,Food-grade dry van,72,45,per-tonne contract,24.2,9707000,22:00-02:00,58,10,9,9,,anchor-compatible FMCG backhaul,Can ride with packaged food and dry FMCG cargo.,cement|chemicals|hazardous
SHP-01475,central,Healthline Forwarders,Bamboo panels and handicrafts,fragile craft,Jabalpur,Ahmedabad,384,staging,4700,73,81,fragile,96 h,69,backhaul,2026-10-08,2026-10-10,Padded box truck with staging buffer,86,54,per-tonne contract,26.3,7048000,22:00-02:00,65,23,32,0,,fragile regional exports,Needs bracing and should avoid dusty or heavy loads.,cement|heavy machinery|wet cargo
SHP-01476,central,RetailLoop Foods,High value samples,secured samples,Raipur,Kolkata,48,air,34500,44,83,regulated,12 h,92,return,2026-09-30,2026-10-01,Secure air cargo pouch,74,25,per-trip contract,19.2,4290000,10:00-14:00,91,50,224,256,RAI-DEL/BOM gateway,high-value urgent,Needs secure handling and tight handoff control.,bulk cargo|unsecured parcels
SHP-01477,central,Riverline Industries,Spice cartons,food-grade dry,Raipur,Delhi NCR,520,road,4800,141,95,ambient,24 h,73,contract,2026-10-05,2026-10-11,Food-grade dry van,88,22,per-tonne contract,26.7,11532000,14:00-22:00,59,12,22,31,,ambient food exports,Compatible with packaged food when odour control is maintained.,cement|chemicals|odour cargo
SHP-01478,central,National Export House,Durable snacks overflow,food-grade dry,Bilaspur,Nagpur,364,road,3700,41,78,ambient,48 h,24,return,2026-10-16,2026-10-19,Food-grade dry van,86,33,dedicated fleet,22.4,2969000,14:00-22:00,39,21,23,80,,anchor-compatible FMCG overflow,Highly compatible with Britannia-style packaged food lanes.,cement|chemicals|wet cargo
SHP-01479,central,Summit Export House,High value samples,secured samples,Jabalpur,Ahmedabad,62,air,29800,78,86,regulated,72 h,34,premium,2026-10-31,2026-11-01,Secure air cargo pouch,79,31,spot market,15.0,5081000,14:00-22:00,50,54,203,193,JAB-DEL/BOM gateway,high-value urgent,Needs secure handling and tight handoff control.,bulk cargo|unsecured parcels
SHP-01480,central,Riverline Collective,Regulated pharma samples,regulated pharma,Jabalpur,Nagpur,61,air,20300,53,80,regulated,12 h,95,contract,2026-10-02,2026-10-03,Validated secure pharma uplift,86,48,dedicated fleet,16.5,4760000,06:00-10:00,48,167,72,116,JAB-DEL/BOM gateway,regulated high-value urgent,Needs chain-of-custody and compliance clearance.,food|cement|chemicals|unsecured parcels
SHP-01481,central,Metro Collective,Bamboo panels and handicrafts,fragile craft,Raipur,Hyderabad,104,staging,5200,211,87,fragile,24 h,30,premium,2026-10-24,2026-10-29,Padded box truck with staging buffer,85,22,per-trip contract,31.4,2421000,14:00-22:00,55,13,22,38,,fragile regional exports,Needs bracing and should avoid dusty or heavy loads.,cement|heavy machinery|wet cargo
SHP-01482,central,AgroStar Consortium,Reverse logistics parcels,parcel returns,Jabalpur,Kolkata,360,staging,6000,98,81,ambient,72 h,74,spot,2026-10-03,2026-10-08,Parcel cage vehicle,86,21,per-trip contract,28.2,5272000,14:00-22:00,64,24,33,46,,reverse logistics,Works well in staged consolidation waves.,loose food|hazardous
SHP-01483,central,Healthline Consortium,Coffee and cocoa sacks,food-grade dry,Indore,Pune,283,sea,3900,51,90,dry,5 d,77,return,2026-10-14,2026-10-19,Dry container with odour guard,75,15,fixed monthly,54.7,4637000,22:00-02:00,81,30,157,38,,bulk food export,Can consolidate with dry food cargo.,cement|chemicals|odour cargo
SHP-01484,central,RetailLoop Supply Co,Reverse logistics parcels,parcel returns,Akola,Delhi NCR,140,staging,6900,164,98,ambient,60 h,96,backhaul,2026-10-11,2026-10-13,Parcel cage vehicle,97,28,fixed monthly,31.9,3780000,14:00-22:00,98,15,19,54,,reverse logistics,Works well in staged consolidation waves.,loose food|hazardous
SHP-01485,central,AgroStar Supply Co,Speciality ginger and citrus,fresh produce,Indore,Hyderabad,99,road,7400,215,73,chilled,5 d,82,backhaul,2026-10-21,2026-10-25,Ventilated reefer truck,79,29,SLA contract,30.6,3136000,10:00-14:00,53,34,22,80,,perishable agriculture,Requires food-safe handling and temperature discipline.,cement|chemicals|odour cargo
SHP-01486,central,Metro Logistics,Textile bales,textile dry,Raipur,Nagpur,238,road,4400,184,73,dry,5 d,42,spot,2026-09-30,2026-10-02,Dry van with moisture guard,80,30,fixed monthly,25.2,4480000,06:00-10:00,60,10,22,45,,dry industrial backhaul,Needs dry handling and moisture protection.,wet cargo|chemicals
SHP-01487,central,Horizon Export House,Bamboo panels and handicrafts,fragile craft,Akola,Hyderabad,388,staging,6800,119,87,fragile,72 h,71,premium,2026-10-07,2026-10-11,Padded box truck with staging buffer,87,49,fixed monthly,33.6,10200000,10:00-14:00,80,24,18,65,,fragile regional exports,Needs bracing and should avoid dusty or heavy loads.,cement|heavy machinery|wet cargo
SHP-01488,central,Bharat Industries,Coffee and cocoa sacks,food-grade dry,Bhopal,Ahmedabad,1086,sea,3200,74,92,dry,72 h,52,contract,2026-10-21,2026-10-24,Dry container with odour guard,88,45,SLA contract,52.5,14074000,06:00-10:00,40,28,167,18,,bulk food export,Can consolidate with dry food cargo.,cement|chemicals|odour cargo
SHP-01489,central,National Logistics,High value samples,secured samples,Bilaspur,Delhi NCR,67,air,37700,138,82,regulated,12 h,93,backhaul,2026-10-28,2026-10-29,Secure air cargo pouch,80,7,per-tonne contract,8.0,7136000,10:00-14:00,65,76,96,70,BIL-DEL/BOM gateway,high-value urgent,Needs secure handling and tight handoff control.,bulk cargo|unsecured parcels
SHP-01490,central,Tea Garden Logistics,Bamboo panels and handicrafts,fragile craft,Bilaspur,Pune,372,staging,4200,80,88,fragile,96 h,55,contract,2026-09-18,2026-09-19,Padded box truck with staging buffer,78,85,per-trip contract,27.0,4456000,14:00-22:00,61,19,13,58,,fragile regional exports,Needs bracing and should avoid dusty or heavy loads.,cement|heavy machinery|wet cargo
SHP-01491,central,National Forwarders,Frozen bakery inputs,chilled food,Bhopal,Pune,281,road,7100,51,79,chilled,5 d,34,backhaul,2026-10-24,2026-10-30,Reefer truck,87,66,fixed monthly,19.6,7968000,10:00-14:00,92,42,35,56,,temperature-controlled food,Needs temperature-controlled carriage.,ambient dry cargo|cement|chemicals
SHP-01492,central,Riverline Logistics,Regulated pharma samples,regulated pharma,Bilaspur,Nagpur,26,air,16200,73,87,regulated,96 h,49,backhaul,2026-10-08,2026-10-09,Validated secure pharma uplift,86,64,spot market,14.5,1032000,10:00-14:00,69,121,91,280,BIL-DEL/BOM gateway,regulated high-value urgent,Needs chain-of-custody and compliance clearance.,food|cement|chemicals|unsecured parcels
SHP-01493,central,Tea Garden Export House,Bamboo panels and handicrafts,fragile craft,Bhopal,Kolkata,364,staging,4600,238,86,fragile,6 d,87,overflow,2026-10-15,2026-10-18,Padded box truck with staging buffer,91,29,per-trip contract,31.8,7051000,06:00-10:00,93,39,23,6,,fragile regional exports,Needs bracing and should avoid dusty or heavy loads.,cement|heavy machinery|wet cargo
SHP-01494,central,National Supply Co,High value samples,secured samples,Indore,Nagpur,18,air,36800,133,77,regulated,72 h,24,backhaul,2026-10-01,2026-10-02,Secure air cargo pouch,82,49,SLA contract,14.6,2875000,10:00-14:00,75,57,50,67,IND-DEL/BOM gateway,high-value urgent,Needs secure handling and tight handoff control.,bulk cargo|unsecured parcels
SHP-01495,central,Swift Consortium,Regulated pharma samples,regulated pharma,Bhopal,Pune,33,air,13100,125,92,regulated,5 d,41,spot,2026-10-31,2026-11-01,Validated secure pharma uplift,70,21,SLA contract,17.3,1171000,10:00-14:00,63,101,77,332,BHO-DEL/BOM gateway,regulated high-value urgent,Needs chain-of-custody and compliance clearance.,food|cement|chemicals|unsecured parcels
SHP-01496,central,Bharat Collective,Regulated pharma samples,regulated pharma,Bhopal,Delhi NCR,39,air,24800,67,88,regulated,12 h,87,spot,2026-10-20,2026-10-21,Validated secure pharma uplift,86,41,per-tonne contract,11.4,3611000,22:00-02:00,83,48,125,75,BHO-DEL/BOM gateway,regulated high-value urgent,Needs chain-of-custody and compliance clearance.,food|cement|chemicals|unsecured parcels
SHP-01497,central,Tea Garden Foods,Regulated pharma samples,regulated pharma,Raipur,Hyderabad,22,air,21200,157,85,regulated,72 h,47,contract,2026-10-17,2026-10-18,Validated secure pharma uplift,88,37,SLA contract,15.0,1432000,14:00-22:00,72,101,219,118,RAI-DEL/BOM gateway,regulated high-value urgent,Needs chain-of-custody and compliance clearance.,food|cement|chemicals|unsecured parcels
SHP-01498,central,Bharat Supply Co,Regulated pharma samples,regulated pharma,Jabalpur,Hyderabad,7,air,26200,178,82,regulated,5 d,49,backhaul,2026-09-20,2026-09-21,Validated secure pharma uplift,82,26,per-tonne contract,16.3,836000,22:00-02:00,76,100,236,161,JAB-DEL/BOM gateway,regulated high-value urgent,Needs chain-of-custody and compliance clearance.,food|cement|chemicals|unsecured parcels
SHP-01499,central,Prime Foods,Medical devices,regulated devices,Bhopal,Hyderabad,20,air,24600,65,97,regulated,24 h,29,spot,2026-10-16,2026-10-17,Secure high-value air cargo,77,25,per-trip contract,11.8,1605000,10:00-14:00,69,100,41,267,BHO-DEL/BOM gateway,regulated high-value urgent,Needs secure handling and documented custody.,cement|chemicals|unsealed food
SHP-01500,central,Spice Valley Forwarders,Frozen bakery inputs,chilled food,Indore,Hyderabad,277,road,8000,54,81,chilled,24 h,93,return,2026-10-04,2026-10-08,Reefer truck,93,17,per-trip contract,24.5,6429000,10:00-14:00,67,40,18,39,,temperature-controlled food,Needs temperature-controlled carriage.,ambient dry cargo|cement|chemicals
SHP-01501,central,Spice Valley Trade Network,Regulated pharma samples,regulated pharma,Indore,Kolkata,6,air,29500,181,98,regulated,72 h,61,contract,2026-09-30,2026-10-02,Validated secure pharma uplift,81,32,dedicated fleet,13.7,696000,10:00-14:00,54,120,40,167,IND-DEL/BOM gateway,regulated high-value urgent,Needs chain-of-custody and compliance clearance.,food|cement|chemicals|unsecured parcels
SHP-01502,central,AgroStar Supply Co,Textile bales,textile dry,Jabalpur,Delhi NCR,663,road,4600,170,93,dry,24 h,52,spot,2026-10-17,2026-10-22,Dry van with moisture guard,91,51,per-trip contract,28.7,14438000,10:00-14:00,67,10,34,78,,dry industrial backhaul,Needs dry handling and moisture protection.,wet cargo|chemicals
SHP-01503,central,BluePeak Supply Co,Durable snacks overflow,food-grade dry,Bilaspur,Delhi NCR,525,road,4500,96,96,ambient,96 h,54,overflow,2026-10-31,2026-11-06,Food-grade dry van,86,69,spot market,22.8,9370000,10:00-14:00,71,24,29,70,,anchor-compatible FMCG overflow,Highly compatible with Britannia-style packaged food lanes.,cement|chemicals|wet cargo
SHP-01504,central,Eastern Industries,Speciality ginger and citrus,fresh produce,Akola,Nagpur,697,road,4600,53,87,chilled,6 d,28,premium,2026-10-20,2026-10-21,Ventilated reefer truck,84,37,fixed monthly,26.4,10798000,22:00-02:00,46,18,1,57,,perishable agriculture,Requires food-safe handling and temperature discipline.,cement|chemicals|odour cargo
SHP-01505,central,National Logistics,Speciality ginger and citrus,fresh produce,Raipur,Ahmedabad,547,road,5600,93,90,chilled,72 h,90,return,2026-10-09,2026-10-11,Ventilated reefer truck,86,88,dedicated fleet,24.9,8016000,10:00-14:00,93,10,35,39,,perishable agriculture,Requires food-safe handling and temperature discipline.,cement|chemicals|odour cargo
SHP-01506,central,Summit Logistics,Electronics returns,electronics,Raipur,Delhi NCR,340,staging,8200,87,99,ambient,60 h,86,return,2026-10-22,2026-10-24,Secure parcel truck,80,13,per-trip contract,29.4,11784000,14:00-22:00,73,41,7,20,,high-value reverse logistics,"Needs dry, secure movement and claims control.",wet cargo|magnetic cargo|loose food
SHP-01507,central,Healthline Forwarders,Electronics returns,electronics,Jabalpur,Delhi NCR,287,staging,6900,162,81,ambient,24 h,71,spot,2026-10-13,2026-10-14,Secure parcel truck,82,67,per-tonne contract,29.2,8021000,14:00-22:00,38,30,6,15,,high-value reverse logistics,"Needs dry, secure movement and claims control.",wet cargo|magnetic cargo|loose food
SHP-01508,central,Riverline Industries,Medical devices,regulated devices,Bhopal,Pune,42,air,24300,91,90,regulated,12 h,92,overflow,2026-09-22,2026-09-23,Secure high-value air cargo,79,20,SLA contract,15.1,3554000,10:00-14:00,82,118,94,98,BHO-DEL/BOM gateway,regulated high-value urgent,Needs secure handling and documented custody.,cement|chemicals|unsealed food
SHP-01509,central,RetailLoop Foods,Speciality ginger and citrus,fresh produce,Bhopal,Ahmedabad,258,road,6100,203,89,chilled,6 d,61,return,2026-10-08,2026-10-14,Ventilated reefer truck,96,17,per-trip contract,28.1,3589000,22:00-02:00,68,27,0,53,,perishable agriculture,Requires food-safe handling and temperature discipline.,cement|chemicals|odour cargo
SHP-01510,central,National Industries,Spice cartons,food-grade dry,Indore,Pune,344,road,6000,56,81,ambient,5 d,45,premium,2026-10-25,2026-10-31,Food-grade dry van,86,19,per-tonne contract,21.8,5403000,06:00-10:00,75,31,23,79,,ambient food exports,Compatible with packaged food when odour control is maintained.,cement|chemicals|odour cargo
SHP-01511,central,Riverline Trade Network,Electronics returns,electronics,Raipur,Kolkata,234,staging,5200,150,83,ambient,96 h,79,overflow,2026-10-13,2026-10-17,Secure parcel truck,86,71,SLA contract,33.8,4454000,06:00-10:00,75,40,31,3,,high-value reverse logistics,"Needs dry, secure movement and claims control.",wet cargo|magnetic cargo|loose food
SHP-01512,central,Greenfield Trade Network,Frozen bakery inputs,chilled food,Bhopal,Ahmedabad,422,road,8900,144,93,chilled,36 h,74,contract,2026-10-24,2026-10-28,Reefer truck,82,59,per-trip contract,23.0,12244000,22:00-02:00,78,43,13,80,,temperature-controlled food,Needs temperature-controlled carriage.,ambient dry cargo|cement|chemicals
SHP-01513,central,Swift Forwarders,Coffee and cocoa sacks,food-grade dry,Jabalpur,Ahmedabad,194,sea,4200,80,94,dry,24 h,29,contract,2026-10-01,2026-10-04,Dry container with odour guard,89,15,dedicated fleet,57.2,2093000,22:00-02:00,95,25,31,4,,bulk food export,Can consolidate with dry food cargo.,cement|chemicals|odour cargo
SHP-01514,central,Riverline Industries,Electronics returns,electronics,Raipur,Ahmedabad,125,staging,8100,168,91,ambient,6 d,37,premium,2026-10-21,2026-10-23,Secure parcel truck,85,29,fixed monthly,30.0,4544000,06:00-10:00,81,45,7,59,,high-value reverse logistics,"Needs dry, secure movement and claims control.",wet cargo|magnetic cargo|loose food
SHP-01515,central,Eastern Export House,Packaged tea cartons,food-grade dry,Jabalpur,Delhi NCR,452,road,4600,71,81,dry,24 h,73,backhaul,2026-10-03,2026-10-04,Food-grade dry van,87,36,SLA contract,24.7,6785000,06:00-10:00,46,37,25,76,,anchor-compatible FMCG backhaul,Can ride with packaged food and dry FMCG cargo.,cement|chemicals|hazardous
SHP-01516,central,Tea Garden Forwarders,Frozen bakery inputs,chilled food,Bhopal,Ahmedabad,526,road,6200,129,80,chilled,24 h,43,contract,2026-10-24,2026-10-28,Reefer truck,83,54,per-trip contract,25.7,9606000,06:00-10:00,98,16,15,83,,temperature-controlled food,Needs temperature-controlled carriage.,ambient dry cargo|cement|chemicals
SHP-01517,central,Prime Supply Co,Electronics returns,electronics,Bilaspur,Kolkata,398,staging,6200,186,89,ambient,36 h,51,premium,2026-09-29,2026-09-30,Secure parcel truck,81,79,per-tonne contract,30.7,11340000,14:00-22:00,86,26,6,20,,high-value reverse logistics,"Needs dry, secure movement and claims control.",wet cargo|magnetic cargo|loose food
SHP-01518,central,AgroStar Consortium,Speciality ginger and citrus,fresh produce,Bilaspur,Ahmedabad,216,road,7100,67,77,chilled,36 h,40,spot,2026-10-29,2026-11-04,Ventilated reefer truck,89,24,fixed monthly,25.4,5800000,06:00-10:00,75,12,24,38,,perishable agriculture,Requires food-safe handling and temperature discipline.,cement|chemicals|odour cargo
SHP-01519,central,Greenfield Industries,Reverse logistics parcels,parcel returns,Akola,Pune,201,staging,5800,75,86,ambient,5 d,81,return,2026-09-27,2026-10-01,Parcel cage vehicle,80,21,fixed monthly,33.6,4457000,22:00-02:00,44,18,5,66,,reverse logistics,Works well in staged consolidation waves.,loose food|hazardous
SHP-01520,central,Greenfield Export House,Spice cartons,food-grade dry,Bilaspur,Pune,473,road,6000,129,92,ambient,24 h,34,spot,2026-10-27,2026-10-29,Food-grade dry van,88,60,per-trip contract,23.0,10605000,14:00-22:00,48,39,1,70,,ambient food exports,Compatible with packaged food when odour control is maintained.,cement|chemicals|odour cargo
SHP-01521,central,Metro Forwarders,Bamboo panels and handicrafts,fragile craft,Indore,Hyderabad,171,staging,4600,151,72,fragile,60 h,66,backhaul,2026-09-25,2026-09-29,Padded box truck with staging buffer,88,70,spot market,33.5,2945000,22:00-02:00,90,15,35,33,,fragile regional exports,Needs bracing and should avoid dusty or heavy loads.,cement|heavy machinery|wet cargo
SHP-01522,central,Greenfield Consortium,Bamboo panels and handicrafts,fragile craft,Indore,Nagpur,224,staging,6800,75,81,fragile,5 d,45,return,2026-09-20,2026-09-23,Padded box truck with staging buffer,78,37,spot market,31.3,6238000,14:00-22:00,79,43,6,76,,fragile regional exports,Needs bracing and should avoid dusty or heavy loads.,cement|heavy machinery|wet cargo
SHP-01523,central,Tea Garden Consortium,Packaged tea cartons,food-grade dry,Bilaspur,Hyderabad,482,road,3600,115,80,dry,24 h,82,overflow,2026-10-08,2026-10-14,Food-grade dry van,85,41,per-tonne contract,28.9,5625000,14:00-22:00,77,30,33,19,,anchor-compatible FMCG backhaul,Can ride with packaged food and dry FMCG cargo.,cement|chemicals|hazardous
SHP-01524,central,Riverline Logistics,Reverse logistics parcels,parcel returns,Indore,Kolkata,207,staging,5100,219,87,ambient,5 d,81,overflow,2026-09-17,2026-09-18,Parcel cage vehicle,84,7,SLA contract,29.8,4858000,14:00-22:00,87,23,31,53,,reverse logistics,Works well in staged consolidation waves.,loose food|hazardous
SHP-01525,central,Eastern Trade Network,Packaged tea cartons,food-grade dry,Indore,Hyderabad,266,road,4400,92,90,dry,96 h,67,return,2026-09-16,2026-09-22,Food-grade dry van,70,37,per-tonne contract,22.4,5467000,14:00-22:00,98,24,6,10,,anchor-compatible FMCG backhaul,Can ride with packaged food and dry FMCG cargo.,cement|chemicals|hazardous
SHP-01526,central,RetailLoop Export House,Containerised export overflow,container export,Bilaspur,Ahmedabad,660,sea,2800,161,90,dry,60 h,90,return,2026-10-19,2026-10-22,Sealed container feeder,72,57,SLA contract,58.0,8018000,14:00-22:00,86,25,110,67,,bulk export overflow,Best suited to feeder or port-linked consolidation.,loose perishable|fragile craft
SHP-01527,central,Tea Garden Industries,Packaged tea cartons,food-grade dry,Bhopal,Nagpur,115,road,5400,117,88,dry,60 h,72,spot,2026-10-18,2026-10-24,Food-grade dry van,85,17,dedicated fleet,29.1,1844000,14:00-22:00,42,11,18,42,,anchor-compatible FMCG backhaul,Can ride with packaged food and dry FMCG cargo.,cement|chemicals|hazardous
SHP-01528,central,CraftBridge Supply Co,Coffee and cocoa sacks,food-grade dry,Jabalpur,Hyderabad,700,sea,3300,18,71,dry,5 d,96,return,2026-10-20,2026-10-21,Dry container with odour guard,87,61,per-tonne contract,58.9,6085000,22:00-02:00,84,12,229,89,,bulk food export,Can consolidate with dry food cargo.,cement|chemicals|odour cargo
SHP-01529,central,CraftBridge Forwarders,Electronics returns,electronics,Raipur,Nagpur,221,staging,5700,91,82,ambient,48 h,92,overflow,2026-09-24,2026-09-28,Secure parcel truck,75,70,per-trip contract,32.9,4541000,10:00-14:00,59,20,29,72,,high-value reverse logistics,"Needs dry, secure movement and claims control.",wet cargo|magnetic cargo|loose food
SHP-01530,central,Tea Garden Collective,Medical devices,regulated devices,Bhopal,Kolkata,49,air,16300,105,86,regulated,60 h,62,backhaul,2026-10-15,2026-10-17,Secure high-value air cargo,69,53,dedicated fleet,17.5,2633000,22:00-02:00,94,69,105,173,BHO-DEL/BOM gateway,regulated high-value urgent,Needs secure handling and documented custody.,cement|chemicals|unsealed food
SHP-01531,central,Summit Consortium,Packaged tea cartons,food-grade dry,Indore,Delhi NCR,288,road,5100,52,81,dry,36 h,87,backhaul,2026-10-31,2026-11-06,Food-grade dry van,96,32,per-tonne contract,25.9,3607000,22:00-02:00,92,12,8,77,,anchor-compatible FMCG backhaul,Can ride with packaged food and dry FMCG cargo.,cement|chemicals|hazardous
SHP-01532,central,PortLink Distributors,Medical devices,regulated devices,Akola,Nagpur,52,air,21400,84,85,regulated,5 d,71,return,2026-10-15,2026-10-17,Secure high-value air cargo,88,11,spot market,13.9,3759000,10:00-14:00,49,68,31,145,AKO-DEL/BOM gateway,regulated high-value urgent,Needs secure handling and documented custody.,cement|chemicals|unsealed food
SHP-01533,central,National Foods,Regulated pharma samples,regulated pharma,Jabalpur,Ahmedabad,31,air,21700,40,85,regulated,60 h,71,return,2026-09-23,2026-09-24,Validated secure pharma uplift,93,72,spot market,8.2,1888000,22:00-02:00,59,54,34,92,JAB-DEL/BOM gateway,regulated high-value urgent,Needs chain-of-custody and compliance clearance.,food|cement|chemicals|unsecured parcels
SHP-01534,central,Bharat Supply Co,Durable snacks overflow,food-grade dry,Akola,Delhi NCR,136,road,3500,35,91,ambient,48 h,36,overflow,2026-10-05,2026-10-11,Food-grade dry van,71,26,per-tonne contract,20.9,1061000,14:00-22:00,92,23,25,2,,anchor-compatible FMCG overflow,Highly compatible with Britannia-style packaged food lanes.,cement|chemicals|wet cargo
SHP-01535,central,BluePeak Foods,Textile bales,textile dry,Bilaspur,Hyderabad,667,road,3600,72,79,dry,72 h,76,backhaul,2026-10-30,2026-11-01,Dry van with moisture guard,91,32,dedicated fleet,26.2,7022000,22:00-02:00,82,14,16,62,,dry industrial backhaul,Needs dry handling and moisture protection.,wet cargo|chemicals
SHP-01536,central,Horizon Export House,Spice cartons,food-grade dry,Jabalpur,Kolkata,490,road,4300,75,95,ambient,72 h,30,return,2026-09-18,2026-09-21,Food-grade dry van,99,1,per-tonne contract,20.9,8897000,14:00-22:00,68,18,10,65,,ambient food exports,Compatible with packaged food when odour control is maintained.,cement|chemicals|odour cargo
SHP-01537,central,Riverline Forwarders,High value samples,secured samples,Jabalpur,Pune,17,air,26800,93,99,regulated,6 d,63,backhaul,2026-10-30,2026-10-31,Secure air cargo pouch,92,21,per-tonne contract,11.2,1575000,10:00-14:00,82,160,158,81,JAB-DEL/BOM gateway,high-value urgent,Needs secure handling and tight handoff control.,bulk cargo|unsecured parcels
SHP-01538,central,CraftBridge Forwarders,Electronics returns,electronics,Akola,Kolkata,300,staging,7500,40,73,ambient,48 h,38,premium,2026-10-13,2026-10-14,Secure parcel truck,86,18,per-trip contract,33.3,5409000,10:00-14:00,53,18,34,57,,high-value reverse logistics,"Needs dry, secure movement and claims control.",wet cargo|magnetic cargo|loose food
SHP-01539,central,RetailLoop Consortium,Medical devices,regulated devices,Jabalpur,Delhi NCR,61,air,17700,149,83,regulated,5 d,62,backhaul,2026-09-29,2026-10-01,Secure high-value air cargo,77,74,spot market,15.8,4167000,10:00-14:00,60,141,52,348,JAB-DEL/BOM gateway,regulated high-value urgent,Needs secure handling and documented custody.,cement|chemicals|unsealed food
SHP-01540,central,Metro Distributors,Medical devices,regulated devices,Raipur,Ahmedabad,45,air,18200,148,79,regulated,48 h,66,contract,2026-10-12,2026-10-14,Secure high-value air cargo,76,48,per-trip contract,13.9,3365000,22:00-02:00,54,168,122,170,RAI-DEL/BOM gateway,regulated high-value urgent,Needs secure handling and documented custody.,cement|chemicals|unsealed food
SHP-01541,central,RetailLoop Trade Network,Bamboo panels and handicrafts,fragile craft,Bhopal,Ahmedabad,78,staging,6900,126,92,fragile,60 h,33,spot,2026-10-07,2026-10-13,Padded box truck with staging buffer,80,14,SLA contract,26.3,1465000,10:00-14:00,40,21,3,53,,fragile regional exports,Needs bracing and should avoid dusty or heavy loads.,cement|heavy machinery|wet cargo
SHP-01542,central,Swift Consortium,Medical devices,regulated devices,Jabalpur,Kolkata,41,air,15000,79,83,regulated,12 h,93,premium,2026-10-16,2026-10-17,Secure high-value air cargo,79,22,spot market,16.8,1931000,10:00-14:00,42,84,212,69,JAB-DEL/BOM gateway,regulated high-value urgent,Needs secure handling and documented custody.,cement|chemicals|unsealed food
SHP-01543,central,Tea Garden Logistics,Coffee and cocoa sacks,food-grade dry,Jabalpur,Ahmedabad,505,sea,4200,90,81,dry,6 d,68,backhaul,2026-09-22,2026-09-28,Dry container with odour guard,77,40,per-tonne contract,56.7,6044000,10:00-14:00,99,37,69,18,,bulk food export,Can consolidate with dry food cargo.,cement|chemicals|odour cargo
SHP-01544,central,RetailLoop Export House,Premium craft consignments,fragile craft,Bhopal,Ahmedabad,87,staging,5600,91,80,fragile,72 h,32,contract,2026-10-07,2026-10-11,Padded box truck with staging buffer,84,57,per-trip contract,31.6,1573000,06:00-10:00,84,25,9,63,,premium fragile exports,Needs gentle handling and staging protection.,cement|heavy machinery|wet cargo
SHP-01545,central,PortLink Industries,Containerised export overflow,container export,Bhopal,Ahmedabad,1124,sea,3200,177,81,dry,5 d,45,return,2026-10-21,2026-10-24,Sealed container feeder,75,41,spot market,55.7,8871000,10:00-14:00,47,28,143,29,,bulk export overflow,Best suited to feeder or port-linked consolidation.,loose perishable|fragile craft
SHP-01546,central,Summit Industries,Frozen bakery inputs,chilled food,Jabalpur,Pune,478,road,8200,24,90,chilled,24 h,29,backhaul,2026-10-10,2026-10-12,Reefer truck,80,18,fixed monthly,21.7,12102000,06:00-10:00,76,19,12,18,,temperature-controlled food,Needs temperature-controlled carriage.,ambient dry cargo|cement|chemicals
SHP-01547,central,RetailLoop Supply Co,Medical devices,regulated devices,Indore,Ahmedabad,12,air,25300,142,75,regulated,48 h,31,backhaul,2026-09-22,2026-09-23,Secure high-value air cargo,75,74,per-trip contract,17.5,1038000,06:00-10:00,88,174,185,274,IND-DEL/BOM gateway,regulated high-value urgent,Needs secure handling and documented custody.,cement|chemicals|unsealed food
SHP-01548,central,Greenfield Foods,Packaged tea cartons,food-grade dry,Jabalpur,Nagpur,205,road,4600,120,90,dry,6 d,24,premium,2026-10-08,2026-10-11,Food-grade dry van,71,33,spot market,27.9,3390000,06:00-10:00,59,36,12,33,,anchor-compatible FMCG backhaul,Can ride with packaged food and dry FMCG cargo.,cement|chemicals|hazardous
SHP-01549,central,CraftBridge Industries,Electronics returns,electronics,Jabalpur,Kolkata,41,staging,5200,216,92,ambient,24 h,79,backhaul,2026-09-17,2026-09-23,Secure parcel truck,88,44,SLA contract,31.8,530000,22:00-02:00,38,11,8,0,,high-value reverse logistics,"Needs dry, secure movement and claims control.",wet cargo|magnetic cargo|loose food
SHP-01550,central,PortLink Consortium,Electronics returns,electronics,Bilaspur,Ahmedabad,234,staging,6000,122,92,ambient,60 h,68,return,2026-10-25,2026-10-29,Secure parcel truck,83,8,dedicated fleet,31.1,3705000,22:00-02:00,36,41,18,46,,high-value reverse logistics,"Needs dry, secure movement and claims control.",wet cargo|magnetic cargo|loose food
SHP-01551,central,Greenfield Distributors,Frozen bakery inputs,chilled food,Bilaspur,Pune,600,road,9100,90,84,chilled,48 h,53,backhaul,2026-10-26,2026-10-30,Reefer truck,85,40,spot market,25.8,20462000,10:00-14:00,65,26,9,56,,temperature-controlled food,Needs temperature-controlled carriage.,ambient dry cargo|cement|chemicals
SHP-01552,central,Horizon Foods,Speciality ginger and citrus,fresh produce,Bilaspur,Pune,69,road,7100,19,85,chilled,6 d,54,contract,2026-09-21,2026-09-27,Ventilated reefer truck,77,64,per-tonne contract,22.1,1730000,10:00-14:00,60,41,13,71,,perishable agriculture,Requires food-safe handling and temperature discipline.,cement|chemicals|odour cargo
SHP-01553,central,Summit Distributors,Frozen bakery inputs,chilled food,Indore,Ahmedabad,342,road,7800,136,90,chilled,60 h,53,overflow,2026-10-30,2026-10-31,Reefer truck,84,55,fixed monthly,28.4,6037000,22:00-02:00,69,28,20,78,,temperature-controlled food,Needs temperature-controlled carriage.,ambient dry cargo|cement|chemicals
SHP-01554,central,Horizon Industries,Packaged tea cartons,food-grade dry,Jabalpur,Nagpur,136,road,4300,35,81,dry,6 d,97,return,2026-10-26,2026-10-30,Food-grade dry van,73,18,per-tonne contract,18.9,1373000,22:00-02:00,96,40,3,41,,anchor-compatible FMCG backhaul,Can ride with packaged food and dry FMCG cargo.,cement|chemicals|hazardous
SHP-01555,central,CraftBridge Trade Network,Textile bales,textile dry,Jabalpur,Delhi NCR,404,road,3700,73,73,dry,5 d,84,spot,2026-09-17,2026-09-18,Dry van with moisture guard,82,49,per-trip contract,24.3,5643000,22:00-02:00,47,25,21,16,,dry industrial backhaul,Needs dry handling and moisture protection.,wet cargo|chemicals
SHP-01556,central,PortLink Consortium,Speciality ginger and citrus,fresh produce,Bhopal,Pune,687,road,4300,27,89,chilled,5 d,59,overflow,2026-09-30,2026-10-03,Ventilated reefer truck,81,33,SLA contract,25.1,12996000,10:00-14:00,65,38,3,86,,perishable agriculture,Requires food-safe handling and temperature discipline.,cement|chemicals|odour cargo
SHP-01557,central,Metro Collective,Spice cartons,food-grade dry,Bilaspur,Delhi NCR,535,road,5700,69,79,ambient,48 h,54,premium,2026-09-23,2026-09-28,Food-grade dry van,80,35,SLA contract,21.7,14209000,22:00-02:00,93,12,0,54,,ambient food exports,Compatible with packaged food when odour control is maintained.,cement|chemicals|odour cargo
SHP-01558,central,Swift Collective,Frozen bakery inputs,chilled food,Raipur,Delhi NCR,194,road,7200,90,75,chilled,6 d,51,backhaul,2026-10-16,2026-10-22,Reefer truck,88,28,per-tonne contract,26.3,4042000,10:00-14:00,93,22,12,74,,temperature-controlled food,Needs temperature-controlled carriage.,ambient dry cargo|cement|chemicals
SHP-01559,central,Riverline Industries,Frozen bakery inputs,chilled food,Jabalpur,Nagpur,645,road,8900,78,84,chilled,96 h,56,return,2026-09-25,2026-09-28,Reefer truck,67,41,dedicated fleet,27.9,25187000,06:00-10:00,94,16,34,62,,temperature-controlled food,Needs temperature-controlled carriage.,ambient dry cargo|cement|chemicals
SHP-01560,central,Riverline Forwarders,Electronics returns,electronics,Jabalpur,Pune,339,staging,6100,102,82,ambient,48 h,54,contract,2026-10-19,2026-10-24,Secure parcel truck,89,15,per-tonne contract,26.3,6847000,14:00-22:00,45,31,15,45,,high-value reverse logistics,"Needs dry, secure movement and claims control.",wet cargo|magnetic cargo|loose food
SHP-01561,central,Swift Collective,Packaged tea cartons,food-grade dry,Indore,Kolkata,132,road,4100,132,76,dry,6 d,26,premium,2026-09-29,2026-09-30,Food-grade dry van,90,57,fixed monthly,29.0,2417000,06:00-10:00,68,38,8,0,,anchor-compatible FMCG backhaul,Can ride with packaged food and dry FMCG cargo.,cement|chemicals|hazardous
SHP-01562,central,Prime Collective,Regulated pharma samples,regulated pharma,Bhopal,Hyderabad,15,air,27300,201,97,regulated,72 h,24,contract,2026-10-08,2026-10-10,Validated secure pharma uplift,80,63,per-tonne contract,13.5,1221000,14:00-22:00,37,142,61,129,BHO-DEL/BOM gateway,regulated high-value urgent,Needs chain-of-custody and compliance clearance.,food|cement|chemicals|unsecured parcels
SHP-01563,central,Summit Foods,Frozen bakery inputs,chilled food,Akola,Kolkata,117,road,7700,68,83,chilled,96 h,40,overflow,2026-10-01,2026-10-03,Reefer truck,73,18,spot market,20.5,3225000,22:00-02:00,86,27,24,12,,temperature-controlled food,Needs temperature-controlled carriage.,ambient dry cargo|cement|chemicals
SHP-01564,central,BluePeak Consortium,Reverse logistics parcels,parcel returns,Akola,Hyderabad,81,staging,6300,24,91,ambient,48 h,51,contract,2026-09-23,2026-09-29,Parcel cage vehicle,83,9,SLA contract,29.1,2362000,06:00-10:00,85,25,32,81,,reverse logistics,Works well in staged consolidation waves.,loose food|hazardous
SHP-01565,central,Horizon Logistics,Spice cartons,food-grade dry,Jabalpur,Nagpur,210,road,5800,133,93,ambient,24 h,51,spot,2026-10-09,2026-10-10,Food-grade dry van,82,24,SLA contract,22.1,2967000,22:00-02:00,94,18,5,28,,ambient food exports,Compatible with packaged food when odour control is maintained.,cement|chemicals|odour cargo
SHP-01566,central,Horizon Industries,Packaged tea cartons,food-grade dry,Akola,Ahmedabad,570,road,5300,110,94,dry,60 h,88,backhaul,2026-10-24,2026-10-29,Food-grade dry van,87,40,fixed monthly,25.4,8344000,06:00-10:00,55,14,11,38,,anchor-compatible FMCG backhaul,Can ride with packaged food and dry FMCG cargo.,cement|chemicals|hazardous
SHP-01567,central,CraftBridge Distributors,Coffee and cocoa sacks,food-grade dry,Raipur,Nagpur,218,sea,3100,60,77,dry,5 d,43,contract,2026-10-02,2026-10-05,Dry container with odour guard,76,47,SLA contract,55.4,1724000,06:00-10:00,69,13,60,78,,bulk food export,Can consolidate with dry food cargo.,cement|chemicals|odour cargo
SHP-01568,central,Prime Industries,Frozen bakery inputs,chilled food,Raipur,Hyderabad,373,road,9100,87,87,chilled,36 h,27,contract,2026-10-14,2026-10-17,Reefer truck,87,38,SLA contract,20.7,8242000,22:00-02:00,65,31,25,66,,temperature-controlled food,Needs temperature-controlled carriage.,ambient dry cargo|cement|chemicals
SHP-01569,central,National Export House,Packaged tea cartons,food-grade dry,Bilaspur,Pune,648,road,4900,41,84,dry,36 h,86,backhaul,2026-09-29,2026-10-05,Food-grade dry van,79,39,per-trip contract,26.7,9543000,10:00-14:00,93,17,13,90,,anchor-compatible FMCG backhaul,Can ride with packaged food and dry FMCG cargo.,cement|chemicals|hazardous
SHP-01570,central,Riverline Trade Network,Electronics returns,electronics,Akola,Hyderabad,237,staging,6800,129,90,ambient,5 d,49,premium,2026-09-16,2026-09-22,Secure parcel truck,84,28,fixed monthly,34.0,4217000,06:00-10:00,75,36,7,82,,high-value reverse logistics,"Needs dry, secure movement and claims control.",wet cargo|magnetic cargo|loose food
SHP-01571,central,RetailLoop Industries,Textile bales,textile dry,Bhopal,Kolkata,67,road,5000,80,78,dry,96 h,63,premium,2026-10-20,2026-10-24,Dry van with moisture guard,94,43,per-tonne contract,23.1,1561000,06:00-10:00,78,32,5,42,,dry industrial backhaul,Needs dry handling and moisture protection.,wet cargo|chemicals
SHP-01572,central,Bharat Consortium,Frozen bakery inputs,chilled food,Raipur,Delhi NCR,524,road,7300,71,92,chilled,48 h,84,backhaul,2026-09-17,2026-09-19,Reefer truck,80,19,per-trip contract,27.2,12356000,14:00-22:00,83,33,22,73,,temperature-controlled food,Needs temperature-controlled carriage.,ambient dry cargo|cement|chemicals
SHP-01573,central,Swift Supply Co,Electronics returns,electronics,Jabalpur,Pune,167,staging,7400,154,91,ambient,5 d,38,backhaul,2026-09-25,2026-09-28,Secure parcel truck,83,16,per-trip contract,31.5,5241000,06:00-10:00,43,39,4,13,,high-value reverse logistics,"Needs dry, secure movement and claims control.",wet cargo|magnetic cargo|loose food
SHP-01574,central,RetailLoop Trade Network,Spice cartons,food-grade dry,Raipur,Hyderabad,532,road,4200,131,89,ambient,36 h,43,overflow,2026-10-09,2026-10-15,Food-grade dry van,82,43,fixed monthly,24.7,5784000,14:00-22:00,74,37,19,60,,ambient food exports,Compatible with packaged food when odour control is maintained.,cement|chemicals|odour cargo
SHP-01575,central,Eastern Foods,Reverse logistics parcels,parcel returns,Jabalpur,Hyderabad,269,staging,5500,63,83,ambient,96 h,24,spot,2026-10-24,2026-10-25,Parcel cage vehicle,89,50,per-tonne contract,29.5,3669000,10:00-14:00,36,37,31,32,,reverse logistics,Works well in staged consolidation waves.,loose food|hazardous
SHP-01576,central,PortLink Supply Co,Medical devices,regulated devices,Akola,Delhi NCR,52,air,19700,146,90,regulated,12 h,98,backhaul,2026-09-23,2026-09-24,Secure high-value air cargo,85,70,per-trip contract,14.8,3742000,14:00-22:00,42,77,102,113,AKO-DEL/BOM gateway,regulated high-value urgent,Needs secure handling and documented custody.,cement|chemicals|unsealed food
SHP-01577,central,Horizon Forwarders,Reverse logistics parcels,parcel returns,Bilaspur,Delhi NCR,160,staging,5700,70,83,ambient,72 h,52,return,2026-10-11,2026-10-12,Parcel cage vehicle,74,33,fixed monthly,27.5,4113000,14:00-22:00,38,12,21,69,,reverse logistics,Works well in staged consolidation waves.,loose food|hazardous
SHP-01578,central,PortLink Distributors,Textile bales,textile dry,Jabalpur,Nagpur,281,road,5000,102,79,dry,36 h,77,overflow,2026-09-21,2026-09-22,Dry van with moisture guard,81,59,SLA contract,22.5,4905000,10:00-14:00,73,16,10,2,,dry industrial backhaul,Needs dry handling and moisture protection.,wet cargo|chemicals
SHP-01579,central,BluePeak Consortium,Medical devices,regulated devices,Indore,Hyderabad,36,air,18200,67,89,regulated,48 h,43,overflow,2026-10-06,2026-10-07,Secure high-value air cargo,91,11,per-trip contract,12.2,1826000,22:00-02:00,98,134,83,210,IND-DEL/BOM gateway,regulated high-value urgent,Needs secure handling and documented custody.,cement|chemicals|unsealed food
SHP-01580,central,Eastern Industries,Premium craft consignments,fragile craft,Raipur,Ahmedabad,322,staging,6800,75,89,fragile,48 h,24,return,2026-10-14,2026-10-18,Padded box truck with staging buffer,76,40,spot market,30.6,9464000,06:00-10:00,69,25,9,27,,premium fragile exports,Needs gentle handling and staging protection.,cement|heavy machinery|wet cargo
SHP-01581,central,AgroStar Logistics,Durable snacks overflow,food-grade dry,Jabalpur,Hyderabad,54,road,4100,42,86,ambient,5 d,89,spot,2026-09-22,2026-09-26,Food-grade dry van,84,17,dedicated fleet,20.5,882000,22:00-02:00,72,36,11,81,,anchor-compatible FMCG overflow,Highly compatible with Britannia-style packaged food lanes.,cement|chemicals|wet cargo
SHP-01582,central,Greenfield Export House,Spice cartons,food-grade dry,Bilaspur,Nagpur,292,road,5800,103,90,ambient,72 h,67,premium,2026-09-28,2026-10-01,Food-grade dry van,89,24,per-trip contract,23.1,7991000,14:00-22:00,70,20,30,73,,ambient food exports,Compatible with packaged food when odour control is maintained.,cement|chemicals|odour cargo
SHP-01583,central,Tea Garden Industries,Premium craft consignments,fragile craft,Bhopal,Kolkata,414,staging,6500,133,85,fragile,72 h,65,contract,2026-10-24,2026-10-27,Padded box truck with staging buffer,91,38,per-tonne contract,31.1,6506000,06:00-10:00,58,24,17,27,,premium fragile exports,Needs gentle handling and staging protection.,cement|heavy machinery|wet cargo
SHP-01584,central,Greenfield Supply Co,Durable snacks overflow,food-grade dry,Raipur,Hyderabad,149,road,3100,73,94,ambient,5 d,87,return,2026-10-29,2026-11-03,Food-grade dry van,79,34,per-tonne contract,27.0,1946000,22:00-02:00,83,17,3,4,,anchor-compatible FMCG overflow,Highly compatible with Britannia-style packaged food lanes.,cement|chemicals|wet cargo
SHP-01585,central,Greenfield Collective,Packaged tea cartons,food-grade dry,Bilaspur,Pune,622,road,4100,163,85,dry,5 d,51,contract,2026-09-27,2026-09-29,Food-grade dry van,91,35,dedicated fleet,23.4,6487000,14:00-22:00,39,36,8,68,,anchor-compatible FMCG backhaul,Can ride with packaged food and dry FMCG cargo.,cement|chemicals|hazardous
SHP-01586,central,Tea Garden Foods,Textile bales,textile dry,Indore,Hyderabad,706,road,3800,181,79,dry,72 h,51,return,2026-09-18,2026-09-24,Dry van with moisture guard,94,69,fixed monthly,29.2,9953000,22:00-02:00,68,19,32,38,,dry industrial backhaul,Needs dry handling and moisture protection.,wet cargo|chemicals
SHP-01587,central,AgroStar Export House,Bamboo panels and handicrafts,fragile craft,Raipur,Nagpur,129,staging,4700,85,89,fragile,6 d,26,spot,2026-09-17,2026-09-18,Padded box truck with staging buffer,84,20,per-trip contract,32.2,1503000,14:00-22:00,43,23,8,49,,fragile regional exports,Needs bracing and should avoid dusty or heavy loads.,cement|heavy machinery|wet cargo
SHP-01588,central,AgroStar Industries,Bamboo panels and handicrafts,fragile craft,Raipur,Pune,105,staging,5300,55,91,fragile,48 h,76,overflow,2026-09-27,2026-10-02,Padded box truck with staging buffer,81,36,fixed monthly,32.3,2255000,10:00-14:00,63,16,12,50,,fragile regional exports,Needs bracing and should avoid dusty or heavy loads.,cement|heavy machinery|wet cargo
SHP-01589,central,Spice Valley Forwarders,Bamboo panels and handicrafts,fragile craft,Jabalpur,Nagpur,77,staging,6000,187,90,fragile,6 d,33,overflow,2026-10-21,2026-10-24,Padded box truck with staging buffer,87,31,dedicated fleet,31.0,1899000,22:00-02:00,84,40,23,67,,fragile regional exports,Needs bracing and should avoid dusty or heavy loads.,cement|heavy machinery|wet cargo
SHP-01590,central,PortLink Logistics,Premium craft consignments,fragile craft,Jabalpur,Nagpur,218,staging,5200,123,84,fragile,72 h,92,backhaul,2026-10-15,2026-10-17,Padded box truck with staging buffer,91,86,SLA contract,29.0,5271000,06:00-10:00,48,36,26,18,,premium fragile exports,Needs gentle handling and staging protection.,cement|heavy machinery|wet cargo
SHP-01591,central,Metro Industries,Medical devices,regulated devices,Akola,Pune,41,air,15500,87,83,regulated,5 d,64,return,2026-10-24,2026-10-26,Secure high-value air cargo,76,15,fixed monthly,11.7,2422000,14:00-22:00,49,175,137,178,AKO-DEL/BOM gateway,regulated high-value urgent,Needs secure handling and documented custody.,cement|chemicals|unsealed food
SHP-01592,central,Swift Forwarders,Electronics returns,electronics,Bhopal,Nagpur,201,staging,7100,104,90,ambient,5 d,35,overflow,2026-10-10,2026-10-15,Secure parcel truck,77,29,fixed monthly,28.9,3178000,06:00-10:00,40,29,1,34,,high-value reverse logistics,"Needs dry, secure movement and claims control.",wet cargo|magnetic cargo|loose food
SHP-01593,central,Eastern Export House,Durable snacks overflow,food-grade dry,Raipur,Nagpur,393,road,4500,105,90,ambient,24 h,71,backhaul,2026-09-21,2026-09-25,Food-grade dry van,80,68,per-trip contract,23.9,3900000,14:00-22:00,68,11,12,81,,anchor-compatible FMCG overflow,Highly compatible with Britannia-style packaged food lanes.,cement|chemicals|wet cargo
SHP-01594,central,Bharat Consortium,Reverse logistics parcels,parcel returns,Indore,Nagpur,378,staging,6800,133,81,ambient,72 h,66,premium,2026-10-27,2026-10-28,Parcel cage vehicle,90,40,dedicated fleet,29.7,6530000,10:00-14:00,68,38,17,3,,reverse logistics,Works well in staged consolidation waves.,loose food|hazardous
SHP-01595,central,Horizon Forwarders,Frozen bakery inputs,chilled food,Raipur,Pune,502,road,8200,88,85,chilled,96 h,31,return,2026-09-21,2026-09-27,Reefer truck,87,26,spot market,23.0,16930000,14:00-22:00,81,15,12,13,,temperature-controlled food,Needs temperature-controlled carriage.,ambient dry cargo|cement|chemicals
SHP-01596,central,Riverline Supply Co,Packaged tea cartons,food-grade dry,Indore,Kolkata,297,road,3600,98,83,dry,36 h,33,premium,2026-10-25,2026-10-27,Food-grade dry van,90,42,fixed monthly,28.4,4144000,06:00-10:00,65,14,23,86,,anchor-compatible FMCG backhaul,Can ride with packaged food and dry FMCG cargo.,cement|chemicals|hazardous
SHP-01597,central,Summit Supply Co,Electronics returns,electronics,Bhopal,Ahmedabad,70,staging,6600,70,95,ambient,72 h,97,overflow,2026-09-24,2026-09-29,Secure parcel truck,78,63,spot market,29.9,1313000,14:00-22:00,47,41,0,62,,high-value reverse logistics,"Needs dry, secure movement and claims control.",wet cargo|magnetic cargo|loose food
SHP-01598,central,Tea Garden Trade Network,Bamboo panels and handicrafts,fragile craft,Raipur,Ahmedabad,189,staging,5200,61,99,fragile,6 d,83,spot,2026-09-25,2026-09-27,Padded box truck with staging buffer,96,52,per-trip contract,28.5,2271000,14:00-22:00,57,28,21,58,,fragile regional exports,Needs bracing and should avoid dusty or heavy loads.,cement|heavy machinery|wet cargo
SHP-01599,central,Horizon Consortium,Containerised export overflow,container export,Jabalpur,Kolkata,366,sea,3900,36,87,dry,60 h,95,return,2026-10-11,2026-10-13,Sealed container feeder,70,17,spot market,52.5,3702000,06:00-10:00,55,39,70,47,,bulk export overflow,Best suited to feeder or port-linked consolidation.,loose perishable|fragile craft
SHP-01600,central,Summit Consortium,Regulated pharma samples,regulated pharma,Jabalpur,Pune,48,air,29200,79,91,regulated,12 h,98,spot,2026-10-05,2026-10-06,Validated secure pharma uplift,96,61,per-tonne contract,22.8,4409000,22:00-02:00,80,85,237,350,JAB-DEL/BOM gateway,regulated high-value urgent,Needs chain-of-custody and compliance clearance.,food|cement|chemicals|unsecured parcels
SHP-01601,kashmir,BluePeak Distributors,Electronics returns,electronics,Anantnag,Amritsar,84,staging,5500,69,80,ambient,6 d,99,premium,2026-10-26,2026-10-29,Secure parcel truck,95,42,dedicated fleet,20.9,1420000,22:00-02:00,82,13,1,28,,high-value reverse logistics,"Needs dry, secure movement and claims control.",wet cargo|magnetic cargo|loose food
SHP-01602,kashmir,Summit Collective,Medical devices,regulated devices,Srinagar,Jammu,16,air,22600,198,86,regulated,60 h,83,premium,2026-10-15,2026-10-17,Secure high-value air cargo,83,52,per-trip contract,16.6,1156000,06:00-10:00,84,58,47,317,SRI-DEL/BOM gateway,regulated high-value urgent,Needs secure handling and documented custody.,cement|chemicals|unsealed food
SHP-01603,kashmir,Tea Garden Trade Network,Medical devices,regulated devices,Anantnag,Jammu,30,air,22500,126,86,regulated,36 h,39,premium,2026-10-22,2026-10-24,Secure high-value air cargo,75,29,fixed monthly,14.9,1530000,22:00-02:00,79,134,136,69,ANA-DEL/BOM gateway,regulated high-value urgent,Needs secure handling and documented custody.,cement|chemicals|unsealed food
SHP-01604,kashmir,Swift Consortium,Containerised export overflow,container export,Anantnag,Jaipur,1095,sea,4400,187,78,dry,60 h,83,contract,2026-10-25,2026-10-26,Sealed container feeder,92,18,fixed monthly,42.5,18323000,22:00-02:00,50,38,97,47,,bulk export overflow,Best suited to feeder or port-linked consolidation.,loose perishable|fragile craft
SHP-01605,kashmir,Healthline Logistics,Bamboo panels and handicrafts,fragile craft,Jammu,Amritsar,249,staging,4200,134,80,fragile,36 h,46,overflow,2026-10-14,2026-10-19,Padded box truck with staging buffer,85,34,per-tonne contract,18.6,3720000,22:00-02:00,61,30,33,61,,fragile regional exports,Needs bracing and should avoid dusty or heavy loads.,cement|heavy machinery|wet cargo
SHP-01606,kashmir,Riverline Supply Co,High value samples,secured samples,Pulwama,Jammu,28,air,29100,61,85,regulated,48 h,75,premium,2026-09-18,2026-09-20,Secure air cargo pouch,91,29,fixed monthly,18.3,2349000,06:00-10:00,85,173,66,154,PUL-DEL/BOM gateway,high-value urgent,Needs secure handling and tight handoff control.,bulk cargo|unsecured parcels
SHP-01607,kashmir,Bharat Forwarders,Textile bales,textile dry,Srinagar,Delhi NCR,320,road,5000,67,87,dry,72 h,95,contract,2026-10-08,2026-10-14,Dry van with moisture guard,94,10,per-trip contract,13.0,4255000,06:00-10:00,79,40,16,36,,dry industrial backhaul,Needs dry handling and moisture protection.,wet cargo|chemicals
SHP-01608,kashmir,Eastern Consortium,Premium craft consignments,fragile craft,Anantnag,Chandigarh,66,staging,6700,74,86,fragile,36 h,92,overflow,2026-09-27,2026-09-28,Padded box truck with staging buffer,92,37,fixed monthly,17.0,1443000,22:00-02:00,60,39,19,29,,premium fragile exports,Needs gentle handling and staging protection.,cement|heavy machinery|wet cargo
SHP-01609,kashmir,Metro Consortium,Containerised export overflow,container export,Anantnag,Chandigarh,392,sea,3500,31,71,dry,5 d,68,contract,2026-10-11,2026-10-14,Sealed container feeder,69,61,spot market,37.6,5821000,22:00-02:00,69,24,97,52,,bulk export overflow,Best suited to feeder or port-linked consolidation.,loose perishable|fragile craft
SHP-01610,kashmir,BluePeak Foods,Regulated pharma samples,regulated pharma,Sopore,Amritsar,17,air,28700,17,82,regulated,72 h,44,return,2026-10-01,2026-10-03,Validated secure pharma uplift,80,79,dedicated fleet,13.3,1115000,10:00-14:00,49,179,128,107,SOP-DEL/BOM gateway,regulated high-value urgent,Needs chain-of-custody and compliance clearance.,food|cement|chemicals|unsecured parcels
SHP-01611,kashmir,RetailLoop Supply Co,Medical devices,regulated devices,Srinagar,Delhi NCR,57,air,17800,196,77,regulated,72 h,72,premium,2026-10-28,2026-10-30,Secure high-value air cargo,72,23,SLA contract,15.1,3860000,22:00-02:00,56,117,94,110,SRI-DEL/BOM gateway,regulated high-value urgent,Needs secure handling and documented custody.,cement|chemicals|unsealed food
SHP-01612,kashmir,Prime Supply Co,Containerised export overflow,container export,Srinagar,Chandigarh,609,sea,4400,49,68,dry,48 h,94,return,2026-10-18,2026-10-20,Sealed container feeder,79,27,fixed monthly,40.9,8255000,14:00-22:00,81,32,191,6,,bulk export overflow,Best suited to feeder or port-linked consolidation.,loose perishable|fragile craft
SHP-01613,kashmir,RetailLoop Consortium,Medical devices,regulated devices,Baramulla,Ludhiana,45,air,22600,33,88,regulated,96 h,74,spot,2026-09-17,2026-09-18,Secure high-value air cargo,82,80,per-tonne contract,18.9,3707000,22:00-02:00,43,114,39,343,BAR-DEL/BOM gateway,regulated high-value urgent,Needs secure handling and documented custody.,cement|chemicals|unsealed food
SHP-01614,kashmir,Riverline Supply Co,Speciality ginger and citrus,fresh produce,Pulwama,Delhi NCR,577,road,6800,119,74,chilled,48 h,55,contract,2026-10-25,2026-10-30,Ventilated reefer truck,83,25,per-tonne contract,16.0,16082000,06:00-10:00,37,38,22,16,,perishable agriculture,Requires food-safe handling and temperature discipline.,cement|chemicals|odour cargo
SHP-01615,kashmir,Metro Consortium,Frozen bakery inputs,chilled food,Srinagar,Ludhiana,450,road,6600,72,84,chilled,5 d,54,contract,2026-10-11,2026-10-17,Reefer truck,85,27,per-trip contract,16.5,10715000,22:00-02:00,35,33,2,53,,temperature-controlled food,Needs temperature-controlled carriage.,ambient dry cargo|cement|chemicals
SHP-01616,kashmir,CraftBridge Logistics,Coffee and cocoa sacks,food-grade dry,Jammu,Jammu,348,sea,3300,203,94,dry,96 h,52,premium,2026-10-26,2026-10-30,Dry container with odour guard,78,19,fixed monthly,36.0,3867000,22:00-02:00,77,14,70,67,,bulk food export,Can consolidate with dry food cargo.,cement|chemicals|odour cargo
SHP-01617,kashmir,Swift Collective,Regulated pharma samples,regulated pharma,Srinagar,Amritsar,29,air,15100,22,87,regulated,5 d,38,overflow,2026-10-18,2026-10-19,Validated secure pharma uplift,95,44,SLA contract,10.5,1982000,10:00-14:00,92,68,47,238,SRI-DEL/BOM gateway,regulated high-value urgent,Needs chain-of-custody and compliance clearance.,food|cement|chemicals|unsecured parcels
SHP-01618,kashmir,PortLink Logistics,Spice cartons,food-grade dry,Sopore,Amritsar,117,road,4400,59,82,ambient,5 d,97,contract,2026-10-14,2026-10-20,Food-grade dry van,79,50,SLA contract,8.9,1367000,10:00-14:00,42,39,1,87,,ambient food exports,Compatible with packaged food when odour control is maintained.,cement|chemicals|odour cargo
SHP-01619,kashmir,AgroStar Supply Co,Packaged tea cartons,food-grade dry,Srinagar,Jaipur,301,road,4500,151,99,dry,48 h,26,contract,2026-10-16,2026-10-19,Food-grade dry van,83,29,per-tonne contract,18.8,3717000,06:00-10:00,61,40,18,51,,anchor-compatible FMCG backhaul,Can ride with packaged food and dry FMCG cargo.,cement|chemicals|hazardous
SHP-01620,kashmir,Tea Garden Supply Co,Regulated pharma samples,regulated pharma,Anantnag,Jammu,12,air,26200,162,87,regulated,6 d,71,spot,2026-10-31,2026-11-01,Validated secure pharma uplift,77,66,fixed monthly,11.5,1067000,10:00-14:00,51,57,84,279,ANA-DEL/BOM gateway,regulated high-value urgent,Needs chain-of-custody and compliance clearance.,food|cement|chemicals|unsecured parcels
SHP-01621,kashmir,Bharat Foods,Containerised export overflow,container export,Jammu,Jaipur,135,sea,3700,75,88,dry,36 h,83,backhaul,2026-09-20,2026-09-25,Sealed container feeder,70,22,per-tonne contract,41.5,1271000,14:00-22:00,89,28,202,17,,bulk export overflow,Best suited to feeder or port-linked consolidation.,loose perishable|fragile craft
SHP-01622,kashmir,Bharat Consortium,Bamboo panels and handicrafts,fragile craft,Srinagar,Jaipur,171,staging,4500,117,96,fragile,24 h,27,return,2026-10-16,2026-10-19,Padded box truck with staging buffer,82,37,per-trip contract,22.8,2194000,22:00-02:00,46,41,6,27,,fragile regional exports,Needs bracing and should avoid dusty or heavy loads.,cement|heavy machinery|wet cargo
SHP-01623,kashmir,Eastern Distributors,Regulated pharma samples,regulated pharma,Baramulla,Chandigarh,55,air,24900,59,95,regulated,12 h,85,spot,2026-09-16,2026-09-17,Validated secure pharma uplift,89,42,dedicated fleet,13.3,4206000,14:00-22:00,42,57,76,71,BAR-DEL/BOM gateway,regulated high-value urgent,Needs chain-of-custody and compliance clearance.,food|cement|chemicals|unsecured parcels
SHP-01624,kashmir,BluePeak Forwarders,Reverse logistics parcels,parcel returns,Srinagar,Jammu,104,staging,6500,80,87,ambient,24 h,39,return,2026-10-17,2026-10-18,Parcel cage vehicle,99,22,per-tonne contract,19.8,1907000,06:00-10:00,98,25,16,46,,reverse logistics,Works well in staged consolidation waves.,loose food|hazardous
SHP-01625,kashmir,Swift Industries,High value samples,secured samples,Srinagar,Jaipur,24,air,25600,122,97,regulated,36 h,68,overflow,2026-09-24,2026-09-25,Secure air cargo pouch,83,20,SLA contract,11.3,1684000,22:00-02:00,45,46,100,45,SRI-DEL/BOM gateway,high-value urgent,Needs secure handling and tight handoff control.,bulk cargo|unsecured parcels
SHP-01626,kashmir,Bharat Industries,Containerised export overflow,container export,Srinagar,Amritsar,564,sea,3000,104,91,dry,36 h,51,backhaul,2026-10-21,2026-10-25,Sealed container feeder,94,65,per-trip contract,34.7,4123000,14:00-22:00,98,26,85,47,,bulk export overflow,Best suited to feeder or port-linked consolidation.,loose perishable|fragile craft
SHP-01627,kashmir,National Forwarders,Electronics returns,electronics,Anantnag,Ludhiana,261,staging,7300,113,78,ambient,36 h,47,return,2026-10-02,2026-10-03,Secure parcel truck,73,8,SLA contract,18.7,6167000,10:00-14:00,70,10,2,62,,high-value reverse logistics,"Needs dry, secure movement and claims control.",wet cargo|magnetic cargo|loose food
SHP-01628,kashmir,RetailLoop Industries,Speciality ginger and citrus,fresh produce,Baramulla,Chandigarh,555,road,5700,76,83,chilled,6 d,47,backhaul,2026-09-24,2026-09-27,Ventilated reefer truck,78,6,dedicated fleet,14.2,9372000,10:00-14:00,47,20,1,89,,perishable agriculture,Requires food-safe handling and temperature discipline.,cement|chemicals|odour cargo
SHP-01629,kashmir,Prime Export House,Durable snacks overflow,food-grade dry,Sopore,Chandigarh,720,road,4400,143,81,ambient,96 h,56,backhaul,2026-09-23,2026-09-29,Food-grade dry van,83,21,per-tonne contract,15.0,14971000,10:00-14:00,100,33,5,26,,anchor-compatible FMCG overflow,Highly compatible with Britannia-style packaged food lanes.,cement|chemicals|wet cargo
SHP-01630,kashmir,Horizon Collective,Frozen bakery inputs,chilled food,Anantnag,Ludhiana,130,road,9200,80,95,chilled,5 d,91,premium,2026-10-13,2026-10-15,Reefer truck,58,5,fixed monthly,15.3,3574000,06:00-10:00,35,18,22,43,,temperature-controlled food,Needs temperature-controlled carriage.,ambient dry cargo|cement|chemicals
SHP-01631,kashmir,Summit Consortium,Electronics returns,electronics,Baramulla,Jammu,175,staging,6900,69,94,ambient,36 h,91,contract,2026-10-25,2026-10-30,Secure parcel truck,68,37,spot market,19.4,3980000,10:00-14:00,93,39,9,33,,high-value reverse logistics,"Needs dry, secure movement and claims control.",wet cargo|magnetic cargo|loose food
SHP-01632,kashmir,CraftBridge Export House,Bamboo panels and handicrafts,fragile craft,Srinagar,Jaipur,292,staging,4700,63,81,fragile,60 h,42,contract,2026-10-31,2026-11-03,Padded box truck with staging buffer,80,45,per-trip contract,16.8,5709000,14:00-22:00,67,28,19,90,,fragile regional exports,Needs bracing and should avoid dusty or heavy loads.,cement|heavy machinery|wet cargo
SHP-01633,kashmir,Summit Foods,Bamboo panels and handicrafts,fragile craft,Pulwama,Delhi NCR,202,staging,6200,80,86,fragile,96 h,62,contract,2026-09-17,2026-09-22,Padded box truck with staging buffer,80,30,fixed monthly,17.4,3674000,10:00-14:00,88,32,15,31,,fragile regional exports,Needs bracing and should avoid dusty or heavy loads.,cement|heavy machinery|wet cargo
SHP-01634,kashmir,CraftBridge Distributors,Textile bales,textile dry,Baramulla,Chandigarh,283,road,3900,92,84,dry,5 d,35,backhaul,2026-10-01,2026-10-02,Dry van with moisture guard,75,18,per-trip contract,11.6,4494000,14:00-22:00,37,35,19,16,,dry industrial backhaul,Needs dry handling and moisture protection.,wet cargo|chemicals
SHP-01635,kashmir,Healthline Consortium,Speciality ginger and citrus,fresh produce,Pulwama,Delhi NCR,614,road,5100,146,84,chilled,96 h,69,spot,2026-10-09,2026-10-10,Ventilated reefer truck,80,22,fixed monthly,15.1,10654000,22:00-02:00,35,15,5,37,,perishable agriculture,Requires food-safe handling and temperature discipline.,cement|chemicals|odour cargo
SHP-01636,kashmir,AgroStar Industries,Premium craft consignments,fragile craft,Anantnag,Amritsar,296,staging,6100,54,74,fragile,36 h,34,backhaul,2026-10-03,2026-10-07,Padded box truck with staging buffer,87,8,per-tonne contract,23.4,6844000,22:00-02:00,41,31,25,36,,premium fragile exports,Needs gentle handling and staging protection.,cement|heavy machinery|wet cargo
SHP-01637,kashmir,AgroStar Industries,Premium craft consignments,fragile craft,Srinagar,Chandigarh,55,staging,5800,104,80,fragile,96 h,51,backhaul,2026-09-27,2026-09-28,Padded box truck with staging buffer,77,48,fixed monthly,17.2,1026000,22:00-02:00,54,37,14,3,,premium fragile exports,Needs gentle handling and staging protection.,cement|heavy machinery|wet cargo
SHP-01638,kashmir,AgroStar Distributors,Electronics returns,electronics,Pulwama,Delhi NCR,320,staging,6200,107,82,ambient,72 h,73,overflow,2026-10-19,2026-10-20,Secure parcel truck,89,40,fixed monthly,22.2,7881000,22:00-02:00,65,29,7,89,,high-value reverse logistics,"Needs dry, secure movement and claims control.",wet cargo|magnetic cargo|loose food
SHP-01639,kashmir,Eastern Consortium,Textile bales,textile dry,Pulwama,Delhi NCR,682,road,4800,152,76,dry,60 h,54,premium,2026-10-31,2026-11-05,Dry van with moisture guard,74,31,fixed monthly,11.9,8522000,22:00-02:00,38,34,13,83,,dry industrial backhaul,Needs dry handling and moisture protection.,wet cargo|chemicals
SHP-01640,kashmir,Spice Valley Consortium,Frozen bakery inputs,chilled food,Sopore,Amritsar,680,road,6300,150,94,chilled,72 h,69,overflow,2026-09-21,2026-09-26,Reefer truck,78,55,per-tonne contract,11.7,19680000,22:00-02:00,57,20,18,40,,temperature-controlled food,Needs temperature-controlled carriage.,ambient dry cargo|cement|chemicals
SHP-01641,kashmir,Swift Foods,Durable snacks overflow,food-grade dry,Sopore,Chandigarh,630,road,3000,167,97,ambient,48 h,94,backhaul,2026-09-30,2026-10-01,Food-grade dry van,91,62,per-trip contract,19.2,6935000,22:00-02:00,74,32,10,71,,anchor-compatible FMCG overflow,Highly compatible with Britannia-style packaged food lanes.,cement|chemicals|wet cargo
SHP-01642,kashmir,Greenfield Export House,Premium craft consignments,fragile craft,Srinagar,Ludhiana,300,staging,5400,93,80,fragile,6 d,41,premium,2026-10-15,2026-10-21,Padded box truck with staging buffer,84,25,per-tonne contract,18.7,3810000,14:00-22:00,95,34,26,7,,premium fragile exports,Needs gentle handling and staging protection.,cement|heavy machinery|wet cargo
SHP-01643,kashmir,Bharat Export House,High value samples,secured samples,Pulwama,Amritsar,38,air,30300,102,83,regulated,48 h,74,overflow,2026-10-10,2026-10-11,Secure air cargo pouch,83,28,spot market,14.5,4298000,10:00-14:00,36,51,212,231,PUL-DEL/BOM gateway,high-value urgent,Needs secure handling and tight handoff control.,bulk cargo|unsecured parcels
SHP-01644,kashmir,Greenfield Logistics,Durable snacks overflow,food-grade dry,Srinagar,Delhi NCR,428,road,4500,45,84,ambient,6 d,27,contract,2026-10-20,2026-10-25,Food-grade dry van,80,25,spot market,11.4,6000000,22:00-02:00,65,25,20,76,,anchor-compatible FMCG overflow,Highly compatible with Britannia-style packaged food lanes.,cement|chemicals|wet cargo
SHP-01645,kashmir,PortLink Export House,Speciality ginger and citrus,fresh produce,Sopore,Ludhiana,659,road,4600,55,80,chilled,6 d,24,backhaul,2026-10-30,2026-11-02,Ventilated reefer truck,87,14,SLA contract,14.9,13289000,22:00-02:00,75,14,21,20,,perishable agriculture,Requires food-safe handling and temperature discipline.,cement|chemicals|odour cargo
SHP-01646,kashmir,RetailLoop Forwarders,Speciality ginger and citrus,fresh produce,Srinagar,Delhi NCR,280,road,5200,151,94,chilled,36 h,64,contract,2026-10-21,2026-10-27,Ventilated reefer truck,79,26,spot market,11.5,4250000,14:00-22:00,72,42,0,23,,perishable agriculture,Requires food-safe handling and temperature discipline.,cement|chemicals|odour cargo
SHP-01647,kashmir,Greenfield Foods,Coffee and cocoa sacks,food-grade dry,Jammu,Amritsar,120,sea,3400,32,76,dry,24 h,57,return,2026-09-26,2026-09-27,Dry container with odour guard,83,20,SLA contract,35.8,1481000,10:00-14:00,60,15,128,39,,bulk food export,Can consolidate with dry food cargo.,cement|chemicals|odour cargo
SHP-01648,kashmir,Horizon Foods,Containerised export overflow,container export,Baramulla,Amritsar,1153,sea,3500,225,83,dry,60 h,72,premium,2026-10-25,2026-10-31,Sealed container feeder,77,18,fixed monthly,39.6,17130000,14:00-22:00,90,23,58,78,,bulk export overflow,Best suited to feeder or port-linked consolidation.,loose perishable|fragile craft
SHP-01649,kashmir,Metro Trade Network,Packaged tea cartons,food-grade dry,Baramulla,Amritsar,712,road,5000,115,75,dry,60 h,32,backhaul,2026-10-27,2026-11-01,Food-grade dry van,81,28,fixed monthly,11.7,13397000,10:00-14:00,39,28,8,52,,anchor-compatible FMCG backhaul,Can ride with packaged food and dry FMCG cargo.,cement|chemicals|hazardous
SHP-01650,kashmir,Prime Trade Network,Coffee and cocoa sacks,food-grade dry,Sopore,Delhi NCR,313,sea,3400,139,85,dry,5 d,94,spot,2026-09-25,2026-09-29,Dry container with odour guard,76,12,spot market,42.8,2493000,22:00-02:00,40,11,146,47,,bulk food export,Can consolidate with dry food cargo.,cement|chemicals|odour cargo
SHP-01651,kashmir,Spice Valley Trade Network,Durable snacks overflow,food-grade dry,Sopore,Delhi NCR,541,road,3500,137,81,ambient,6 d,35,premium,2026-10-23,2026-10-27,Food-grade dry van,90,84,per-tonne contract,18.2,6583000,14:00-22:00,56,30,34,75,,anchor-compatible FMCG overflow,Highly compatible with Britannia-style packaged food lanes.,cement|chemicals|wet cargo
SHP-01652,kashmir,Greenfield Consortium,Bamboo panels and handicrafts,fragile craft,Pulwama,Jaipur,219,staging,4200,194,86,fragile,6 d,45,spot,2026-10-10,2026-10-13,Padded box truck with staging buffer,90,36,per-tonne contract,24.3,3770000,14:00-22:00,86,34,26,65,,fragile regional exports,Needs bracing and should avoid dusty or heavy loads.,cement|heavy machinery|wet cargo
SHP-01653,kashmir,Bharat Collective,Speciality ginger and citrus,fresh produce,Baramulla,Ludhiana,706,road,6300,138,77,chilled,60 h,62,contract,2026-10-17,2026-10-19,Ventilated reefer truck,92,85,per-trip contract,13.9,16869000,06:00-10:00,81,10,2,15,,perishable agriculture,Requires food-safe handling and temperature discipline.,cement|chemicals|odour cargo
SHP-01654,kashmir,RetailLoop Export House,Packaged tea cartons,food-grade dry,Jammu,Amritsar,480,road,5400,127,76,dry,96 h,73,overflow,2026-10-31,2026-11-05,Food-grade dry van,79,61,spot market,12.0,5827000,10:00-14:00,62,17,25,64,,anchor-compatible FMCG backhaul,Can ride with packaged food and dry FMCG cargo.,cement|chemicals|hazardous
SHP-01655,kashmir,Riverline Industries,Reverse logistics parcels,parcel returns,Jammu,Ludhiana,127,staging,6800,76,84,ambient,60 h,67,spot,2026-10-01,2026-10-03,Parcel cage vehicle,82,11,spot market,24.2,3432000,06:00-10:00,77,40,4,22,,reverse logistics,Works well in staged consolidation waves.,loose food|hazardous
SHP-01656,kashmir,PortLink Distributors,Packaged tea cartons,food-grade dry,Pulwama,Delhi NCR,171,road,5200,129,83,dry,96 h,99,backhaul,2026-09-24,2026-09-26,Food-grade dry van,91,54,SLA contract,18.1,2430000,10:00-14:00,53,31,24,71,,anchor-compatible FMCG backhaul,Can ride with packaged food and dry FMCG cargo.,cement|chemicals|hazardous
SHP-01657,kashmir,Bharat Trade Network,Containerised export overflow,container export,Jammu,Jaipur,625,sea,4000,155,81,dry,60 h,57,premium,2026-09-25,2026-10-01,Sealed container feeder,75,23,SLA contract,37.9,11372000,14:00-22:00,93,25,119,5,,bulk export overflow,Best suited to feeder or port-linked consolidation.,loose perishable|fragile craft
SHP-01658,kashmir,Horizon Logistics,Containerised export overflow,container export,Sopore,Chandigarh,681,sea,3800,70,80,dry,48 h,63,overflow,2026-10-10,2026-10-15,Sealed container feeder,84,9,per-tonne contract,36.6,12147000,22:00-02:00,91,34,96,75,,bulk export overflow,Best suited to feeder or port-linked consolidation.,loose perishable|fragile craft
SHP-01659,kashmir,Metro Supply Co,Premium craft consignments,fragile craft,Pulwama,Jammu,316,staging,7000,61,89,fragile,24 h,59,contract,2026-10-28,2026-10-31,Padded box truck with staging buffer,84,51,per-trip contract,18.2,6929000,22:00-02:00,92,12,32,90,,premium fragile exports,Needs gentle handling and staging protection.,cement|heavy machinery|wet cargo
SHP-01660,kashmir,Horizon Foods,Textile bales,textile dry,Baramulla,Jammu,143,road,4400,207,68,dry,5 d,96,backhaul,2026-09-20,2026-09-21,Dry van with moisture guard,79,31,SLA contract,18.5,2052000,22:00-02:00,49,26,4,24,,dry industrial backhaul,Needs dry handling and moisture protection.,wet cargo|chemicals
SHP-01661,kashmir,CraftBridge Collective,Electronics returns,electronics,Srinagar,Amritsar,56,staging,7200,77,87,ambient,48 h,87,spot,2026-10-10,2026-10-16,Secure parcel truck,84,11,fixed monthly,18.2,1584000,10:00-14:00,87,39,28,51,,high-value reverse logistics,"Needs dry, secure movement and claims control.",wet cargo|magnetic cargo|loose food
SHP-01662,kashmir,Swift Export House,Spice cartons,food-grade dry,Pulwama,Jaipur,451,road,5600,41,90,ambient,6 d,31,overflow,2026-09-20,2026-09-21,Food-grade dry van,86,30,per-trip contract,11.0,7147000,14:00-22:00,56,20,7,17,,ambient food exports,Compatible with packaged food when odour control is maintained.,cement|chemicals|odour cargo
SHP-01663,kashmir,Spice Valley Industries,Regulated pharma samples,regulated pharma,Srinagar,Amritsar,57,air,23100,130,81,regulated,60 h,50,contract,2026-10-24,2026-10-26,Validated secure pharma uplift,89,12,dedicated fleet,14.3,4448000,14:00-22:00,36,49,125,252,SRI-DEL/BOM gateway,regulated high-value urgent,Needs chain-of-custody and compliance clearance.,food|cement|chemicals|unsecured parcels
SHP-01664,kashmir,National Export House,Packaged tea cartons,food-grade dry,Sopore,Delhi NCR,88,road,4000,137,87,dry,72 h,51,premium,2026-10-06,2026-10-12,Food-grade dry van,99,14,per-tonne contract,13.8,1324000,14:00-22:00,78,21,17,60,,anchor-compatible FMCG backhaul,Can ride with packaged food and dry FMCG cargo.,cement|chemicals|hazardous
SHP-01665,kashmir,Summit Forwarders,Packaged tea cartons,food-grade dry,Srinagar,Delhi NCR,155,road,4700,130,80,dry,6 d,92,backhaul,2026-10-24,2026-10-27,Food-grade dry van,81,22,per-tonne contract,14.5,2542000,14:00-22:00,59,34,32,48,,anchor-compatible FMCG backhaul,Can ride with packaged food and dry FMCG cargo.,cement|chemicals|hazardous
SHP-01666,kashmir,PortLink Supply Co,Regulated pharma samples,regulated pharma,Baramulla,Amritsar,12,air,18600,58,89,regulated,5 d,31,spot,2026-09-19,2026-09-21,Validated secure pharma uplift,88,26,fixed monthly,16.6,809000,10:00-14:00,49,145,173,260,BAR-DEL/BOM gateway,regulated high-value urgent,Needs chain-of-custody and compliance clearance.,food|cement|chemicals|unsecured parcels
SHP-01667,kashmir,Spice Valley Forwarders,Electronics returns,electronics,Jammu,Jaipur,298,staging,6200,184,84,ambient,60 h,75,return,2026-10-08,2026-10-10,Secure parcel truck,84,50,per-tonne contract,23.4,8465000,22:00-02:00,49,13,11,74,,high-value reverse logistics,"Needs dry, secure movement and claims control.",wet cargo|magnetic cargo|loose food
SHP-01668,kashmir,Bharat Industries,Containerised export overflow,container export,Jammu,Ludhiana,423,sea,4400,197,80,dry,24 h,46,return,2026-10-25,2026-10-31,Sealed container feeder,70,25,per-tonne contract,40.9,8513000,14:00-22:00,99,19,88,68,,bulk export overflow,Best suited to feeder or port-linked consolidation.,loose perishable|fragile craft
SHP-01669,kashmir,AgroStar Supply Co,High value samples,secured samples,Anantnag,Jammu,63,air,22600,166,79,regulated,36 h,82,premium,2026-09-30,2026-10-02,Secure air cargo pouch,80,26,per-tonne contract,14.8,5806000,06:00-10:00,97,78,196,99,ANA-DEL/BOM gateway,high-value urgent,Needs secure handling and tight handoff control.,bulk cargo|unsecured parcels
SHP-01670,kashmir,Riverline Export House,Durable snacks overflow,food-grade dry,Jammu,Ludhiana,351,road,4200,56,81,ambient,72 h,71,overflow,2026-10-24,2026-10-29,Food-grade dry van,76,22,SLA contract,13.1,5222000,10:00-14:00,95,22,3,14,,anchor-compatible FMCG overflow,Highly compatible with Britannia-style packaged food lanes.,cement|chemicals|wet cargo
SHP-01671,kashmir,Tea Garden Forwarders,Packaged tea cartons,food-grade dry,Srinagar,Chandigarh,71,road,4700,149,85,dry,36 h,55,contract,2026-09-18,2026-09-20,Food-grade dry van,87,59,fixed monthly,12.9,934000,14:00-22:00,56,19,33,38,,anchor-compatible FMCG backhaul,Can ride with packaged food and dry FMCG cargo.,cement|chemicals|hazardous
SHP-01672,kashmir,Prime Consortium,Durable snacks overflow,food-grade dry,Anantnag,Chandigarh,43,road,3200,89,91,ambient,72 h,64,contract,2026-10-19,2026-10-24,Food-grade dry van,87,73,per-tonne contract,14.3,517000,14:00-22:00,64,25,24,15,,anchor-compatible FMCG overflow,Highly compatible with Britannia-style packaged food lanes.,cement|chemicals|wet cargo
SHP-01673,kashmir,Tea Garden Export House,Speciality ginger and citrus,fresh produce,Srinagar,Ludhiana,628,road,7600,88,89,chilled,36 h,34,return,2026-10-21,2026-10-25,Ventilated reefer truck,86,47,per-tonne contract,10.1,13464000,22:00-02:00,87,38,33,0,,perishable agriculture,Requires food-safe handling and temperature discipline.,cement|chemicals|odour cargo
SHP-01674,kashmir,National Supply Co,Durable snacks overflow,food-grade dry,Jammu,Amritsar,684,road,3100,185,88,ambient,72 h,92,return,2026-09-17,2026-09-18,Food-grade dry van,78,28,per-tonne contract,13.0,7047000,22:00-02:00,42,37,0,13,,anchor-compatible FMCG overflow,Highly compatible with Britannia-style packaged food lanes.,cement|chemicals|wet cargo
SHP-01675,kashmir,Swift Supply Co,Textile bales,textile dry,Srinagar,Ludhiana,492,road,3300,172,85,dry,6 d,40,overflow,2026-10-13,2026-10-18,Dry van with moisture guard,86,42,per-tonne contract,16.4,4692000,06:00-10:00,56,29,30,85,,dry industrial backhaul,Needs dry handling and moisture protection.,wet cargo|chemicals
SHP-01676,kashmir,Spice Valley Logistics,Reverse logistics parcels,parcel returns,Sopore,Jammu,275,staging,5200,29,74,ambient,60 h,38,overflow,2026-09-23,2026-09-29,Parcel cage vehicle,80,30,per-trip contract,21.5,3528000,06:00-10:00,97,15,10,37,,reverse logistics,Works well in staged consolidation waves.,loose food|hazardous
SHP-01677,kashmir,AgroStar Forwarders,Regulated pharma samples,regulated pharma,Pulwama,Jammu,27,air,19700,64,81,regulated,6 d,42,premium,2026-10-09,2026-10-10,Validated secure pharma uplift,87,56,fixed monthly,19.3,2000000,22:00-02:00,100,95,167,199,PUL-DEL/BOM gateway,regulated high-value urgent,Needs chain-of-custody and compliance clearance.,food|cement|chemicals|unsecured parcels
SHP-01678,kashmir,Swift Forwarders,Frozen bakery inputs,chilled food,Baramulla,Jammu,549,road,6900,68,79,chilled,5 d,51,backhaul,2026-10-11,2026-10-14,Reefer truck,92,18,per-tonne contract,16.4,13371000,22:00-02:00,95,20,25,24,,temperature-controlled food,Needs temperature-controlled carriage.,ambient dry cargo|cement|chemicals
SHP-01679,kashmir,Bharat Logistics,Coffee and cocoa sacks,food-grade dry,Anantnag,Amritsar,535,sea,3100,217,78,dry,5 d,76,premium,2026-10-26,2026-10-27,Dry container with odour guard,87,16,per-tonne contract,42.0,5546000,06:00-10:00,80,12,213,55,,bulk food export,Can consolidate with dry food cargo.,cement|chemicals|odour cargo
SHP-01680,kashmir,AgroStar Trade Network,Medical devices,regulated devices,Baramulla,Ludhiana,18,air,24200,187,79,regulated,72 h,38,premium,2026-10-05,2026-10-06,Secure high-value air cargo,75,7,spot market,15.4,1065000,14:00-22:00,64,119,148,155,BAR-DEL/BOM gateway,regulated high-value urgent,Needs secure handling and documented custody.,cement|chemicals|unsealed food
SHP-01681,kashmir,Summit Consortium,High value samples,secured samples,Anantnag,Delhi NCR,47,air,36500,117,90,regulated,12 h,93,premium,2026-09-23,2026-09-25,Secure air cargo pouch,80,53,fixed monthly,15.8,5669000,10:00-14:00,86,171,133,232,ANA-DEL/BOM gateway,high-value urgent,Needs secure handling and tight handoff control.,bulk cargo|unsecured parcels
SHP-01682,kashmir,PortLink Collective,Speciality ginger and citrus,fresh produce,Srinagar,Ludhiana,127,road,7200,186,81,chilled,60 h,33,contract,2026-10-28,2026-10-31,Ventilated reefer truck,87,30,fixed monthly,19.8,4353000,14:00-22:00,98,26,6,10,,perishable agriculture,Requires food-safe handling and temperature discipline.,cement|chemicals|odour cargo
SHP-01683,kashmir,PortLink Collective,Premium craft consignments,fragile craft,Anantnag,Amritsar,105,staging,6200,103,84,fragile,60 h,81,spot,2026-10-13,2026-10-14,Padded box truck with staging buffer,91,28,fixed monthly,20.4,2483000,06:00-10:00,95,12,30,76,,premium fragile exports,Needs gentle handling and staging protection.,cement|heavy machinery|wet cargo
SHP-01684,kashmir,Prime Consortium,Packaged tea cartons,food-grade dry,Anantnag,Delhi NCR,337,road,3800,76,88,dry,96 h,38,spot,2026-10-11,2026-10-12,Food-grade dry van,77,53,dedicated fleet,14.8,5933000,22:00-02:00,74,32,13,54,,anchor-compatible FMCG backhaul,Can ride with packaged food and dry FMCG cargo.,cement|chemicals|hazardous
SHP-01685,kashmir,Eastern Trade Network,High value samples,secured samples,Jammu,Delhi NCR,28,air,26300,49,87,regulated,72 h,27,overflow,2026-10-08,2026-10-09,Secure air cargo pouch,87,22,per-trip contract,17.8,1935000,22:00-02:00,45,131,165,295,JAM-DEL/BOM gateway,high-value urgent,Needs secure handling and tight handoff control.,bulk cargo|unsecured parcels
SHP-01686,kashmir,Prime Supply Co,Textile bales,textile dry,Srinagar,Ludhiana,444,road,3200,149,86,dry,96 h,34,premium,2026-10-22,2026-10-26,Dry van with moisture guard,83,64,dedicated fleet,15.4,3490000,14:00-22:00,57,13,7,40,,dry industrial backhaul,Needs dry handling and moisture protection.,wet cargo|chemicals
SHP-01687,kashmir,Riverline Consortium,Reverse logistics parcels,parcel returns,Sopore,Jaipur,280,staging,4900,100,96,ambient,5 d,73,spot,2026-10-08,2026-10-09,Parcel cage vehicle,94,16,per-tonne contract,18.1,4963000,06:00-10:00,62,41,19,39,,reverse logistics,Works well in staged consolidation waves.,loose food|hazardous
SHP-01688,kashmir,Horizon Collective,Containerised export overflow,container export,Srinagar,Ludhiana,869,sea,2600,120,77,dry,36 h,63,spot,2026-09-25,2026-09-26,Sealed container feeder,96,24,SLA contract,35.9,9138000,10:00-14:00,95,18,206,47,,bulk export overflow,Best suited to feeder or port-linked consolidation.,loose perishable|fragile craft
SHP-01689,kashmir,Healthline Distributors,Bamboo panels and handicrafts,fragile craft,Srinagar,Jaipur,182,staging,5500,46,80,fragile,60 h,82,contract,2026-10-30,2026-10-31,Padded box truck with staging buffer,71,14,SLA contract,17.1,3581000,22:00-02:00,94,37,25,87,,fragile regional exports,Needs bracing and should avoid dusty or heavy loads.,cement|heavy machinery|wet cargo
SHP-01690,kashmir,CraftBridge Consortium,Spice cartons,food-grade dry,Srinagar,Jaipur,571,road,4700,105,72,ambient,6 d,34,backhaul,2026-10-19,2026-10-21,Food-grade dry van,88,20,fixed monthly,11.1,8641000,14:00-22:00,49,26,30,58,,ambient food exports,Compatible with packaged food when odour control is maintained.,cement|chemicals|odour cargo
SHP-01691,kashmir,National Supply Co,Regulated pharma samples,regulated pharma,Jammu,Jammu,17,air,29000,181,84,regulated,24 h,71,overflow,2026-10-15,2026-10-17,Validated secure pharma uplift,83,44,spot market,12.1,1651000,22:00-02:00,54,95,106,242,JAM-DEL/BOM gateway,regulated high-value urgent,Needs chain-of-custody and compliance clearance.,food|cement|chemicals|unsecured parcels
SHP-01692,kashmir,Horizon Trade Network,Spice cartons,food-grade dry,Sopore,Jaipur,499,road,5800,44,89,ambient,48 h,59,premium,2026-10-15,2026-10-19,Food-grade dry van,80,41,dedicated fleet,12.6,8972000,22:00-02:00,87,25,9,46,,ambient food exports,Compatible with packaged food when odour control is maintained.,cement|chemicals|odour cargo
SHP-01693,kashmir,National Supply Co,High value samples,secured samples,Baramulla,Ludhiana,10,air,23100,86,91,regulated,60 h,51,spot,2026-10-19,2026-10-20,Secure air cargo pouch,68,14,fixed monthly,11.0,726000,14:00-22:00,60,122,45,279,BAR-DEL/BOM gateway,high-value urgent,Needs secure handling and tight handoff control.,bulk cargo|unsecured parcels
SHP-01694,kashmir,Metro Consortium,Frozen bakery inputs,chilled food,Baramulla,Amritsar,46,road,6600,166,78,chilled,6 d,97,backhaul,2026-10-12,2026-10-14,Reefer truck,82,6,per-trip contract,12.1,1320000,10:00-14:00,95,12,11,55,,temperature-controlled food,Needs temperature-controlled carriage.,ambient dry cargo|cement|chemicals
SHP-01695,kashmir,PortLink Supply Co,Frozen bakery inputs,chilled food,Srinagar,Jammu,309,road,7700,92,87,chilled,24 h,24,contract,2026-10-02,2026-10-06,Reefer truck,77,65,per-trip contract,12.2,9545000,14:00-22:00,48,39,6,29,,temperature-controlled food,Needs temperature-controlled carriage.,ambient dry cargo|cement|chemicals
SHP-01696,kashmir,Eastern Forwarders,Electronics returns,electronics,Pulwama,Chandigarh,132,staging,6600,163,87,ambient,5 d,83,backhaul,2026-10-06,2026-10-11,Secure parcel truck,78,12,per-tonne contract,19.6,2527000,14:00-22:00,65,42,20,25,,high-value reverse logistics,"Needs dry, secure movement and claims control.",wet cargo|magnetic cargo|loose food
SHP-01697,kashmir,Bharat Industries,Electronics returns,electronics,Baramulla,Jammu,377,staging,7500,173,83,ambient,24 h,28,spot,2026-10-18,2026-10-19,Secure parcel truck,84,36,dedicated fleet,19.5,9121000,14:00-22:00,84,29,5,89,,high-value reverse logistics,"Needs dry, secure movement and claims control.",wet cargo|magnetic cargo|loose food
SHP-01698,kashmir,Bharat Collective,Frozen bakery inputs,chilled food,Anantnag,Jaipur,444,road,8800,83,82,chilled,48 h,46,contract,2026-10-17,2026-10-23,Reefer truck,86,70,per-tonne contract,14.7,14545000,06:00-10:00,44,21,30,8,,temperature-controlled food,Needs temperature-controlled carriage.,ambient dry cargo|cement|chemicals
SHP-01699,kashmir,AgroStar Export House,Durable snacks overflow,food-grade dry,Jammu,Jammu,665,road,4700,130,80,ambient,72 h,42,overflow,2026-10-23,2026-10-25,Food-grade dry van,89,9,spot market,12.3,13605000,22:00-02:00,46,39,30,7,,anchor-compatible FMCG overflow,Highly compatible with Britannia-style packaged food lanes.,cement|chemicals|wet cargo
SHP-01700,kashmir,Horizon Distributors,Packaged tea cartons,food-grade dry,Baramulla,Jaipur,267,road,4900,160,85,dry,96 h,41,contract,2026-10-12,2026-10-18,Food-grade dry van,69,47,fixed monthly,11.9,5974000,10:00-14:00,97,15,16,52,,anchor-compatible FMCG backhaul,Can ride with packaged food and dry FMCG cargo.,cement|chemicals|hazardous
SHP-01701,kashmir,Spice Valley Forwarders,Packaged tea cartons,food-grade dry,Srinagar,Jaipur,430,road,4200,123,90,dry,24 h,24,spot,2026-10-05,2026-10-07,Food-grade dry van,75,40,fixed monthly,15.2,4856000,10:00-14:00,83,43,9,78,,anchor-compatible FMCG backhaul,Can ride with packaged food and dry FMCG cargo.,cement|chemicals|hazardous
SHP-01702,kashmir,CraftBridge Collective,Bamboo panels and handicrafts,fragile craft,Anantnag,Amritsar,172,staging,4500,129,85,fragile,5 d,68,backhaul,2026-10-02,2026-10-03,Padded box truck with staging buffer,69,40,spot market,22.4,3427000,22:00-02:00,55,10,16,58,,fragile regional exports,Needs bracing and should avoid dusty or heavy loads.,cement|heavy machinery|wet cargo
SHP-01703,kashmir,BluePeak Collective,Containerised export overflow,container export,Anantnag,Amritsar,443,sea,4000,108,73,dry,36 h,27,premium,2026-10-26,2026-10-28,Sealed container feeder,67,61,per-tonne contract,42.8,4839000,14:00-22:00,61,18,194,83,,bulk export overflow,Best suited to feeder or port-linked consolidation.,loose perishable|fragile craft
SHP-01704,kashmir,Summit Distributors,Bamboo panels and handicrafts,fragile craft,Baramulla,Delhi NCR,280,staging,5400,120,70,fragile,60 h,28,premium,2026-10-07,2026-10-10,Padded box truck with staging buffer,80,28,dedicated fleet,24.2,3806000,06:00-10:00,94,44,18,2,,fragile regional exports,Needs bracing and should avoid dusty or heavy loads.,cement|heavy machinery|wet cargo
SHP-01705,kashmir,Metro Industries,Premium craft consignments,fragile craft,Jammu,Amritsar,220,staging,5200,187,82,fragile,48 h,31,premium,2026-10-02,2026-10-04,Padded box truck with staging buffer,70,35,per-trip contract,23.8,3750000,10:00-14:00,83,41,31,42,,premium fragile exports,Needs gentle handling and staging protection.,cement|heavy machinery|wet cargo
SHP-01706,kashmir,Eastern Collective,Packaged tea cartons,food-grade dry,Sopore,Chandigarh,646,road,4100,45,85,dry,48 h,92,spot,2026-10-18,2026-10-21,Food-grade dry van,87,38,per-trip contract,11.2,10915000,14:00-22:00,66,28,3,23,,anchor-compatible FMCG backhaul,Can ride with packaged food and dry FMCG cargo.,cement|chemicals|hazardous
SHP-01707,kashmir,Greenfield Consortium,Textile bales,textile dry,Baramulla,Ludhiana,50,road,5100,31,82,dry,72 h,56,premium,2026-09-20,2026-09-26,Dry van with moisture guard,71,34,spot market,7.8,671000,22:00-02:00,41,39,9,0,,dry industrial backhaul,Needs dry handling and moisture protection.,wet cargo|chemicals
SHP-01708,kashmir,CraftBridge Industries,Bamboo panels and handicrafts,fragile craft,Jammu,Amritsar,61,staging,6900,57,81,fragile,48 h,68,spot,2026-10-22,2026-10-26,Padded box truck with staging buffer,78,34,SLA contract,18.2,1202000,10:00-14:00,38,32,24,49,,fragile regional exports,Needs bracing and should avoid dusty or heavy loads.,cement|heavy machinery|wet cargo
SHP-01709,kashmir,Riverline Distributors,Reverse logistics parcels,parcel returns,Anantnag,Amritsar,28,staging,6200,160,86,ambient,36 h,38,return,2026-09-25,2026-09-26,Parcel cage vehicle,77,38,fixed monthly,22.8,655000,14:00-22:00,90,10,27,38,,reverse logistics,Works well in staged consolidation waves.,loose food|hazardous
SHP-01710,kashmir,CraftBridge Forwarders,Reverse logistics parcels,parcel returns,Srinagar,Jammu,144,staging,6300,85,78,ambient,60 h,47,contract,2026-10-20,2026-10-26,Parcel cage vehicle,83,50,SLA contract,20.0,3347000,10:00-14:00,79,11,5,63,,reverse logistics,Works well in staged consolidation waves.,loose food|hazardous
SHP-01711,kashmir,AgroStar Industries,Durable snacks overflow,food-grade dry,Srinagar,Delhi NCR,274,road,4700,58,78,ambient,48 h,84,premium,2026-09-17,2026-09-22,Food-grade dry van,87,29,per-tonne contract,14.9,4222000,22:00-02:00,71,35,15,50,,anchor-compatible FMCG overflow,Highly compatible with Britannia-style packaged food lanes.,cement|chemicals|wet cargo
SHP-01712,kashmir,Spice Valley Collective,Coffee and cocoa sacks,food-grade dry,Jammu,Delhi NCR,723,sea,4200,71,84,dry,36 h,52,spot,2026-10-28,2026-11-01,Dry container with odour guard,94,46,per-tonne contract,38.1,9443000,06:00-10:00,36,40,135,52,,bulk food export,Can consolidate with dry food cargo.,cement|chemicals|odour cargo
SHP-01713,kashmir,PortLink Collective,Premium craft consignments,fragile craft,Anantnag,Delhi NCR,290,staging,6400,67,81,fragile,24 h,67,premium,2026-09-26,2026-09-30,Padded box truck with staging buffer,83,43,SLA contract,18.7,5731000,22:00-02:00,86,37,28,3,,premium fragile exports,Needs gentle handling and staging protection.,cement|heavy machinery|wet cargo
SHP-01714,kashmir,National Consortium,High value samples,secured samples,Anantnag,Chandigarh,17,air,26800,104,79,regulated,36 h,69,overflow,2026-10-21,2026-10-22,Secure air cargo pouch,83,64,spot market,11.5,2027000,10:00-14:00,39,104,52,57,ANA-DEL/BOM gateway,high-value urgent,Needs secure handling and tight handoff control.,bulk cargo|unsecured parcels
SHP-01715,kashmir,RetailLoop Trade Network,Premium craft consignments,fragile craft,Anantnag,Ludhiana,23,staging,8700,68,82,fragile,24 h,49,overflow,2026-10-01,2026-10-03,Padded box truck with staging buffer,67,31,fixed monthly,16.2,908000,06:00-10:00,49,23,35,1,,premium fragile exports,Needs gentle handling and staging protection.,cement|heavy machinery|wet cargo
SHP-01716,kashmir,AgroStar Supply Co,Regulated pharma samples,regulated pharma,Anantnag,Delhi NCR,39,air,16500,125,82,regulated,60 h,74,return,2026-09-21,2026-09-23,Validated secure pharma uplift,82,42,per-tonne contract,14.7,1817000,22:00-02:00,78,60,213,155,ANA-DEL/BOM gateway,regulated high-value urgent,Needs chain-of-custody and compliance clearance.,food|cement|chemicals|unsecured parcels
SHP-01717,kashmir,Summit Supply Co,Containerised export overflow,container export,Baramulla,Amritsar,552,sea,4500,124,93,dry,36 h,78,return,2026-09-26,2026-10-01,Sealed container feeder,88,29,fixed monthly,42.1,6559000,14:00-22:00,53,41,98,87,,bulk export overflow,Best suited to feeder or port-linked consolidation.,loose perishable|fragile craft
SHP-01718,kashmir,Greenfield Distributors,Medical devices,regulated devices,Anantnag,Chandigarh,42,air,22300,114,78,regulated,96 h,33,spot,2026-10-03,2026-10-05,Secure high-value air cargo,93,43,SLA contract,15.7,3787000,10:00-14:00,65,100,174,343,ANA-DEL/BOM gateway,regulated high-value urgent,Needs secure handling and documented custody.,cement|chemicals|unsealed food
SHP-01719,kashmir,Spice Valley Distributors,Premium craft consignments,fragile craft,Pulwama,Amritsar,400,staging,6900,93,80,fragile,6 d,86,backhaul,2026-10-26,2026-10-29,Padded box truck with staging buffer,90,29,per-tonne contract,22.0,8874000,14:00-22:00,38,18,25,59,,premium fragile exports,Needs gentle handling and staging protection.,cement|heavy machinery|wet cargo
SHP-01720,kashmir,Tea Garden Trade Network,Bamboo panels and handicrafts,fragile craft,Jammu,Chandigarh,331,staging,4300,192,88,fragile,24 h,98,premium,2026-09-28,2026-09-29,Padded box truck with staging buffer,90,32,per-trip contract,23.1,6133000,06:00-10:00,93,20,2,61,,fragile regional exports,Needs bracing and should avoid dusty or heavy loads.,cement|heavy machinery|wet cargo
SHP-01721,kashmir,Healthline Logistics,Containerised export overflow,container export,Srinagar,Jaipur,711,sea,3300,57,91,dry,5 d,95,premium,2026-10-08,2026-10-12,Sealed container feeder,70,14,per-trip contract,41.4,7420000,14:00-22:00,71,33,138,10,,bulk export overflow,Best suited to feeder or port-linked consolidation.,loose perishable|fragile craft
SHP-01722,kashmir,Horizon Foods,Durable snacks overflow,food-grade dry,Jammu,Amritsar,71,road,4200,89,88,ambient,5 d,59,contract,2026-09-28,2026-10-03,Food-grade dry van,80,39,per-tonne contract,13.1,884000,14:00-22:00,56,35,20,4,,anchor-compatible FMCG overflow,Highly compatible with Britannia-style packaged food lanes.,cement|chemicals|wet cargo
SHP-01723,kashmir,Bharat Logistics,Packaged tea cartons,food-grade dry,Pulwama,Jaipur,180,road,4800,35,96,dry,72 h,91,contract,2026-10-03,2026-10-06,Food-grade dry van,81,32,per-trip contract,7.8,3275000,06:00-10:00,38,32,15,40,,anchor-compatible FMCG backhaul,Can ride with packaged food and dry FMCG cargo.,cement|chemicals|hazardous
SHP-01724,kashmir,Tea Garden Supply Co,Containerised export overflow,container export,Pulwama,Ludhiana,391,sea,4200,92,84,dry,36 h,26,premium,2026-10-17,2026-10-22,Sealed container feeder,72,21,SLA contract,39.2,7265000,06:00-10:00,96,11,57,18,,bulk export overflow,Best suited to feeder or port-linked consolidation.,loose perishable|fragile craft
SHP-01725,kashmir,Eastern Distributors,Spice cartons,food-grade dry,Baramulla,Chandigarh,77,road,5500,35,75,ambient,48 h,79,spot,2026-10-12,2026-10-18,Food-grade dry van,89,75,per-tonne contract,9.0,1698000,22:00-02:00,55,42,24,4,,ambient food exports,Compatible with packaged food when odour control is maintained.,cement|chemicals|odour cargo
SHP-01726,kashmir,Prime Export House,Speciality ginger and citrus,fresh produce,Anantnag,Amritsar,65,road,5700,64,80,chilled,5 d,54,overflow,2026-10-11,2026-10-16,Ventilated reefer truck,93,38,per-trip contract,9.5,1328000,14:00-22:00,63,36,3,2,,perishable agriculture,Requires food-safe handling and temperature discipline.,cement|chemicals|odour cargo
SHP-01727,kashmir,Bharat Supply Co,Frozen bakery inputs,chilled food,Jammu,Amritsar,128,road,6400,109,83,chilled,96 h,43,return,2026-10-21,2026-10-24,Reefer truck,68,73,SLA contract,10.0,2821000,10:00-14:00,79,25,29,70,,temperature-controlled food,Needs temperature-controlled carriage.,ambient dry cargo|cement|chemicals
SHP-01728,kashmir,Eastern Industries,High value samples,secured samples,Baramulla,Delhi NCR,66,air,26000,52,79,regulated,36 h,71,backhaul,2026-10-07,2026-10-09,Secure air cargo pouch,88,47,per-trip contract,14.6,4828000,22:00-02:00,80,129,97,186,BAR-DEL/BOM gateway,high-value urgent,Needs secure handling and tight handoff control.,bulk cargo|unsecured parcels
SHP-01729,kashmir,RetailLoop Supply Co,Durable snacks overflow,food-grade dry,Anantnag,Amritsar,446,road,4700,80,86,ambient,24 h,59,premium,2026-10-09,2026-10-13,Food-grade dry van,74,61,per-trip contract,16.3,8723000,14:00-22:00,67,38,27,59,,anchor-compatible FMCG overflow,Highly compatible with Britannia-style packaged food lanes.,cement|chemicals|wet cargo
SHP-01730,kashmir,AgroStar Forwarders,Premium craft consignments,fragile craft,Anantnag,Ludhiana,306,staging,8300,184,79,fragile,36 h,91,overflow,2026-09-23,2026-09-28,Padded box truck with staging buffer,78,26,spot market,23.6,5766000,06:00-10:00,93,37,14,49,,premium fragile exports,Needs gentle handling and staging protection.,cement|heavy machinery|wet cargo
SHP-01731,kashmir,RetailLoop Industries,Bamboo panels and handicrafts,fragile craft,Anantnag,Chandigarh,43,staging,6400,133,76,fragile,5 d,70,premium,2026-10-12,2026-10-13,Padded box truck with staging buffer,74,72,spot market,19.2,1000000,14:00-22:00,96,42,27,76,,fragile regional exports,Needs bracing and should avoid dusty or heavy loads.,cement|heavy machinery|wet cargo
SHP-01732,kashmir,Horizon Collective,Frozen bakery inputs,chilled food,Anantnag,Delhi NCR,82,road,7400,143,81,chilled,60 h,60,contract,2026-10-02,2026-10-08,Reefer truck,86,61,per-tonne contract,16.9,2891000,10:00-14:00,65,26,26,74,,temperature-controlled food,Needs temperature-controlled carriage.,ambient dry cargo|cement|chemicals
SHP-01733,kashmir,Spice Valley Consortium,Packaged tea cartons,food-grade dry,Sopore,Ludhiana,265,road,5100,148,99,dry,60 h,76,return,2026-10-02,2026-10-03,Food-grade dry van,67,36,per-trip contract,13.6,4317000,22:00-02:00,50,30,16,41,,anchor-compatible FMCG backhaul,Can ride with packaged food and dry FMCG cargo.,cement|chemicals|hazardous
SHP-01734,kashmir,PortLink Supply Co,Textile bales,textile dry,Baramulla,Amritsar,607,road,4700,38,85,dry,60 h,72,premium,2026-09-30,2026-10-01,Dry van with moisture guard,78,26,SLA contract,10.9,8138000,22:00-02:00,80,37,16,25,,dry industrial backhaul,Needs dry handling and moisture protection.,wet cargo|chemicals
SHP-01735,kashmir,Riverline Distributors,Reverse logistics parcels,parcel returns,Pulwama,Jaipur,405,staging,6300,154,87,ambient,5 d,56,backhaul,2026-09-30,2026-10-05,Parcel cage vehicle,71,2,SLA contract,17.0,8107000,22:00-02:00,98,26,21,88,,reverse logistics,Works well in staged consolidation waves.,loose food|hazardous
SHP-01736,kashmir,Eastern Trade Network,Durable snacks overflow,food-grade dry,Pulwama,Delhi NCR,216,road,3600,134,84,ambient,24 h,87,contract,2026-09-28,2026-10-02,Food-grade dry van,83,77,fixed monthly,11.8,3447000,22:00-02:00,42,29,12,51,,anchor-compatible FMCG overflow,Highly compatible with Britannia-style packaged food lanes.,cement|chemicals|wet cargo
SHP-01737,kashmir,Greenfield Export House,Premium craft consignments,fragile craft,Pulwama,Chandigarh,284,staging,5900,32,83,fragile,5 d,92,spot,2026-10-23,2026-10-25,Padded box truck with staging buffer,70,27,dedicated fleet,20.6,5643000,10:00-14:00,65,13,10,4,,premium fragile exports,Needs gentle handling and staging protection.,cement|heavy machinery|wet cargo
SHP-01738,kashmir,Healthline Consortium,Packaged tea cartons,food-grade dry,Srinagar,Ludhiana,427,road,4600,77,91,dry,48 h,38,overflow,2026-10-18,2026-10-24,Food-grade dry van,77,56,fixed monthly,9.3,8388000,14:00-22:00,99,24,22,59,,anchor-compatible FMCG backhaul,Can ride with packaged food and dry FMCG cargo.,cement|chemicals|hazardous
SHP-01739,kashmir,Spice Valley Industries,Electronics returns,electronics,Baramulla,Jaipur,386,staging,8300,118,82,ambient,96 h,41,overflow,2026-10-10,2026-10-13,Secure parcel truck,84,38,per-trip contract,18.7,12470000,06:00-10:00,63,36,23,77,,high-value reverse logistics,"Needs dry, secure movement and claims control.",wet cargo|magnetic cargo|loose food
SHP-01740,kashmir,CraftBridge Foods,Frozen bakery inputs,chilled food,Srinagar,Delhi NCR,149,road,7000,112,89,chilled,72 h,94,spot,2026-09-25,2026-09-28,Reefer truck,78,33,SLA contract,11.1,4763000,06:00-10:00,80,34,9,59,,temperature-controlled food,Needs temperature-controlled carriage.,ambient dry cargo|cement|chemicals
SHP-01741,kashmir,Swift Trade Network,Bamboo panels and handicrafts,fragile craft,Sopore,Jammu,367,staging,4600,181,77,fragile,72 h,89,premium,2026-10-30,2026-10-31,Padded box truck with staging buffer,83,33,per-tonne contract,22.2,4514000,22:00-02:00,85,20,23,19,,fragile regional exports,Needs bracing and should avoid dusty or heavy loads.,cement|heavy machinery|wet cargo
SHP-01742,kashmir,Spice Valley Forwarders,Bamboo panels and handicrafts,fragile craft,Baramulla,Chandigarh,210,staging,5300,38,78,fragile,96 h,40,return,2026-10-10,2026-10-13,Padded box truck with staging buffer,68,68,per-trip contract,20.3,3423000,06:00-10:00,82,26,4,54,,fragile regional exports,Needs bracing and should avoid dusty or heavy loads.,cement|heavy machinery|wet cargo
SHP-01743,kashmir,National Forwarders,Speciality ginger and citrus,fresh produce,Baramulla,Jaipur,140,road,6600,77,88,chilled,96 h,80,premium,2026-10-20,2026-10-24,Ventilated reefer truck,62,44,spot market,9.7,2730000,10:00-14:00,81,39,15,49,,perishable agriculture,Requires food-safe handling and temperature discipline.,cement|chemicals|odour cargo
SHP-01744,kashmir,CraftBridge Foods,Frozen bakery inputs,chilled food,Srinagar,Jaipur,92,road,6300,91,84,chilled,60 h,78,backhaul,2026-10-14,2026-10-18,Reefer truck,79,31,dedicated fleet,9.3,2466000,10:00-14:00,89,10,32,37,,temperature-controlled food,Needs temperature-controlled carriage.,ambient dry cargo|cement|chemicals
SHP-01745,kashmir,Bharat Forwarders,Durable snacks overflow,food-grade dry,Jammu,Amritsar,666,road,4200,123,86,ambient,6 d,63,contract,2026-10-25,2026-10-29,Food-grade dry van,81,27,per-tonne contract,14.4,12973000,22:00-02:00,35,21,35,46,,anchor-compatible FMCG overflow,Highly compatible with Britannia-style packaged food lanes.,cement|chemicals|wet cargo
SHP-01746,kashmir,Bharat Supply Co,Premium craft consignments,fragile craft,Anantnag,Jammu,254,staging,7500,117,87,fragile,96 h,66,contract,2026-09-30,2026-10-03,Padded box truck with staging buffer,86,38,dedicated fleet,20.4,5549000,10:00-14:00,38,16,25,3,,premium fragile exports,Needs gentle handling and staging protection.,cement|heavy machinery|wet cargo
SHP-01747,kashmir,Healthline Forwarders,Premium craft consignments,fragile craft,Jammu,Delhi NCR,247,staging,5400,117,78,fragile,6 d,29,overflow,2026-10-17,2026-10-23,Padded box truck with staging buffer,75,41,spot market,22.1,4623000,06:00-10:00,81,43,30,60,,premium fragile exports,Needs gentle handling and staging protection.,cement|heavy machinery|wet cargo
SHP-01748,kashmir,Greenfield Logistics,Packaged tea cartons,food-grade dry,Sopore,Ludhiana,479,road,4500,35,68,dry,24 h,77,spot,2026-10-17,2026-10-23,Food-grade dry van,79,45,per-trip contract,14.1,6824000,14:00-22:00,92,21,4,15,,anchor-compatible FMCG backhaul,Can ride with packaged food and dry FMCG cargo.,cement|chemicals|hazardous
SHP-01749,kashmir,CraftBridge Trade Network,Packaged tea cartons,food-grade dry,Jammu,Jammu,167,road,3900,75,80,dry,6 d,67,return,2026-10-16,2026-10-18,Food-grade dry van,82,32,per-tonne contract,13.6,1627000,10:00-14:00,43,23,19,43,,anchor-compatible FMCG backhaul,Can ride with packaged food and dry FMCG cargo.,cement|chemicals|hazardous
SHP-01750,kashmir,Spice Valley Collective,Frozen bakery inputs,chilled food,Sopore,Jammu,438,road,8900,88,93,chilled,72 h,70,backhaul,2026-10-20,2026-10-23,Reefer truck,81,21,dedicated fleet,14.4,15892000,06:00-10:00,35,44,10,69,,temperature-controlled food,Needs temperature-controlled carriage.,ambient dry cargo|cement|chemicals
SHP-01751,kashmir,AgroStar Distributors,Speciality ginger and citrus,fresh produce,Sopore,Amritsar,593,road,6500,213,91,chilled,36 h,30,overflow,2026-10-10,2026-10-13,Ventilated reefer truck,80,47,per-trip contract,19.3,13745000,10:00-14:00,89,27,27,8,,perishable agriculture,Requires food-safe handling and temperature discipline.,cement|chemicals|odour cargo
SHP-01752,kashmir,Bharat Logistics,Electronics returns,electronics,Baramulla,Chandigarh,33,staging,7400,132,91,ambient,24 h,29,contract,2026-10-31,2026-11-03,Secure parcel truck,86,88,spot market,18.8,655000,14:00-22:00,74,35,12,77,,high-value reverse logistics,"Needs dry, secure movement and claims control.",wet cargo|magnetic cargo|loose food
SHP-01753,kashmir,BluePeak Logistics,Packaged tea cartons,food-grade dry,Anantnag,Jaipur,191,road,4900,201,81,dry,24 h,55,contract,2026-10-06,2026-10-11,Food-grade dry van,74,20,per-tonne contract,14.5,2094000,14:00-22:00,60,16,27,87,,anchor-compatible FMCG backhaul,Can ride with packaged food and dry FMCG cargo.,cement|chemicals|hazardous
SHP-01754,kashmir,Tea Garden Trade Network,Speciality ginger and citrus,fresh produce,Sopore,Jaipur,49,road,4900,159,93,chilled,5 d,65,spot,2026-09-19,2026-09-22,Ventilated reefer truck,87,69,fixed monthly,12.1,973000,10:00-14:00,97,12,15,27,,perishable agriculture,Requires food-safe handling and temperature discipline.,cement|chemicals|odour cargo
SHP-01755,kashmir,Spice Valley Forwarders,Spice cartons,food-grade dry,Jammu,Delhi NCR,510,road,5300,83,87,ambient,5 d,33,return,2026-10-21,2026-10-22,Food-grade dry van,80,44,dedicated fleet,13.9,6054000,06:00-10:00,97,19,2,5,,ambient food exports,Compatible with packaged food when odour control is maintained.,cement|chemicals|odour cargo
SHP-01756,kashmir,Summit Logistics,Coffee and cocoa sacks,food-grade dry,Anantnag,Jaipur,1004,sea,3600,77,76,dry,60 h,57,overflow,2026-10-24,2026-10-26,Dry container with odour guard,90,66,SLA contract,36.3,17083000,06:00-10:00,62,37,204,7,,bulk food export,Can consolidate with dry food cargo.,cement|chemicals|odour cargo
SHP-01757,kashmir,Prime Foods,Textile bales,textile dry,Pulwama,Amritsar,281,road,4000,81,87,dry,6 d,28,contract,2026-09-23,2026-09-29,Dry van with moisture guard,67,43,spot market,13.8,3759000,10:00-14:00,65,28,31,27,,dry industrial backhaul,Needs dry handling and moisture protection.,wet cargo|chemicals
SHP-01758,kashmir,RetailLoop Trade Network,Containerised export overflow,container export,Jammu,Jaipur,1004,sea,3700,148,86,dry,96 h,26,return,2026-10-25,2026-10-28,Sealed container feeder,84,22,SLA contract,36.7,13466000,06:00-10:00,59,10,134,8,,bulk export overflow,Best suited to feeder or port-linked consolidation.,loose perishable|fragile craft
SHP-01759,kashmir,Eastern Logistics,Packaged tea cartons,food-grade dry,Baramulla,Delhi NCR,365,road,4800,88,87,dry,24 h,38,premium,2026-10-05,2026-10-07,Food-grade dry van,89,36,fixed monthly,10.2,4803000,14:00-22:00,72,31,7,70,,anchor-compatible FMCG backhaul,Can ride with packaged food and dry FMCG cargo.,cement|chemicals|hazardous
SHP-01760,kashmir,Eastern Consortium,Spice cartons,food-grade dry,Srinagar,Jaipur,651,road,5500,157,90,ambient,5 d,80,return,2026-10-14,2026-10-15,Food-grade dry van,97,26,fixed monthly,17.7,13470000,22:00-02:00,91,31,34,45,,ambient food exports,Compatible with packaged food when odour control is maintained.,cement|chemicals|odour cargo
SHP-01761,kashmir,Greenfield Trade Network,High value samples,secured samples,Baramulla,Jaipur,15,air,22500,155,89,regulated,72 h,37,premium,2026-10-01,2026-10-02,Secure air cargo pouch,78,34,per-trip contract,15.6,819000,14:00-22:00,91,164,118,148,BAR-DEL/BOM gateway,high-value urgent,Needs secure handling and tight handoff control.,bulk cargo|unsecured parcels
SHP-01762,kashmir,Spice Valley Trade Network,Speciality ginger and citrus,fresh produce,Anantnag,Chandigarh,261,road,5200,36,81,chilled,72 h,43,overflow,2026-10-08,2026-10-14,Ventilated reefer truck,80,32,fixed monthly,14.5,5715000,10:00-14:00,81,16,14,9,,perishable agriculture,Requires food-safe handling and temperature discipline.,cement|chemicals|odour cargo
SHP-01763,kashmir,AgroStar Collective,Packaged tea cartons,food-grade dry,Sopore,Delhi NCR,688,road,5200,56,80,dry,60 h,67,premium,2026-10-05,2026-10-07,Food-grade dry van,93,16,per-tonne contract,13.4,17041000,10:00-14:00,82,35,17,85,,anchor-compatible FMCG backhaul,Can ride with packaged food and dry FMCG cargo.,cement|chemicals|hazardous
SHP-01764,kashmir,RetailLoop Supply Co,Speciality ginger and citrus,fresh produce,Jammu,Jaipur,225,road,5000,196,86,chilled,5 d,52,overflow,2026-09-28,2026-09-29,Ventilated reefer truck,76,80,spot market,19.8,3661000,22:00-02:00,90,11,26,47,,perishable agriculture,Requires food-safe handling and temperature discipline.,cement|chemicals|odour cargo
SHP-01765,kashmir,Summit Foods,Medical devices,regulated devices,Srinagar,Amritsar,22,air,23700,100,80,regulated,48 h,26,overflow,2026-10-05,2026-10-07,Secure high-value air cargo,84,34,SLA contract,12.9,2191000,10:00-14:00,66,171,38,302,SRI-DEL/BOM gateway,regulated high-value urgent,Needs secure handling and documented custody.,cement|chemicals|unsealed food
SHP-01766,kashmir,Riverline Supply Co,Electronics returns,electronics,Pulwama,Delhi NCR,79,staging,8200,95,86,ambient,48 h,88,spot,2026-10-24,2026-10-29,Secure parcel truck,79,21,dedicated fleet,22.2,2334000,10:00-14:00,44,32,32,16,,high-value reverse logistics,"Needs dry, secure movement and claims control.",wet cargo|magnetic cargo|loose food
SHP-01767,kashmir,National Export House,Regulated pharma samples,regulated pharma,Anantnag,Jaipur,65,air,12900,116,86,regulated,5 d,30,backhaul,2026-10-22,2026-10-23,Validated secure pharma uplift,81,27,per-tonne contract,18.6,2580000,14:00-22:00,83,176,211,257,ANA-DEL/BOM gateway,regulated high-value urgent,Needs chain-of-custody and compliance clearance.,food|cement|chemicals|unsecured parcels
SHP-01768,kashmir,Riverline Logistics,Frozen bakery inputs,chilled food,Srinagar,Jaipur,72,road,8800,16,77,chilled,48 h,51,overflow,2026-09-21,2026-09-23,Reefer truck,77,43,per-tonne contract,10.4,1854000,10:00-14:00,47,31,12,27,,temperature-controlled food,Needs temperature-controlled carriage.,ambient dry cargo|cement|chemicals
SHP-01769,kashmir,Spice Valley Collective,Reverse logistics parcels,parcel returns,Pulwama,Amritsar,358,staging,5400,53,89,ambient,36 h,31,contract,2026-10-12,2026-10-15,Parcel cage vehicle,87,27,SLA contract,21.4,7143000,14:00-22:00,86,26,13,37,,reverse logistics,Works well in staged consolidation waves.,loose food|hazardous
SHP-01770,kashmir,Spice Valley Forwarders,Packaged tea cartons,food-grade dry,Srinagar,Chandigarh,284,road,4900,186,83,dry,48 h,47,premium,2026-10-14,2026-10-15,Food-grade dry van,71,23,dedicated fleet,20.0,6634000,22:00-02:00,38,42,34,80,,anchor-compatible FMCG backhaul,Can ride with packaged food and dry FMCG cargo.,cement|chemicals|hazardous
SHP-01771,kashmir,RetailLoop Collective,Electronics returns,electronics,Sopore,Jammu,131,staging,6300,181,85,ambient,72 h,25,overflow,2026-10-14,2026-10-15,Secure parcel truck,84,40,spot market,22.8,2889000,22:00-02:00,67,32,17,15,,high-value reverse logistics,"Needs dry, secure movement and claims control.",wet cargo|magnetic cargo|loose food
SHP-01772,kashmir,Greenfield Industries,Coffee and cocoa sacks,food-grade dry,Jammu,Chandigarh,825,sea,2800,66,77,dry,24 h,76,backhaul,2026-09-22,2026-09-28,Dry container with odour guard,81,34,per-tonne contract,41.9,7753000,22:00-02:00,56,12,74,24,,bulk food export,Can consolidate with dry food cargo.,cement|chemicals|odour cargo
SHP-01773,kashmir,Horizon Forwarders,Spice cartons,food-grade dry,Baramulla,Delhi NCR,385,road,4500,106,91,ambient,60 h,72,spot,2026-10-08,2026-10-11,Food-grade dry van,85,38,dedicated fleet,10.0,6805000,06:00-10:00,52,20,13,27,,ambient food exports,Compatible with packaged food when odour control is maintained.,cement|chemicals|odour cargo
SHP-01774,kashmir,Swift Trade Network,Containerised export overflow,container export,Jammu,Jammu,616,sea,2900,71,82,dry,36 h,42,contract,2026-10-23,2026-10-29,Sealed container feeder,82,55,per-tonne contract,42.9,6557000,06:00-10:00,93,43,182,30,,bulk export overflow,Best suited to feeder or port-linked consolidation.,loose perishable|fragile craft
SHP-01775,kashmir,Bharat Industries,Bamboo panels and handicrafts,fragile craft,Anantnag,Jammu,384,staging,4800,171,81,fragile,72 h,82,spot,2026-09-19,2026-09-20,Padded box truck with staging buffer,90,49,fixed monthly,20.1,7310000,22:00-02:00,96,35,6,10,,fragile regional exports,Needs bracing and should avoid dusty or heavy loads.,cement|heavy machinery|wet cargo
SHP-01776,kashmir,Riverline Industries,Premium craft consignments,fragile craft,Sopore,Jaipur,125,staging,7200,58,84,fragile,36 h,99,contract,2026-10-02,2026-10-08,Padded box truck with staging buffer,64,8,per-trip contract,21.7,2179000,14:00-22:00,69,14,16,76,,premium fragile exports,Needs gentle handling and staging protection.,cement|heavy machinery|wet cargo
SHP-01777,kashmir,Riverline Supply Co,Speciality ginger and citrus,fresh produce,Srinagar,Jaipur,169,road,5900,60,90,chilled,6 d,39,spot,2026-09-17,2026-09-18,Ventilated reefer truck,70,41,SLA contract,9.3,3313000,06:00-10:00,97,22,20,56,,perishable agriculture,Requires food-safe handling and temperature discipline.,cement|chemicals|odour cargo
SHP-01778,kashmir,Bharat Export House,Bamboo panels and handicrafts,fragile craft,Baramulla,Jammu,183,staging,6500,67,80,fragile,72 h,29,backhaul,2026-09-22,2026-09-26,Padded box truck with staging buffer,80,19,fixed monthly,19.6,4697000,06:00-10:00,89,28,0,60,,fragile regional exports,Needs bracing and should avoid dusty or heavy loads.,cement|heavy machinery|wet cargo
SHP-01779,kashmir,Prime Export House,Medical devices,regulated devices,Pulwama,Jaipur,62,air,24500,104,87,regulated,6 d,69,premium,2026-10-18,2026-10-20,Secure high-value air cargo,93,17,fixed monthly,15.1,5382000,22:00-02:00,69,87,213,156,PUL-DEL/BOM gateway,regulated high-value urgent,Needs secure handling and documented custody.,cement|chemicals|unsealed food
SHP-01780,kashmir,Spice Valley Logistics,Electronics returns,electronics,Pulwama,Jammu,274,staging,6000,36,87,ambient,36 h,25,contract,2026-09-30,2026-10-03,Secure parcel truck,81,87,fixed monthly,16.4,6144000,14:00-22:00,64,31,3,2,,high-value reverse logistics,"Needs dry, secure movement and claims control.",wet cargo|magnetic cargo|loose food
SHP-01781,kashmir,Tea Garden Industries,Spice cartons,food-grade dry,Baramulla,Jaipur,377,road,4300,151,86,ambient,5 d,99,premium,2026-10-24,2026-10-29,Food-grade dry van,88,58,SLA contract,12.4,5352000,10:00-14:00,36,38,5,4,,ambient food exports,Compatible with packaged food when odour control is maintained.,cement|chemicals|odour cargo
SHP-01782,kashmir,Spice Valley Foods,Speciality ginger and citrus,fresh produce,Anantnag,Jammu,669,road,5800,127,88,chilled,6 d,63,return,2026-10-09,2026-10-14,Ventilated reefer truck,77,69,per-tonne contract,16.5,16632000,22:00-02:00,76,43,11,39,,perishable agriculture,Requires food-safe handling and temperature discipline.,cement|chemicals|odour cargo
SHP-01783,kashmir,Spice Valley Foods,Spice cartons,food-grade dry,Baramulla,Amritsar,225,road,6100,65,70,ambient,60 h,28,overflow,2026-09-25,2026-09-27,Food-grade dry van,65,60,fixed monthly,13.8,6045000,06:00-10:00,42,27,7,41,,ambient food exports,Compatible with packaged food when odour control is maintained.,cement|chemicals|odour cargo
SHP-01784,kashmir,AgroStar Consortium,Bamboo panels and handicrafts,fragile craft,Srinagar,Ludhiana,216,staging,5200,116,82,fragile,48 h,90,contract,2026-09-16,2026-09-20,Padded box truck with staging buffer,81,24,fixed monthly,21.4,4511000,14:00-22:00,84,40,11,21,,fragile regional exports,Needs bracing and should avoid dusty or heavy loads.,cement|heavy machinery|wet cargo
SHP-01785,kashmir,CraftBridge Trade Network,Packaged tea cartons,food-grade dry,Jammu,Jammu,42,road,4800,202,82,dry,96 h,31,return,2026-10-16,2026-10-22,Food-grade dry van,70,20,spot market,15.2,713000,06:00-10:00,45,19,18,19,,anchor-compatible FMCG backhaul,Can ride with packaged food and dry FMCG cargo.,cement|chemicals|hazardous
SHP-01786,kashmir,Prime Distributors,Medical devices,regulated devices,Sopore,Ludhiana,59,air,25000,94,74,regulated,96 h,50,spot,2026-09-19,2026-09-21,Secure high-value air cargo,90,45,fixed monthly,14.1,5342000,22:00-02:00,93,118,34,331,SOP-DEL/BOM gateway,regulated high-value urgent,Needs secure handling and documented custody.,cement|chemicals|unsealed food
SHP-01787,kashmir,Horizon Collective,Premium craft consignments,fragile craft,Sopore,Jaipur,393,staging,7000,87,88,fragile,6 d,68,return,2026-10-03,2026-10-07,Padded box truck with staging buffer,82,40,per-tonne contract,20.7,9574000,14:00-22:00,55,38,13,65,,premium fragile exports,Needs gentle handling and staging protection.,cement|heavy machinery|wet cargo
SHP-01788,kashmir,Summit Industries,Speciality ginger and citrus,fresh produce,Srinagar,Ludhiana,614,road,5900,126,76,chilled,96 h,90,premium,2026-09-20,2026-09-26,Ventilated reefer truck,75,21,dedicated fleet,11.5,8758000,10:00-14:00,36,21,22,1,,perishable agriculture,Requires food-safe handling and temperature discipline.,cement|chemicals|odour cargo
SHP-01789,kashmir,BluePeak Trade Network,Premium craft consignments,fragile craft,Jammu,Ludhiana,132,staging,8200,133,82,fragile,6 d,88,backhaul,2026-09-19,2026-09-24,Padded box truck with staging buffer,72,27,per-trip contract,18.8,3608000,14:00-22:00,91,39,30,43,,premium fragile exports,Needs gentle handling and staging protection.,cement|heavy machinery|wet cargo
SHP-01790,kashmir,AgroStar Supply Co,Containerised export overflow,container export,Srinagar,Jaipur,602,sea,3400,40,83,dry,36 h,72,spot,2026-10-21,2026-10-23,Sealed container feeder,85,16,spot market,41.7,5901000,14:00-22:00,89,33,67,22,,bulk export overflow,Best suited to feeder or port-linked consolidation.,loose perishable|fragile craft
SHP-01791,kashmir,PortLink Forwarders,Reverse logistics parcels,parcel returns,Pulwama,Chandigarh,340,staging,6100,130,86,ambient,6 d,50,contract,2026-10-19,2026-10-24,Parcel cage vehicle,85,28,per-tonne contract,19.2,9488000,06:00-10:00,47,41,11,36,,reverse logistics,Works well in staged consolidation waves.,loose food|hazardous
SHP-01792,kashmir,National Supply Co,Medical devices,regulated devices,Baramulla,Jaipur,50,air,24300,98,83,regulated,36 h,24,return,2026-10-01,2026-10-03,Secure high-value air cargo,92,34,SLA contract,21.7,2733000,14:00-22:00,49,164,171,334,BAR-DEL/BOM gateway,regulated high-value urgent,Needs secure handling and documented custody.,cement|chemicals|unsealed food
SHP-01793,kashmir,Metro Export House,Textile bales,textile dry,Srinagar,Jammu,256,road,3600,154,87,dry,36 h,35,premium,2026-09-19,2026-09-24,Dry van with moisture guard,86,52,fixed monthly,14.1,3738000,06:00-10:00,94,35,1,1,,dry industrial backhaul,Needs dry handling and moisture protection.,wet cargo|chemicals
SHP-01794,kashmir,Metro Industries,Premium craft consignments,fragile craft,Anantnag,Delhi NCR,144,staging,5900,85,78,fragile,60 h,50,return,2026-10-17,2026-10-21,Padded box truck with staging buffer,77,38,dedicated fleet,17.4,1897000,10:00-14:00,95,42,19,6,,premium fragile exports,Needs gentle handling and staging protection.,cement|heavy machinery|wet cargo
SHP-01795,kashmir,Bharat Trade Network,Electronics returns,electronics,Jammu,Chandigarh,221,staging,8200,78,73,ambient,96 h,94,premium,2026-09-20,2026-09-22,Secure parcel truck,86,48,dedicated fleet,17.0,4522000,10:00-14:00,56,26,0,26,,high-value reverse logistics,"Needs dry, secure movement and claims control.",wet cargo|magnetic cargo|loose food
SHP-01796,kashmir,Swift Export House,Durable snacks overflow,food-grade dry,Jammu,Jammu,712,road,3500,127,84,ambient,6 d,43,overflow,2026-10-06,2026-10-11,Food-grade dry van,72,30,spot market,18.3,6642000,10:00-14:00,71,39,22,14,,anchor-compatible FMCG overflow,Highly compatible with Britannia-style packaged food lanes.,cement|chemicals|wet cargo
SHP-01797,kashmir,Greenfield Trade Network,Frozen bakery inputs,chilled food,Baramulla,Jammu,160,road,8100,126,72,chilled,6 d,70,premium,2026-10-10,2026-10-16,Reefer truck,79,54,per-tonne contract,15.7,4761000,22:00-02:00,48,39,9,3,,temperature-controlled food,Needs temperature-controlled carriage.,ambient dry cargo|cement|chemicals
SHP-01798,kashmir,Bharat Supply Co,Containerised export overflow,container export,Baramulla,Delhi NCR,564,sea,3800,101,83,dry,5 d,84,backhaul,2026-10-04,2026-10-10,Sealed container feeder,74,40,per-trip contract,43.4,8296000,10:00-14:00,55,12,173,75,,bulk export overflow,Best suited to feeder or port-linked consolidation.,loose perishable|fragile craft
SHP-01799,kashmir,AgroStar Collective,Durable snacks overflow,food-grade dry,Sopore,Jaipur,538,road,3800,224,86,ambient,72 h,87,backhaul,2026-09-20,2026-09-24,Food-grade dry van,84,22,SLA contract,16.6,4791000,14:00-22:00,50,43,9,56,,anchor-compatible FMCG overflow,Highly compatible with Britannia-style packaged food lanes.,cement|chemicals|wet cargo
SHP-01800,kashmir,CraftBridge Consortium,Medical devices,regulated devices,Baramulla,Delhi NCR,37,air,22700,99,89,regulated,12 h,93,spot,2026-10-09,2026-10-11,Secure high-value air cargo,83,30,per-tonne contract,15.7,2618000,10:00-14:00,94,141,94,290,BAR-DEL/BOM gateway,regulated high-value urgent,Needs secure handling and documented custody.,cement|chemicals|unsealed food
SHP-01801,hyderabad,Summit Foods,Spice cartons,food-grade dry,Visakhapatnam,Nagpur,425,road,5000,105,88,ambient,5 d,65,premium,2026-09-16,2026-09-22,Food-grade dry van,64,26,spot market,25.3,7967000,14:00-22:00,64,13,6,78,,ambient food exports,Compatible with packaged food when odour control is maintained.,cement|chemicals|odour cargo
SHP-01802,hyderabad,Spice Valley Foods,Medical devices,regulated devices,Warangal,Mumbai,46,air,25500,91,91,regulated,96 h,68,backhaul,2026-10-21,2026-10-23,Secure high-value air cargo,87,30,dedicated fleet,12.2,2667000,22:00-02:00,36,132,147,69,WAR-DEL/BOM gateway,regulated high-value urgent,Needs secure handling and documented custody.,cement|chemicals|unsealed food
SHP-01803,hyderabad,Greenfield Consortium,Textile bales,textile dry,Visakhapatnam,Bengaluru,558,road,4000,153,96,dry,24 h,38,contract,2026-10-21,2026-10-27,Dry van with moisture guard,66,14,fixed monthly,20.3,7169000,06:00-10:00,56,39,12,64,,dry industrial backhaul,Needs dry handling and moisture protection.,wet cargo|chemicals
SHP-01804,hyderabad,Greenfield Forwarders,Premium craft consignments,fragile craft,Warangal,Pune,313,staging,8700,166,99,fragile,6 d,66,contract,2026-10-01,2026-10-02,Padded box truck with staging buffer,88,37,per-tonne contract,25.6,12322000,22:00-02:00,53,19,16,1,,premium fragile exports,Needs gentle handling and staging protection.,cement|heavy machinery|wet cargo
SHP-01805,hyderabad,Summit Industries,Medical devices,regulated devices,Nellore,Bengaluru,58,air,15100,138,95,regulated,5 d,47,spot,2026-10-22,2026-10-24,Secure high-value air cargo,85,19,per-tonne contract,18.3,3378000,22:00-02:00,67,153,189,101,NEL-DEL/BOM gateway,regulated high-value urgent,Needs secure handling and documented custody.,cement|chemicals|unsealed food
SHP-01806,hyderabad,BluePeak Industries,Packaged tea cartons,food-grade dry,Kurnool,Hyderabad,225,road,4400,145,99,dry,72 h,44,contract,2026-10-18,2026-10-24,Food-grade dry van,98,9,per-tonne contract,27.0,2828000,06:00-10:00,79,23,13,65,,anchor-compatible FMCG backhaul,Can ride with packaged food and dry FMCG cargo.,cement|chemicals|hazardous
SHP-01807,hyderabad,Horizon Collective,Coffee and cocoa sacks,food-grade dry,Vijayawada,Bengaluru,972,sea,3400,111,96,dry,48 h,52,overflow,2026-10-13,2026-10-14,Dry container with odour guard,82,32,SLA contract,46.6,13469000,06:00-10:00,88,17,78,14,,bulk food export,Can consolidate with dry food cargo.,cement|chemicals|odour cargo
SHP-01808,hyderabad,Horizon Distributors,Medical devices,regulated devices,Nellore,Pune,20,air,24500,75,83,regulated,96 h,24,overflow,2026-09-22,2026-09-23,Secure high-value air cargo,88,60,per-trip contract,12.7,2291000,14:00-22:00,40,58,93,81,NEL-DEL/BOM gateway,regulated high-value urgent,Needs secure handling and documented custody.,cement|chemicals|unsealed food
SHP-01809,hyderabad,National Trade Network,Reverse logistics parcels,parcel returns,Guntur,Pune,153,staging,5900,209,91,ambient,24 h,61,spot,2026-09-20,2026-09-22,Parcel cage vehicle,91,13,per-tonne contract,23.3,4081000,14:00-22:00,64,35,10,85,,reverse logistics,Works well in staged consolidation waves.,loose food|hazardous
SHP-01810,hyderabad,Healthline Foods,Reverse logistics parcels,parcel returns,Nellore,Nagpur,106,staging,4900,59,91,ambient,60 h,85,spot,2026-10-26,2026-10-27,Parcel cage vehicle,75,21,fixed monthly,26.3,1740000,22:00-02:00,79,19,5,12,,reverse logistics,Works well in staged consolidation waves.,loose food|hazardous
SHP-01811,hyderabad,Bharat Forwarders,Coffee and cocoa sacks,food-grade dry,Nellore,Hyderabad,533,sea,2900,78,98,dry,96 h,89,spot,2026-10-05,2026-10-09,Dry container with odour guard,91,16,per-tonne contract,54.3,6072000,06:00-10:00,51,12,98,67,,bulk food export,Can consolidate with dry food cargo.,cement|chemicals|odour cargo
SHP-01812,hyderabad,CraftBridge Foods,Reverse logistics parcels,parcel returns,Vijayawada,Pune,162,staging,6500,108,86,ambient,6 d,28,overflow,2026-10-30,2026-10-31,Parcel cage vehicle,73,37,SLA contract,23.5,2454000,10:00-14:00,38,38,0,11,,reverse logistics,Works well in staged consolidation waves.,loose food|hazardous
SHP-01813,hyderabad,Tea Garden Supply Co,Packaged tea cartons,food-grade dry,Visakhapatnam,Bengaluru,183,road,3800,119,86,dry,6 d,93,contract,2026-10-11,2026-10-16,Food-grade dry van,75,87,SLA contract,22.0,1924000,10:00-14:00,78,31,5,57,,anchor-compatible FMCG backhaul,Can ride with packaged food and dry FMCG cargo.,cement|chemicals|hazardous
SHP-01814,hyderabad,Eastern Logistics,High value samples,secured samples,Nellore,Pune,48,air,29000,76,92,regulated,48 h,44,spot,2026-10-18,2026-10-19,Secure air cargo pouch,89,62,per-trip contract,17.9,3765000,10:00-14:00,58,108,159,272,NEL-DEL/BOM gateway,high-value urgent,Needs secure handling and tight handoff control.,bulk cargo|unsecured parcels
SHP-01815,hyderabad,Bharat Export House,Electronics returns,electronics,Warangal,Chennai,365,staging,5400,90,83,ambient,60 h,53,premium,2026-10-03,2026-10-04,Secure parcel truck,87,35,per-tonne contract,25.6,9100000,06:00-10:00,41,14,20,82,,high-value reverse logistics,"Needs dry, secure movement and claims control.",wet cargo|magnetic cargo|loose food
SHP-01816,hyderabad,National Foods,Reverse logistics parcels,parcel returns,Guntur,Nagpur,157,staging,6900,73,85,ambient,96 h,84,premium,2026-10-24,2026-10-25,Parcel cage vehicle,86,34,per-trip contract,27.5,4390000,22:00-02:00,48,29,7,37,,reverse logistics,Works well in staged consolidation waves.,loose food|hazardous
SHP-01817,hyderabad,PortLink Industries,Frozen bakery inputs,chilled food,Warangal,Chennai,84,road,7100,160,95,chilled,96 h,67,contract,2026-10-25,2026-10-30,Reefer truck,76,25,dedicated fleet,23.7,2250000,22:00-02:00,88,45,16,87,,temperature-controlled food,Needs temperature-controlled carriage.,ambient dry cargo|cement|chemicals
SHP-01818,hyderabad,PortLink Collective,Packaged tea cartons,food-grade dry,Kurnool,Pune,415,road,4100,20,95,dry,48 h,46,overflow,2026-10-18,2026-10-24,Food-grade dry van,76,33,fixed monthly,19.9,7416000,22:00-02:00,88,38,5,9,,anchor-compatible FMCG backhaul,Can ride with packaged food and dry FMCG cargo.,cement|chemicals|hazardous
SHP-01819,hyderabad,BluePeak Logistics,Speciality ginger and citrus,fresh produce,Kurnool,Bengaluru,61,road,6600,122,85,chilled,60 h,72,return,2026-10-02,2026-10-07,Ventilated reefer truck,81,14,SLA contract,23.0,1515000,06:00-10:00,37,29,6,10,,perishable agriculture,Requires food-safe handling and temperature discipline.,cement|chemicals|odour cargo
SHP-01820,hyderabad,CraftBridge Logistics,Containerised export overflow,container export,Kurnool,Pune,467,sea,4100,150,85,dry,60 h,69,return,2026-10-09,2026-10-12,Sealed container feeder,87,12,per-tonne contract,53.7,6652000,22:00-02:00,71,26,117,76,,bulk export overflow,Best suited to feeder or port-linked consolidation.,loose perishable|fragile craft
SHP-01821,hyderabad,Healthline Supply Co,Medical devices,regulated devices,Vijayawada,Mumbai,59,air,20600,123,91,regulated,5 d,82,overflow,2026-09-18,2026-09-20,Secure high-value air cargo,81,10,per-trip contract,13.5,5359000,14:00-22:00,87,134,79,71,VIJ-DEL/BOM gateway,regulated high-value urgent,Needs secure handling and documented custody.,cement|chemicals|unsealed food
SHP-01822,hyderabad,Greenfield Consortium,Spice cartons,food-grade dry,Visakhapatnam,Bengaluru,96,road,4100,171,98,ambient,5 d,52,backhaul,2026-09-22,2026-09-27,Food-grade dry van,75,45,spot market,26.2,1563000,22:00-02:00,72,23,27,1,,ambient food exports,Compatible with packaged food when odour control is maintained.,cement|chemicals|odour cargo
SHP-01823,hyderabad,National Logistics,Durable snacks overflow,food-grade dry,Guntur,Nagpur,479,road,3400,212,88,ambient,24 h,59,contract,2026-10-16,2026-10-17,Food-grade dry van,86,34,fixed monthly,29.3,4636000,06:00-10:00,40,27,5,37,,anchor-compatible FMCG overflow,Highly compatible with Britannia-style packaged food lanes.,cement|chemicals|wet cargo
SHP-01824,hyderabad,Tea Garden Collective,Medical devices,regulated devices,Kurnool,Pune,44,air,19800,122,94,regulated,48 h,50,contract,2026-10-21,2026-10-22,Secure high-value air cargo,75,19,fixed monthly,17.2,4070000,10:00-14:00,98,125,63,221,KUR-DEL/BOM gateway,regulated high-value urgent,Needs secure handling and documented custody.,cement|chemicals|unsealed food
SHP-01825,hyderabad,AgroStar Collective,High value samples,secured samples,Visakhapatnam,Chennai,45,air,21600,98,99,regulated,36 h,60,contract,2026-09-21,2026-09-23,Secure air cargo pouch,90,57,SLA contract,10.3,4589000,22:00-02:00,65,180,123,82,VIS-DEL/BOM gateway,high-value urgent,Needs secure handling and tight handoff control.,bulk cargo|unsecured parcels
SHP-01826,hyderabad,Healthline Trade Network,Frozen bakery inputs,chilled food,Visakhapatnam,Nagpur,296,road,7900,88,93,chilled,96 h,52,backhaul,2026-09-21,2026-09-23,Reefer truck,81,15,SLA contract,18.6,11079000,14:00-22:00,83,21,0,23,,temperature-controlled food,Needs temperature-controlled carriage.,ambient dry cargo|cement|chemicals
SHP-01827,hyderabad,Horizon Collective,Durable snacks overflow,food-grade dry,Warangal,Mumbai,299,road,3900,137,99,ambient,96 h,44,backhaul,2026-10-25,2026-10-27,Food-grade dry van,81,45,per-trip contract,27.5,3889000,14:00-22:00,69,32,0,41,,anchor-compatible FMCG overflow,Highly compatible with Britannia-style packaged food lanes.,cement|chemicals|wet cargo
SHP-01828,hyderabad,Healthline Trade Network,Durable snacks overflow,food-grade dry,Visakhapatnam,Hyderabad,604,road,3200,75,92,ambient,60 h,95,premium,2026-09-28,2026-10-04,Food-grade dry van,84,14,fixed monthly,22.3,6131000,14:00-22:00,38,12,7,38,,anchor-compatible FMCG overflow,Highly compatible with Britannia-style packaged food lanes.,cement|chemicals|wet cargo
SHP-01829,hyderabad,PortLink Consortium,Packaged tea cartons,food-grade dry,Vijayawada,Chennai,109,road,3900,122,85,dry,24 h,87,return,2026-10-13,2026-10-15,Food-grade dry van,80,45,SLA contract,20.4,1280000,06:00-10:00,69,29,30,55,,anchor-compatible FMCG backhaul,Can ride with packaged food and dry FMCG cargo.,cement|chemicals|hazardous
SHP-01830,hyderabad,Summit Distributors,Medical devices,regulated devices,Guntur,Pune,12,air,21900,156,96,regulated,5 d,78,overflow,2026-09-16,2026-09-17,Secure high-value air cargo,75,28,per-trip contract,12.4,961000,22:00-02:00,52,101,134,186,GUN-DEL/BOM gateway,regulated high-value urgent,Needs secure handling and documented custody.,cement|chemicals|unsealed food
SHP-01831,hyderabad,BluePeak Consortium,Reverse logistics parcels,parcel returns,Vijayawada,Chennai,85,staging,6100,99,92,ambient,60 h,97,backhaul,2026-10-07,2026-10-11,Parcel cage vehicle,84,56,SLA contract,31.0,1604000,22:00-02:00,58,17,6,39,,reverse logistics,Works well in staged consolidation waves.,loose food|hazardous
SHP-01832,hyderabad,Spice Valley Export House,Frozen bakery inputs,chilled food,Nellore,Hyderabad,240,road,6200,63,92,chilled,48 h,38,premium,2026-10-27,2026-10-31,Reefer truck,86,28,per-tonne contract,20.1,7129000,06:00-10:00,78,39,12,56,,temperature-controlled food,Needs temperature-controlled carriage.,ambient dry cargo|cement|chemicals
SHP-01833,hyderabad,Eastern Export House,Frozen bakery inputs,chilled food,Kurnool,Pune,252,road,6700,106,92,chilled,6 d,38,premium,2026-10-19,2026-10-23,Reefer truck,81,45,fixed monthly,25.6,6656000,06:00-10:00,55,40,12,14,,temperature-controlled food,Needs temperature-controlled carriage.,ambient dry cargo|cement|chemicals
SHP-01834,hyderabad,Spice Valley Consortium,Medical devices,regulated devices,Nellore,Pune,20,air,21800,75,93,regulated,5 d,54,overflow,2026-10-29,2026-10-30,Secure high-value air cargo,78,49,per-tonne contract,16.9,1317000,22:00-02:00,69,52,176,326,NEL-DEL/BOM gateway,regulated high-value urgent,Needs secure handling and documented custody.,cement|chemicals|unsealed food
SHP-01835,hyderabad,Eastern Industries,Electronics returns,electronics,Kurnool,Chennai,413,staging,7500,45,97,ambient,24 h,99,backhaul,2026-10-15,2026-10-17,Secure parcel truck,90,66,dedicated fleet,26.6,12096000,14:00-22:00,80,23,15,10,,high-value reverse logistics,"Needs dry, secure movement and claims control.",wet cargo|magnetic cargo|loose food
SHP-01836,hyderabad,Swift Foods,Speciality ginger and citrus,fresh produce,Warangal,Hyderabad,517,road,4600,97,88,chilled,60 h,43,return,2026-10-02,2026-10-06,Ventilated reefer truck,87,35,dedicated fleet,23.3,5985000,14:00-22:00,45,13,22,80,,perishable agriculture,Requires food-safe handling and temperature discipline.,cement|chemicals|odour cargo
SHP-01837,hyderabad,National Trade Network,Durable snacks overflow,food-grade dry,Nellore,Nagpur,142,road,3800,66,90,ambient,6 d,30,premium,2026-10-27,2026-11-02,Food-grade dry van,87,33,fixed monthly,24.3,2451000,06:00-10:00,85,31,26,9,,anchor-compatible FMCG overflow,Highly compatible with Britannia-style packaged food lanes.,cement|chemicals|wet cargo
SHP-01838,hyderabad,Metro Supply Co,Textile bales,textile dry,Nellore,Mumbai,266,road,4400,69,88,dry,24 h,28,spot,2026-10-13,2026-10-19,Dry van with moisture guard,88,77,dedicated fleet,25.5,2988000,14:00-22:00,60,19,7,51,,dry industrial backhaul,Needs dry handling and moisture protection.,wet cargo|chemicals
SHP-01839,hyderabad,Prime Industries,Electronics returns,electronics,Kurnool,Hyderabad,126,staging,7900,165,97,ambient,6 d,93,spot,2026-10-16,2026-10-20,Secure parcel truck,77,58,fixed monthly,29.2,4583000,22:00-02:00,46,10,7,5,,high-value reverse logistics,"Needs dry, secure movement and claims control.",wet cargo|magnetic cargo|loose food
SHP-01840,hyderabad,RetailLoop Forwarders,Regulated pharma samples,regulated pharma,Kurnool,Nagpur,51,air,21600,117,94,regulated,6 d,45,premium,2026-09-19,2026-09-21,Validated secure pharma uplift,75,51,dedicated fleet,18.0,3651000,22:00-02:00,91,125,125,156,KUR-DEL/BOM gateway,regulated high-value urgent,Needs chain-of-custody and compliance clearance.,food|cement|chemicals|unsecured parcels
SHP-01841,hyderabad,Riverline Logistics,Premium craft consignments,fragile craft,Visakhapatnam,Hyderabad,125,staging,8500,172,82,fragile,60 h,96,backhaul,2026-10-17,2026-10-19,Padded box truck with staging buffer,77,59,spot market,24.6,2674000,06:00-10:00,62,15,31,21,,premium fragile exports,Needs gentle handling and staging protection.,cement|heavy machinery|wet cargo
SHP-01842,hyderabad,Swift Distributors,Regulated pharma samples,regulated pharma,Kurnool,Chennai,48,air,13400,46,98,regulated,12 h,94,overflow,2026-09-16,2026-09-18,Validated secure pharma uplift,72,12,per-trip contract,16.0,1583000,06:00-10:00,57,162,158,354,KUR-DEL/BOM gateway,regulated high-value urgent,Needs chain-of-custody and compliance clearance.,food|cement|chemicals|unsecured parcels
SHP-01843,hyderabad,Healthline Forwarders,Reverse logistics parcels,parcel returns,Nellore,Pune,219,staging,5600,136,84,ambient,48 h,83,contract,2026-09-25,2026-09-29,Parcel cage vehicle,73,51,per-trip contract,25.9,4060000,14:00-22:00,96,28,27,53,,reverse logistics,Works well in staged consolidation waves.,loose food|hazardous
SHP-01844,hyderabad,Greenfield Logistics,Containerised export overflow,container export,Guntur,Nagpur,823,sea,3500,76,91,dry,24 h,28,overflow,2026-10-27,2026-10-30,Sealed container feeder,76,64,dedicated fleet,52.9,8459000,06:00-10:00,80,40,94,89,,bulk export overflow,Best suited to feeder or port-linked consolidation.,loose perishable|fragile craft
SHP-01845,hyderabad,Swift Industries,Premium craft consignments,fragile craft,Guntur,Bengaluru,211,staging,6300,80,97,fragile,96 h,78,overflow,2026-09-21,2026-09-22,Padded box truck with staging buffer,88,63,per-trip contract,29.2,3522000,06:00-10:00,75,10,8,14,,premium fragile exports,Needs gentle handling and staging protection.,cement|heavy machinery|wet cargo
SHP-01846,hyderabad,Eastern Forwarders,Premium craft consignments,fragile craft,Vijayawada,Nagpur,291,staging,8700,126,86,fragile,5 d,99,spot,2026-09-26,2026-10-02,Padded box truck with staging buffer,82,63,per-tonne contract,28.5,10575000,14:00-22:00,100,33,4,75,,premium fragile exports,Needs gentle handling and staging protection.,cement|heavy machinery|wet cargo
SHP-01847,hyderabad,AgroStar Forwarders,Medical devices,regulated devices,Nellore,Nagpur,19,air,24100,162,81,regulated,72 h,36,overflow,2026-10-07,2026-10-09,Secure high-value air cargo,82,6,fixed monthly,20.5,1920000,22:00-02:00,40,93,183,302,NEL-DEL/BOM gateway,regulated high-value urgent,Needs secure handling and documented custody.,cement|chemicals|unsealed food
SHP-01848,hyderabad,Healthline Industries,Packaged tea cartons,food-grade dry,Vijayawada,Hyderabad,77,road,3700,202,99,dry,6 d,56,backhaul,2026-09-18,2026-09-21,Food-grade dry van,75,47,spot market,22.3,824000,14:00-22:00,78,33,0,90,,anchor-compatible FMCG backhaul,Can ride with packaged food and dry FMCG cargo.,cement|chemicals|hazardous
SHP-01849,hyderabad,BluePeak Distributors,High value samples,secured samples,Warangal,Nagpur,25,air,31300,165,97,regulated,24 h,44,contract,2026-10-28,2026-10-29,Secure air cargo pouch,85,35,per-tonne contract,14.3,1775000,10:00-14:00,80,62,134,73,WAR-DEL/BOM gateway,high-value urgent,Needs secure handling and tight handoff control.,bulk cargo|unsecured parcels
SHP-01850,hyderabad,PortLink Foods,Electronics returns,electronics,Guntur,Pune,386,staging,5700,124,88,ambient,96 h,64,premium,2026-10-16,2026-10-22,Secure parcel truck,82,53,SLA contract,26.7,10352000,10:00-14:00,37,27,13,88,,high-value reverse logistics,"Needs dry, secure movement and claims control.",wet cargo|magnetic cargo|loose food
SHP-01851,hyderabad,PortLink Industries,Durable snacks overflow,food-grade dry,Warangal,Bengaluru,472,road,3000,77,99,ambient,6 d,86,spot,2026-09-26,2026-09-28,Food-grade dry van,83,87,spot market,21.5,6673000,10:00-14:00,72,20,28,26,,anchor-compatible FMCG overflow,Highly compatible with Britannia-style packaged food lanes.,cement|chemicals|wet cargo
SHP-01852,hyderabad,RetailLoop Distributors,Regulated pharma samples,regulated pharma,Visakhapatnam,Hyderabad,54,air,21600,99,81,regulated,60 h,33,spot,2026-10-09,2026-10-10,Validated secure pharma uplift,93,29,SLA contract,11.2,3425000,14:00-22:00,58,92,68,125,VIS-DEL/BOM gateway,regulated high-value urgent,Needs chain-of-custody and compliance clearance.,food|cement|chemicals|unsecured parcels
SHP-01853,hyderabad,CraftBridge Export House,Frozen bakery inputs,chilled food,Nellore,Mumbai,69,road,6000,216,98,chilled,24 h,52,contract,2026-10-13,2026-10-15,Reefer truck,73,41,spot market,25.2,1949000,10:00-14:00,79,10,4,78,,temperature-controlled food,Needs temperature-controlled carriage.,ambient dry cargo|cement|chemicals
SHP-01854,hyderabad,Greenfield Foods,Coffee and cocoa sacks,food-grade dry,Warangal,Hyderabad,681,sea,3700,116,93,dry,36 h,29,spot,2026-10-11,2026-10-15,Dry container with odour guard,76,26,SLA contract,46.7,11166000,10:00-14:00,47,30,69,27,,bulk food export,Can consolidate with dry food cargo.,cement|chemicals|odour cargo
SHP-01855,hyderabad,Tea Garden Export House,Premium craft consignments,fragile craft,Warangal,Hyderabad,206,staging,8700,52,90,fragile,24 h,66,premium,2026-10-13,2026-10-16,Padded box truck with staging buffer,79,2,per-tonne contract,26.1,8069000,06:00-10:00,81,16,14,5,,premium fragile exports,Needs gentle handling and staging protection.,cement|heavy machinery|wet cargo
SHP-01856,hyderabad,National Logistics,Coffee and cocoa sacks,food-grade dry,Warangal,Pune,1102,sea,3600,220,81,dry,36 h,75,spot,2026-10-18,2026-10-24,Dry container with odour guard,77,44,spot market,49.4,18870000,14:00-22:00,51,30,137,27,,bulk food export,Can consolidate with dry food cargo.,cement|chemicals|odour cargo
SHP-01857,hyderabad,RetailLoop Collective,Containerised export overflow,container export,Kurnool,Chennai,442,sea,3900,216,85,dry,6 d,86,return,2026-10-30,2026-11-01,Sealed container feeder,79,68,fixed monthly,53.9,5114000,14:00-22:00,50,40,166,68,,bulk export overflow,Best suited to feeder or port-linked consolidation.,loose perishable|fragile craft
SHP-01858,hyderabad,RetailLoop Export House,Textile bales,textile dry,Kurnool,Bengaluru,369,road,4500,72,93,dry,96 h,97,backhaul,2026-10-14,2026-10-19,Dry van with moisture guard,68,36,spot market,23.6,7714000,06:00-10:00,82,30,33,43,,dry industrial backhaul,Needs dry handling and moisture protection.,wet cargo|chemicals
SHP-01859,hyderabad,Riverline Forwarders,Coffee and cocoa sacks,food-grade dry,Visakhapatnam,Hyderabad,370,sea,3800,128,99,dry,48 h,54,backhaul,2026-10-07,2026-10-09,Dry container with odour guard,74,6,SLA contract,51.0,5532000,10:00-14:00,71,41,211,81,,bulk food export,Can consolidate with dry food cargo.,cement|chemicals|odour cargo
SHP-01860,hyderabad,Eastern Industries,Regulated pharma samples,regulated pharma,Guntur,Hyderabad,11,air,15100,92,86,regulated,96 h,73,return,2026-09-16,2026-09-18,Validated secure pharma uplift,87,16,SLA contract,16.5,516000,10:00-14:00,75,170,137,342,GUN-DEL/BOM gateway,regulated high-value urgent,Needs chain-of-custody and compliance clearance.,food|cement|chemicals|unsecured parcels
SHP-01861,hyderabad,Spice Valley Distributors,Electronics returns,electronics,Vijayawada,Chennai,398,staging,7200,124,89,ambient,36 h,41,spot,2026-10-22,2026-10-28,Secure parcel truck,75,40,per-tonne contract,23.6,9274000,10:00-14:00,55,29,27,51,,high-value reverse logistics,"Needs dry, secure movement and claims control.",wet cargo|magnetic cargo|loose food
SHP-01862,hyderabad,AgroStar Forwarders,Frozen bakery inputs,chilled food,Vijayawada,Nagpur,633,road,6000,138,99,chilled,48 h,90,spot,2026-10-14,2026-10-16,Reefer truck,84,13,dedicated fleet,26.0,13129000,10:00-14:00,70,22,10,3,,temperature-controlled food,Needs temperature-controlled carriage.,ambient dry cargo|cement|chemicals
SHP-01863,hyderabad,Metro Forwarders,High value samples,secured samples,Nellore,Mumbai,9,air,26000,64,95,regulated,12 h,91,backhaul,2026-09-24,2026-09-26,Secure air cargo pouch,82,42,SLA contract,15.2,894000,14:00-22:00,72,174,100,90,NEL-DEL/BOM gateway,high-value urgent,Needs secure handling and tight handoff control.,bulk cargo|unsecured parcels
SHP-01864,hyderabad,Horizon Consortium,Electronics returns,electronics,Guntur,Bengaluru,69,staging,5300,153,94,ambient,5 d,98,return,2026-10-02,2026-10-05,Secure parcel truck,78,29,SLA contract,25.4,1739000,06:00-10:00,96,12,35,28,,high-value reverse logistics,"Needs dry, secure movement and claims control.",wet cargo|magnetic cargo|loose food
SHP-01865,hyderabad,Riverline Foods,Bamboo panels and handicrafts,fragile craft,Warangal,Pune,182,staging,6700,51,95,fragile,6 d,52,return,2026-09-18,2026-09-24,Padded box truck with staging buffer,76,41,SLA contract,27.9,5355000,14:00-22:00,47,29,34,53,,fragile regional exports,Needs bracing and should avoid dusty or heavy loads.,cement|heavy machinery|wet cargo
SHP-01866,hyderabad,BluePeak Supply Co,Medical devices,regulated devices,Kurnool,Pune,54,air,25600,23,86,regulated,96 h,61,return,2026-10-20,2026-10-22,Secure high-value air cargo,93,45,per-tonne contract,13.0,5162000,14:00-22:00,67,57,97,351,KUR-DEL/BOM gateway,regulated high-value urgent,Needs secure handling and documented custody.,cement|chemicals|unsealed food
SHP-01867,hyderabad,CraftBridge Logistics,Containerised export overflow,container export,Vijayawada,Nagpur,644,sea,3300,59,93,dry,36 h,85,overflow,2026-09-30,2026-10-01,Sealed container feeder,75,57,spot market,51.9,9418000,14:00-22:00,65,30,239,27,,bulk export overflow,Best suited to feeder or port-linked consolidation.,loose perishable|fragile craft
SHP-01868,hyderabad,Eastern Trade Network,Coffee and cocoa sacks,food-grade dry,Guntur,Pune,654,sea,3800,131,88,dry,6 d,52,premium,2026-09-17,2026-09-22,Dry container with odour guard,77,31,dedicated fleet,52.6,10034000,10:00-14:00,78,20,216,18,,bulk food export,Can consolidate with dry food cargo.,cement|chemicals|odour cargo
SHP-01869,hyderabad,CraftBridge Distributors,High value samples,secured samples,Vijayawada,Pune,41,air,32000,79,99,regulated,24 h,63,backhaul,2026-10-02,2026-10-03,Secure air cargo pouch,83,47,spot market,14.4,3020000,10:00-14:00,96,93,71,225,VIJ-DEL/BOM gateway,high-value urgent,Needs secure handling and tight handoff control.,bulk cargo|unsecured parcels
SHP-01870,hyderabad,CraftBridge Supply Co,Containerised export overflow,container export,Warangal,Pune,227,sea,2700,76,99,dry,36 h,93,overflow,2026-10-20,2026-10-26,Sealed container feeder,92,18,fixed monthly,52.4,1892000,10:00-14:00,81,42,194,68,,bulk export overflow,Best suited to feeder or port-linked consolidation.,loose perishable|fragile craft
SHP-01871,hyderabad,Tea Garden Foods,Electronics returns,electronics,Visakhapatnam,Bengaluru,40,staging,8000,121,93,ambient,36 h,92,spot,2026-10-13,2026-10-15,Secure parcel truck,91,48,fixed monthly,27.9,1483000,14:00-22:00,85,25,5,75,,high-value reverse logistics,"Needs dry, secure movement and claims control.",wet cargo|magnetic cargo|loose food
SHP-01872,hyderabad,AgroStar Export House,Reverse logistics parcels,parcel returns,Vijayawada,Pune,361,staging,6400,41,94,ambient,24 h,80,premium,2026-10-03,2026-10-08,Parcel cage vehicle,82,27,dedicated fleet,23.4,5854000,06:00-10:00,68,29,24,0,,reverse logistics,Works well in staged consolidation waves.,loose food|hazardous
SHP-01873,hyderabad,National Industries,Regulated pharma samples,regulated pharma,Warangal,Chennai,14,air,12600,204,91,regulated,96 h,37,contract,2026-10-25,2026-10-27,Validated secure pharma uplift,74,68,spot market,15.2,668000,22:00-02:00,86,158,108,357,WAR-DEL/BOM gateway,regulated high-value urgent,Needs chain-of-custody and compliance clearance.,food|cement|chemicals|unsecured parcels
SHP-01874,hyderabad,Greenfield Trade Network,Speciality ginger and citrus,fresh produce,Warangal,Mumbai,281,road,4300,83,96,chilled,60 h,69,spot,2026-09-28,2026-10-01,Ventilated reefer truck,85,16,spot market,24.2,5212000,06:00-10:00,98,27,21,12,,perishable agriculture,Requires food-safe handling and temperature discipline.,cement|chemicals|odour cargo
SHP-01875,hyderabad,Eastern Forwarders,Premium craft consignments,fragile craft,Guntur,Hyderabad,125,staging,5800,194,99,fragile,24 h,68,spot,2026-10-19,2026-10-25,Padded box truck with staging buffer,80,36,per-trip contract,29.7,1753000,22:00-02:00,45,33,10,18,,premium fragile exports,Needs gentle handling and staging protection.,cement|heavy machinery|wet cargo
SHP-01876,hyderabad,BluePeak Collective,Electronics returns,electronics,Kurnool,Chennai,101,staging,7500,26,99,ambient,48 h,96,contract,2026-10-02,2026-10-08,Secure parcel truck,88,37,per-trip contract,28.9,1883000,14:00-22:00,64,13,35,5,,high-value reverse logistics,"Needs dry, secure movement and claims control.",wet cargo|magnetic cargo|loose food
SHP-01877,hyderabad,Summit Logistics,Electronics returns,electronics,Vijayawada,Hyderabad,101,staging,6200,57,88,ambient,24 h,62,spot,2026-10-11,2026-10-14,Secure parcel truck,80,22,per-trip contract,24.8,1428000,14:00-22:00,37,38,29,8,,high-value reverse logistics,"Needs dry, secure movement and claims control.",wet cargo|magnetic cargo|loose food
SHP-01878,hyderabad,Summit Industries,Frozen bakery inputs,chilled food,Visakhapatnam,Bengaluru,129,road,7100,58,90,chilled,96 h,62,premium,2026-09-26,2026-09-30,Reefer truck,81,39,spot market,24.4,3459000,22:00-02:00,47,32,13,18,,temperature-controlled food,Needs temperature-controlled carriage.,ambient dry cargo|cement|chemicals
SHP-01879,hyderabad,RetailLoop Forwarders,Regulated pharma samples,regulated pharma,Warangal,Mumbai,46,air,28900,79,92,regulated,12 h,90,premium,2026-09-28,2026-09-30,Validated secure pharma uplift,82,22,dedicated fleet,18.7,3418000,10:00-14:00,87,100,79,288,WAR-DEL/BOM gateway,regulated high-value urgent,Needs chain-of-custody and compliance clearance.,food|cement|chemicals|unsecured parcels
SHP-01880,hyderabad,Bharat Forwarders,Speciality ginger and citrus,fresh produce,Guntur,Chennai,185,road,6600,139,97,chilled,72 h,24,spot,2026-10-31,2026-11-05,Ventilated reefer truck,78,65,per-trip contract,21.0,4802000,10:00-14:00,41,29,4,10,,perishable agriculture,Requires food-safe handling and temperature discipline.,cement|chemicals|odour cargo
SHP-01881,hyderabad,National Industries,Textile bales,textile dry,Kurnool,Mumbai,305,road,4600,119,90,dry,48 h,39,return,2026-09-18,2026-09-21,Dry van with moisture guard,77,41,SLA contract,20.3,5752000,10:00-14:00,80,44,11,36,,dry industrial backhaul,Needs dry handling and moisture protection.,wet cargo|chemicals
SHP-01882,hyderabad,Metro Forwarders,Containerised export overflow,container export,Visakhapatnam,Hyderabad,709,sea,4300,150,91,dry,24 h,36,return,2026-10-09,2026-10-12,Sealed container feeder,72,25,per-tonne contract,52.9,10152000,22:00-02:00,48,38,81,52,,bulk export overflow,Best suited to feeder or port-linked consolidation.,loose perishable|fragile craft
SHP-01883,hyderabad,Riverline Consortium,Textile bales,textile dry,Visakhapatnam,Bengaluru,342,road,5000,141,99,dry,60 h,54,return,2026-09-25,2026-10-01,Dry van with moisture guard,79,24,spot market,23.8,5524000,10:00-14:00,55,15,24,82,,dry industrial backhaul,Needs dry handling and moisture protection.,wet cargo|chemicals
SHP-01884,hyderabad,RetailLoop Distributors,Reverse logistics parcels,parcel returns,Kurnool,Chennai,272,staging,5400,221,83,ambient,72 h,56,premium,2026-10-04,2026-10-07,Parcel cage vehicle,83,17,per-trip contract,24.8,6324000,06:00-10:00,52,10,13,51,,reverse logistics,Works well in staged consolidation waves.,loose food|hazardous
SHP-01885,hyderabad,Swift Collective,Regulated pharma samples,regulated pharma,Nellore,Pune,35,air,26700,42,92,regulated,24 h,84,premium,2026-09-28,2026-09-30,Validated secure pharma uplift,81,52,fixed monthly,8.2,3573000,10:00-14:00,75,115,36,94,NEL-DEL/BOM gateway,regulated high-value urgent,Needs chain-of-custody and compliance clearance.,food|cement|chemicals|unsecured parcels
SHP-01886,hyderabad,CraftBridge Collective,Coffee and cocoa sacks,food-grade dry,Kurnool,Nagpur,525,sea,3700,103,91,dry,6 d,96,return,2026-10-13,2026-10-16,Dry container with odour guard,71,35,per-tonne contract,51.3,7759000,22:00-02:00,60,10,153,83,,bulk food export,Can consolidate with dry food cargo.,cement|chemicals|odour cargo
SHP-01887,hyderabad,AgroStar Distributors,High value samples,secured samples,Vijayawada,Hyderabad,27,air,32100,69,99,regulated,48 h,40,contract,2026-10-01,2026-10-02,Secure air cargo pouch,80,25,per-trip contract,15.6,2261000,10:00-14:00,35,129,178,207,VIJ-DEL/BOM gateway,high-value urgent,Needs secure handling and tight handoff control.,bulk cargo|unsecured parcels
SHP-01888,hyderabad,CraftBridge Logistics,Regulated pharma samples,regulated pharma,Vijayawada,Nagpur,9,air,25500,188,98,regulated,36 h,76,spot,2026-10-31,2026-11-01,Validated secure pharma uplift,88,4,fixed monthly,15.4,611000,10:00-14:00,65,105,100,104,VIJ-DEL/BOM gateway,regulated high-value urgent,Needs chain-of-custody and compliance clearance.,food|cement|chemicals|unsecured parcels
SHP-01889,hyderabad,Swift Export House,Durable snacks overflow,food-grade dry,Warangal,Pune,177,road,3800,168,99,ambient,24 h,79,overflow,2026-09-26,2026-09-30,Food-grade dry van,79,64,spot market,25.4,1548000,06:00-10:00,97,31,26,20,,anchor-compatible FMCG overflow,Highly compatible with Britannia-style packaged food lanes.,cement|chemicals|wet cargo
SHP-01890,hyderabad,Summit Industries,Regulated pharma samples,regulated pharma,Nellore,Chennai,39,air,25400,106,86,regulated,36 h,66,spot,2026-10-19,2026-10-20,Validated secure pharma uplift,72,31,per-trip contract,16.4,3592000,10:00-14:00,52,159,123,58,NEL-DEL/BOM gateway,regulated high-value urgent,Needs chain-of-custody and compliance clearance.,food|cement|chemicals|unsecured parcels
SHP-01891,hyderabad,Spice Valley Trade Network,Regulated pharma samples,regulated pharma,Warangal,Chennai,10,air,27500,89,99,regulated,5 d,36,spot,2026-10-13,2026-10-15,Validated secure pharma uplift,66,29,dedicated fleet,15.0,1015000,10:00-14:00,37,140,173,306,WAR-DEL/BOM gateway,regulated high-value urgent,Needs chain-of-custody and compliance clearance.,food|cement|chemicals|unsecured parcels
SHP-01892,hyderabad,Tea Garden Distributors,Packaged tea cartons,food-grade dry,Warangal,Chennai,479,road,4800,120,97,dry,72 h,87,backhaul,2026-10-01,2026-10-05,Food-grade dry van,83,23,per-tonne contract,25.0,10526000,06:00-10:00,65,21,11,23,,anchor-compatible FMCG backhaul,Can ride with packaged food and dry FMCG cargo.,cement|chemicals|hazardous
SHP-01893,hyderabad,Metro Foods,Medical devices,regulated devices,Nellore,Mumbai,20,air,25700,63,99,regulated,36 h,24,contract,2026-09-19,2026-09-20,Secure high-value air cargo,83,21,SLA contract,10.2,2280000,10:00-14:00,89,60,106,73,NEL-DEL/BOM gateway,regulated high-value urgent,Needs secure handling and documented custody.,cement|chemicals|unsealed food
SHP-01894,hyderabad,Tea Garden Trade Network,Coffee and cocoa sacks,food-grade dry,Guntur,Nagpur,205,sea,3200,117,90,dry,60 h,55,backhaul,2026-10-05,2026-10-07,Dry container with odour guard,71,8,SLA contract,50.5,2153000,14:00-22:00,78,27,97,60,,bulk food export,Can consolidate with dry food cargo.,cement|chemicals|odour cargo
SHP-01895,hyderabad,Prime Logistics,Spice cartons,food-grade dry,Kurnool,Mumbai,500,road,5100,128,92,ambient,6 d,55,backhaul,2026-10-12,2026-10-15,Food-grade dry van,75,79,fixed monthly,27.2,9538000,14:00-22:00,91,19,30,60,,ambient food exports,Compatible with packaged food when odour control is maintained.,cement|chemicals|odour cargo
SHP-01896,hyderabad,Metro Foods,Regulated pharma samples,regulated pharma,Warangal,Nagpur,27,air,18900,95,93,regulated,72 h,60,backhaul,2026-10-12,2026-10-13,Validated secure pharma uplift,80,31,spot market,17.0,2077000,14:00-22:00,75,163,104,358,WAR-DEL/BOM gateway,regulated high-value urgent,Needs chain-of-custody and compliance clearance.,food|cement|chemicals|unsecured parcels
SHP-01897,hyderabad,Healthline Supply Co,Electronics returns,electronics,Visakhapatnam,Hyderabad,336,staging,6400,70,82,ambient,36 h,95,contract,2026-10-06,2026-10-08,Secure parcel truck,85,90,fixed monthly,27.4,8605000,06:00-10:00,98,44,28,20,,high-value reverse logistics,"Needs dry, secure movement and claims control.",wet cargo|magnetic cargo|loose food
SHP-01898,hyderabad,Summit Foods,Speciality ginger and citrus,fresh produce,Vijayawada,Hyderabad,563,road,5200,75,99,chilled,48 h,87,premium,2026-10-08,2026-10-09,Ventilated reefer truck,90,41,dedicated fleet,19.7,8377000,10:00-14:00,69,41,3,59,,perishable agriculture,Requires food-safe handling and temperature discipline.,cement|chemicals|odour cargo
SHP-01899,hyderabad,Prime Distributors,Premium craft consignments,fragile craft,Visakhapatnam,Pune,22,staging,6000,136,97,fragile,36 h,60,spot,2026-10-31,2026-11-01,Padded box truck with staging buffer,85,55,per-trip contract,25.1,332000,10:00-14:00,67,41,22,35,,premium fragile exports,Needs gentle handling and staging protection.,cement|heavy machinery|wet cargo
SHP-01900,hyderabad,BluePeak Logistics,Speciality ginger and citrus,fresh produce,Vijayawada,Bengaluru,501,road,4800,100,91,chilled,48 h,94,premium,2026-10-22,2026-10-27,Ventilated reefer truck,83,36,SLA contract,23.0,11019000,10:00-14:00,54,16,30,37,,perishable agriculture,Requires food-safe handling and temperature discipline.,cement|chemicals|odour cargo
SHP-01901,hyderabad,Horizon Logistics,Durable snacks overflow,food-grade dry,Vijayawada,Pune,284,road,3200,128,93,ambient,24 h,60,spot,2026-10-06,2026-10-10,Food-grade dry van,86,63,per-trip contract,24.5,2560000,10:00-14:00,97,41,34,20,,anchor-compatible FMCG overflow,Highly compatible with Britannia-style packaged food lanes.,cement|chemicals|wet cargo
SHP-01902,hyderabad,Tea Garden Forwarders,Medical devices,regulated devices,Vijayawada,Mumbai,66,air,24300,68,89,regulated,6 d,24,premium,2026-10-04,2026-10-05,Secure high-value air cargo,70,21,SLA contract,9.5,4716000,06:00-10:00,72,64,69,163,VIJ-DEL/BOM gateway,regulated high-value urgent,Needs secure handling and documented custody.,cement|chemicals|unsealed food
SHP-01903,hyderabad,CraftBridge Distributors,High value samples,secured samples,Kurnool,Hyderabad,14,air,24500,168,85,regulated,24 h,28,contract,2026-10-06,2026-10-07,Secure air cargo pouch,87,37,fixed monthly,12.0,1096000,22:00-02:00,54,163,32,267,KUR-DEL/BOM gateway,high-value urgent,Needs secure handling and tight handoff control.,bulk cargo|unsecured parcels
SHP-01904,hyderabad,Eastern Industries,Durable snacks overflow,food-grade dry,Visakhapatnam,Nagpur,130,road,4400,36,86,ambient,24 h,66,backhaul,2026-10-22,2026-10-27,Food-grade dry van,87,21,per-trip contract,19.9,2473000,14:00-22:00,72,19,1,78,,anchor-compatible FMCG overflow,Highly compatible with Britannia-style packaged food lanes.,cement|chemicals|wet cargo
SHP-01905,hyderabad,Metro Supply Co,Electronics returns,electronics,Vijayawada,Bengaluru,109,staging,5600,41,95,ambient,6 d,57,return,2026-09-16,2026-09-20,Secure parcel truck,78,43,spot market,26.1,2356000,22:00-02:00,41,29,6,26,,high-value reverse logistics,"Needs dry, secure movement and claims control.",wet cargo|magnetic cargo|loose food
SHP-01906,hyderabad,CraftBridge Foods,Coffee and cocoa sacks,food-grade dry,Nellore,Chennai,601,sea,3100,99,90,dry,36 h,95,overflow,2026-10-31,2026-11-04,Dry container with odour guard,90,13,per-tonne contract,48.2,5787000,06:00-10:00,72,16,112,64,,bulk food export,Can consolidate with dry food cargo.,cement|chemicals|odour cargo
SHP-01907,hyderabad,Metro Industries,High value samples,secured samples,Vijayawada,Hyderabad,49,air,36100,95,96,regulated,48 h,64,contract,2026-10-04,2026-10-06,Secure air cargo pouch,86,30,per-trip contract,19.4,5118000,14:00-22:00,48,75,172,296,VIJ-DEL/BOM gateway,high-value urgent,Needs secure handling and tight handoff control.,bulk cargo|unsecured parcels
SHP-01908,hyderabad,Eastern Supply Co,Frozen bakery inputs,chilled food,Warangal,Nagpur,511,road,8700,121,91,chilled,24 h,40,spot,2026-10-22,2026-10-26,Reefer truck,84,41,per-trip contract,25.5,13521000,10:00-14:00,54,29,32,80,,temperature-controlled food,Needs temperature-controlled carriage.,ambient dry cargo|cement|chemicals
SHP-01909,hyderabad,BluePeak Export House,Electronics returns,electronics,Vijayawada,Hyderabad,219,staging,5600,88,84,ambient,72 h,50,return,2026-10-22,2026-10-28,Secure parcel truck,84,60,per-tonne contract,25.9,3735000,06:00-10:00,40,22,14,86,,high-value reverse logistics,"Needs dry, secure movement and claims control.",wet cargo|magnetic cargo|loose food
SHP-01910,hyderabad,Healthline Consortium,Bamboo panels and handicrafts,fragile craft,Kurnool,Chennai,70,staging,6100,70,85,fragile,96 h,30,contract,2026-09-16,2026-09-21,Padded box truck with staging buffer,74,43,per-tonne contract,28.5,1469000,10:00-14:00,90,19,14,41,,fragile regional exports,Needs bracing and should avoid dusty or heavy loads.,cement|heavy machinery|wet cargo
SHP-01911,hyderabad,Eastern Consortium,Coffee and cocoa sacks,food-grade dry,Warangal,Mumbai,430,sea,3100,55,86,dry,5 d,33,overflow,2026-10-12,2026-10-16,Dry container with odour guard,81,69,dedicated fleet,48.8,4357000,06:00-10:00,75,40,83,34,,bulk food export,Can consolidate with dry food cargo.,cement|chemicals|odour cargo
SHP-01912,hyderabad,Swift Collective,Reverse logistics parcels,parcel returns,Vijayawada,Nagpur,107,staging,4900,113,92,ambient,72 h,47,backhaul,2026-09-19,2026-09-25,Parcel cage vehicle,91,74,dedicated fleet,30.4,1445000,10:00-14:00,90,24,20,60,,reverse logistics,Works well in staged consolidation waves.,loose food|hazardous
SHP-01913,hyderabad,Tea Garden Foods,Speciality ginger and citrus,fresh produce,Guntur,Pune,453,road,6600,165,99,chilled,48 h,33,contract,2026-10-17,2026-10-18,Ventilated reefer truck,89,29,SLA contract,27.9,12746000,14:00-22:00,100,19,20,16,,perishable agriculture,Requires food-safe handling and temperature discipline.,cement|chemicals|odour cargo
SHP-01914,hyderabad,Horizon Foods,High value samples,secured samples,Warangal,Nagpur,61,air,31700,98,90,regulated,48 h,82,overflow,2026-10-09,2026-10-10,Secure air cargo pouch,86,8,fixed monthly,17.2,5864000,10:00-14:00,65,171,86,336,WAR-DEL/BOM gateway,high-value urgent,Needs secure handling and tight handoff control.,bulk cargo|unsecured parcels
SHP-01915,hyderabad,AgroStar Forwarders,Containerised export overflow,container export,Kurnool,Mumbai,466,sea,2800,100,98,dry,72 h,71,premium,2026-10-17,2026-10-22,Sealed container feeder,80,15,dedicated fleet,49.7,4906000,22:00-02:00,75,16,50,69,,bulk export overflow,Best suited to feeder or port-linked consolidation.,loose perishable|fragile craft
SHP-01916,hyderabad,RetailLoop Foods,Electronics returns,electronics,Warangal,Mumbai,269,staging,7200,169,96,ambient,5 d,24,premium,2026-10-05,2026-10-06,Secure parcel truck,87,34,SLA contract,25.3,5702000,10:00-14:00,88,41,4,28,,high-value reverse logistics,"Needs dry, secure movement and claims control.",wet cargo|magnetic cargo|loose food
SHP-01917,hyderabad,Tea Garden Distributors,Durable snacks overflow,food-grade dry,Warangal,Chennai,225,road,3800,165,90,ambient,6 d,62,backhaul,2026-10-21,2026-10-22,Food-grade dry van,86,25,per-trip contract,24.1,3342000,14:00-22:00,83,41,15,3,,anchor-compatible FMCG overflow,Highly compatible with Britannia-style packaged food lanes.,cement|chemicals|wet cargo
SHP-01918,hyderabad,Greenfield Logistics,Reverse logistics parcels,parcel returns,Warangal,Pune,259,staging,5100,81,87,ambient,60 h,63,backhaul,2026-10-19,2026-10-20,Parcel cage vehicle,85,33,fixed monthly,24.5,4533000,14:00-22:00,94,16,18,74,,reverse logistics,Works well in staged consolidation waves.,loose food|hazardous
SHP-01919,hyderabad,CraftBridge Industries,Frozen bakery inputs,chilled food,Warangal,Mumbai,487,road,8500,110,86,chilled,24 h,76,premium,2026-10-28,2026-11-01,Reefer truck,80,63,per-trip contract,21.0,15656000,14:00-22:00,41,25,4,46,,temperature-controlled food,Needs temperature-controlled carriage.,ambient dry cargo|cement|chemicals
SHP-01920,hyderabad,Healthline Forwarders,Durable snacks overflow,food-grade dry,Vijayawada,Chennai,170,road,3900,97,83,ambient,6 d,31,return,2026-10-23,2026-10-25,Food-grade dry van,83,26,spot market,22.3,1737000,14:00-22:00,75,16,21,49,,anchor-compatible FMCG overflow,Highly compatible with Britannia-style packaged food lanes.,cement|chemicals|wet cargo
SHP-01921,hyderabad,Tea Garden Consortium,Regulated pharma samples,regulated pharma,Vijayawada,Pune,34,air,24000,102,97,regulated,72 h,65,overflow,2026-09-26,2026-09-27,Validated secure pharma uplift,90,40,SLA contract,11.6,1968000,06:00-10:00,87,143,132,131,VIJ-DEL/BOM gateway,regulated high-value urgent,Needs chain-of-custody and compliance clearance.,food|cement|chemicals|unsecured parcels
SHP-01922,hyderabad,Bharat Logistics,Electronics returns,electronics,Vijayawada,Hyderabad,182,staging,6500,60,93,ambient,24 h,28,backhaul,2026-10-13,2026-10-18,Secure parcel truck,78,62,fixed monthly,29.3,4724000,22:00-02:00,69,25,5,42,,high-value reverse logistics,"Needs dry, secure movement and claims control.",wet cargo|magnetic cargo|loose food
SHP-01923,hyderabad,Eastern Foods,Regulated pharma samples,regulated pharma,Visakhapatnam,Nagpur,13,air,22400,110,96,regulated,12 h,99,return,2026-09-18,2026-09-19,Validated secure pharma uplift,84,41,fixed monthly,12.5,1135000,06:00-10:00,55,136,138,138,VIS-DEL/BOM gateway,regulated high-value urgent,Needs chain-of-custody and compliance clearance.,food|cement|chemicals|unsecured parcels
SHP-01924,hyderabad,BluePeak Industries,Bamboo panels and handicrafts,fragile craft,Guntur,Chennai,320,staging,5700,145,92,fragile,48 h,38,premium,2026-09-28,2026-10-04,Padded box truck with staging buffer,81,8,dedicated fleet,30.9,7903000,14:00-22:00,92,13,24,74,,fragile regional exports,Needs bracing and should avoid dusty or heavy loads.,cement|heavy machinery|wet cargo
SHP-01925,hyderabad,Prime Trade Network,Spice cartons,food-grade dry,Warangal,Nagpur,495,road,5000,56,98,ambient,96 h,79,overflow,2026-10-17,2026-10-23,Food-grade dry van,90,23,per-trip contract,25.3,8852000,10:00-14:00,67,21,16,86,,ambient food exports,Compatible with packaged food when odour control is maintained.,cement|chemicals|odour cargo
SHP-01926,hyderabad,Prime Foods,Coffee and cocoa sacks,food-grade dry,Visakhapatnam,Nagpur,742,sea,3800,179,92,dry,60 h,40,return,2026-09-25,2026-09-30,Dry container with odour guard,80,30,dedicated fleet,50.2,11550000,10:00-14:00,92,32,70,18,,bulk food export,Can consolidate with dry food cargo.,cement|chemicals|odour cargo
SHP-01927,hyderabad,Healthline Consortium,Spice cartons,food-grade dry,Guntur,Mumbai,236,road,6000,199,89,ambient,24 h,62,overflow,2026-09-23,2026-09-25,Food-grade dry van,81,86,per-trip contract,23.4,4263000,10:00-14:00,71,42,1,58,,ambient food exports,Compatible with packaged food when odour control is maintained.,cement|chemicals|odour cargo
SHP-01928,hyderabad,CraftBridge Trade Network,Durable snacks overflow,food-grade dry,Warangal,Chennai,613,road,4300,110,87,ambient,72 h,74,overflow,2026-10-09,2026-10-13,Food-grade dry van,81,80,spot market,19.0,6089000,10:00-14:00,43,24,8,50,,anchor-compatible FMCG overflow,Highly compatible with Britannia-style packaged food lanes.,cement|chemicals|wet cargo
SHP-01929,hyderabad,Bharat Export House,Coffee and cocoa sacks,food-grade dry,Warangal,Mumbai,890,sea,3600,143,93,dry,36 h,26,return,2026-10-16,2026-10-19,Dry container with odour guard,87,40,dedicated fleet,53.6,13014000,10:00-14:00,61,29,84,27,,bulk food export,Can consolidate with dry food cargo.,cement|chemicals|odour cargo
SHP-01930,hyderabad,Tea Garden Collective,Medical devices,regulated devices,Visakhapatnam,Bengaluru,23,air,16700,86,99,regulated,24 h,60,return,2026-10-15,2026-10-17,Secure high-value air cargo,75,16,per-trip contract,18.1,1138000,14:00-22:00,72,178,48,339,VIS-DEL/BOM gateway,regulated high-value urgent,Needs secure handling and documented custody.,cement|chemicals|unsealed food
SHP-01931,hyderabad,Eastern Collective,Coffee and cocoa sacks,food-grade dry,Vijayawada,Chennai,158,sea,4100,36,84,dry,5 d,64,backhaul,2026-10-08,2026-10-09,Dry container with odour guard,84,23,dedicated fleet,52.6,2590000,06:00-10:00,89,38,196,65,,bulk food export,Can consolidate with dry food cargo.,cement|chemicals|odour cargo
SHP-01932,hyderabad,RetailLoop Consortium,Electronics returns,electronics,Guntur,Mumbai,29,staging,7800,17,90,ambient,72 h,76,contract,2026-09-26,2026-09-30,Secure parcel truck,86,58,spot market,27.5,589000,10:00-14:00,70,36,8,45,,high-value reverse logistics,"Needs dry, secure movement and claims control.",wet cargo|magnetic cargo|loose food
SHP-01933,hyderabad,AgroStar Industries,High value samples,secured samples,Guntur,Bengaluru,55,air,28500,45,89,regulated,24 h,65,contract,2026-10-26,2026-10-28,Secure air cargo pouch,86,23,fixed monthly,12.9,6206000,22:00-02:00,39,85,74,264,GUN-DEL/BOM gateway,high-value urgent,Needs secure handling and tight handoff control.,bulk cargo|unsecured parcels
SHP-01934,hyderabad,BluePeak Industries,Reverse logistics parcels,parcel returns,Kurnool,Nagpur,91,staging,5300,47,91,ambient,48 h,50,premium,2026-10-30,2026-11-02,Parcel cage vehicle,75,34,SLA contract,24.4,1942000,14:00-22:00,46,25,29,20,,reverse logistics,Works well in staged consolidation waves.,loose food|hazardous
SHP-01935,hyderabad,PortLink Logistics,Spice cartons,food-grade dry,Vijayawada,Pune,83,road,4200,49,98,ambient,72 h,38,overflow,2026-10-27,2026-10-30,Food-grade dry van,81,27,per-tonne contract,19.3,788000,06:00-10:00,53,15,27,49,,ambient food exports,Compatible with packaged food when odour control is maintained.,cement|chemicals|odour cargo
SHP-01936,hyderabad,Tea Garden Consortium,Bamboo panels and handicrafts,fragile craft,Guntur,Chennai,219,staging,6900,104,94,fragile,6 d,79,overflow,2026-10-28,2026-10-31,Padded box truck with staging buffer,73,39,spot market,24.4,3874000,06:00-10:00,45,10,13,1,,fragile regional exports,Needs bracing and should avoid dusty or heavy loads.,cement|heavy machinery|wet cargo
SHP-01937,hyderabad,AgroStar Industries,Reverse logistics parcels,parcel returns,Vijayawada,Pune,163,staging,5800,99,94,ambient,48 h,79,contract,2026-10-05,2026-10-09,Parcel cage vehicle,89,37,per-trip contract,27.3,2504000,22:00-02:00,86,20,32,21,,reverse logistics,Works well in staged consolidation waves.,loose food|hazardous
SHP-01938,hyderabad,AgroStar Supply Co,Spice cartons,food-grade dry,Warangal,Mumbai,694,road,4700,65,97,ambient,48 h,64,overflow,2026-10-02,2026-10-07,Food-grade dry van,90,55,per-tonne contract,20.3,11996000,06:00-10:00,94,15,4,5,,ambient food exports,Compatible with packaged food when odour control is maintained.,cement|chemicals|odour cargo
SHP-01939,hyderabad,Eastern Logistics,Speciality ginger and citrus,fresh produce,Visakhapatnam,Chennai,661,road,7400,212,95,chilled,6 d,56,premium,2026-10-25,2026-10-27,Ventilated reefer truck,67,47,per-trip contract,28.5,16152000,10:00-14:00,50,29,30,33,,perishable agriculture,Requires food-safe handling and temperature discipline.,cement|chemicals|odour cargo
SHP-01940,hyderabad,Greenfield Collective,Reverse logistics parcels,parcel returns,Vijayawada,Mumbai,32,staging,5300,165,90,ambient,5 d,68,return,2026-10-14,2026-10-15,Parcel cage vehicle,87,66,SLA contract,28.2,798000,14:00-22:00,94,42,3,39,,reverse logistics,Works well in staged consolidation waves.,loose food|hazardous
SHP-01941,hyderabad,Metro Logistics,Premium craft consignments,fragile craft,Kurnool,Hyderabad,286,staging,7600,165,89,fragile,6 d,90,contract,2026-10-16,2026-10-22,Padded box truck with staging buffer,86,29,per-trip contract,25.6,7436000,22:00-02:00,55,44,20,89,,premium fragile exports,Needs gentle handling and staging protection.,cement|heavy machinery|wet cargo
SHP-01942,hyderabad,Bharat Consortium,Spice cartons,food-grade dry,Warangal,Chennai,286,road,5200,66,85,ambient,48 h,99,premium,2026-09-20,2026-09-21,Food-grade dry van,88,42,dedicated fleet,19.8,4217000,14:00-22:00,48,44,27,17,,ambient food exports,Compatible with packaged food when odour control is maintained.,cement|chemicals|odour cargo
SHP-01943,hyderabad,CraftBridge Supply Co,Speciality ginger and citrus,fresh produce,Warangal,Pune,315,road,5400,110,99,chilled,6 d,43,backhaul,2026-09-23,2026-09-28,Ventilated reefer truck,81,60,SLA contract,19.0,4829000,14:00-22:00,69,38,28,43,,perishable agriculture,Requires food-safe handling and temperature discipline.,cement|chemicals|odour cargo
SHP-01944,hyderabad,Riverline Export House,Bamboo panels and handicrafts,fragile craft,Nellore,Hyderabad,37,staging,5300,122,99,fragile,72 h,78,contract,2026-09-16,2026-09-18,Padded box truck with staging buffer,84,37,per-tonne contract,29.9,682000,06:00-10:00,82,36,33,11,,fragile regional exports,Needs bracing and should avoid dusty or heavy loads.,cement|heavy machinery|wet cargo
SHP-01945,hyderabad,Horizon Distributors,High value samples,secured samples,Vijayawada,Pune,37,air,36000,89,99,regulated,5 d,63,spot,2026-10-08,2026-10-09,Secure air cargo pouch,84,66,dedicated fleet,14.5,4211000,22:00-02:00,86,107,105,230,VIJ-DEL/BOM gateway,high-value urgent,Needs secure handling and tight handoff control.,bulk cargo|unsecured parcels
SHP-01946,hyderabad,Bharat Industries,Electronics returns,electronics,Warangal,Mumbai,235,staging,5500,83,99,ambient,5 d,72,contract,2026-10-21,2026-10-26,Secure parcel truck,85,79,per-trip contract,25.3,5252000,10:00-14:00,91,39,12,36,,high-value reverse logistics,"Needs dry, secure movement and claims control.",wet cargo|magnetic cargo|loose food
SHP-01947,hyderabad,Eastern Trade Network,Spice cartons,food-grade dry,Warangal,Nagpur,136,road,5400,14,95,ambient,36 h,39,spot,2026-10-22,2026-10-26,Food-grade dry van,77,51,dedicated fleet,17.8,2036000,06:00-10:00,69,15,12,64,,ambient food exports,Compatible with packaged food when odour control is maintained.,cement|chemicals|odour cargo
SHP-01948,hyderabad,Prime Collective,Frozen bakery inputs,chilled food,Warangal,Chennai,185,road,6300,154,98,chilled,48 h,65,spot,2026-10-06,2026-10-12,Reefer truck,69,38,dedicated fleet,26.3,5445000,22:00-02:00,82,13,28,20,,temperature-controlled food,Needs temperature-controlled carriage.,ambient dry cargo|cement|chemicals
SHP-01949,hyderabad,Tea Garden Forwarders,Speciality ginger and citrus,fresh produce,Nellore,Chennai,391,road,5200,86,97,chilled,60 h,74,overflow,2026-10-08,2026-10-10,Ventilated reefer truck,81,74,fixed monthly,26.0,6773000,10:00-14:00,52,19,23,21,,perishable agriculture,Requires food-safe handling and temperature discipline.,cement|chemicals|odour cargo
SHP-01950,hyderabad,CraftBridge Consortium,Medical devices,regulated devices,Vijayawada,Chennai,47,air,19800,122,81,regulated,6 d,66,contract,2026-10-29,2026-10-31,Secure high-value air cargo,96,29,SLA contract,13.7,3689000,14:00-22:00,58,62,167,240,VIJ-DEL/BOM gateway,regulated high-value urgent,Needs secure handling and documented custody.,cement|chemicals|unsealed food
SHP-01951,hyderabad,Spice Valley Consortium,Regulated pharma samples,regulated pharma,Visakhapatnam,Pune,60,air,21700,80,96,regulated,72 h,84,contract,2026-10-31,2026-11-02,Validated secure pharma uplift,85,39,fixed monthly,9.5,6245000,10:00-14:00,88,71,52,148,VIS-DEL/BOM gateway,regulated high-value urgent,Needs chain-of-custody and compliance clearance.,food|cement|chemicals|unsecured parcels
SHP-01952,hyderabad,Spice Valley Foods,Spice cartons,food-grade dry,Warangal,Chennai,252,road,5000,59,84,ambient,60 h,69,spot,2026-10-13,2026-10-14,Food-grade dry van,84,33,spot market,22.7,3044000,14:00-22:00,78,12,15,65,,ambient food exports,Compatible with packaged food when odour control is maintained.,cement|chemicals|odour cargo
SHP-01953,hyderabad,Horizon Collective,Durable snacks overflow,food-grade dry,Nellore,Hyderabad,720,road,3500,67,96,ambient,24 h,65,contract,2026-10-19,2026-10-24,Food-grade dry van,93,39,per-tonne contract,20.9,6525000,06:00-10:00,94,39,31,55,,anchor-compatible FMCG overflow,Highly compatible with Britannia-style packaged food lanes.,cement|chemicals|wet cargo
SHP-01954,hyderabad,Greenfield Industries,High value samples,secured samples,Visakhapatnam,Mumbai,61,air,37300,83,88,regulated,6 d,33,contract,2026-09-18,2026-09-20,Secure air cargo pouch,76,9,per-tonne contract,16.9,8445000,22:00-02:00,99,121,181,66,VIS-DEL/BOM gateway,high-value urgent,Needs secure handling and tight handoff control.,bulk cargo|unsecured parcels
SHP-01955,hyderabad,Eastern Trade Network,Regulated pharma samples,regulated pharma,Nellore,Nagpur,17,air,24700,154,90,regulated,36 h,24,backhaul,2026-10-25,2026-10-27,Validated secure pharma uplift,91,10,per-tonne contract,15.9,1512000,06:00-10:00,96,156,52,212,NEL-DEL/BOM gateway,regulated high-value urgent,Needs chain-of-custody and compliance clearance.,food|cement|chemicals|unsecured parcels
SHP-01956,hyderabad,CraftBridge Logistics,Regulated pharma samples,regulated pharma,Guntur,Pune,5,air,29700,47,93,regulated,48 h,66,spot,2026-09-16,2026-09-17,Validated secure pharma uplift,99,52,per-trip contract,17.8,684000,06:00-10:00,45,70,117,237,GUN-DEL/BOM gateway,regulated high-value urgent,Needs chain-of-custody and compliance clearance.,food|cement|chemicals|unsecured parcels
SHP-01957,hyderabad,Horizon Distributors,High value samples,secured samples,Vijayawada,Chennai,28,air,26000,53,96,regulated,5 d,33,contract,2026-10-24,2026-10-25,Secure air cargo pouch,84,80,dedicated fleet,16.0,2825000,22:00-02:00,35,146,234,110,VIJ-DEL/BOM gateway,high-value urgent,Needs secure handling and tight handoff control.,bulk cargo|unsecured parcels
SHP-01958,hyderabad,Greenfield Logistics,Spice cartons,food-grade dry,Visakhapatnam,Mumbai,100,road,5700,107,94,ambient,96 h,61,overflow,2026-10-07,2026-10-09,Food-grade dry van,88,64,fixed monthly,21.2,2636000,14:00-22:00,76,25,33,5,,ambient food exports,Compatible with packaged food when odour control is maintained.,cement|chemicals|odour cargo
SHP-01959,hyderabad,BluePeak Supply Co,Packaged tea cartons,food-grade dry,Nellore,Nagpur,489,road,3900,191,99,dry,36 h,89,backhaul,2026-10-21,2026-10-22,Food-grade dry van,72,88,dedicated fleet,23.9,7388000,10:00-14:00,91,32,25,6,,anchor-compatible FMCG backhaul,Can ride with packaged food and dry FMCG cargo.,cement|chemicals|hazardous
SHP-01960,hyderabad,Prime Foods,Premium craft consignments,fragile craft,Warangal,Pune,123,staging,6800,154,91,fragile,36 h,24,spot,2026-09-23,2026-09-26,Padded box truck with staging buffer,72,40,fixed monthly,28.1,2637000,22:00-02:00,55,21,7,38,,premium fragile exports,Needs gentle handling and staging protection.,cement|heavy machinery|wet cargo
SHP-01961,hyderabad,AgroStar Consortium,Bamboo panels and handicrafts,fragile craft,Warangal,Pune,225,staging,5800,100,90,fragile,24 h,41,return,2026-10-28,2026-11-01,Padded box truck with staging buffer,84,48,per-tonne contract,30.5,4004000,06:00-10:00,80,12,2,64,,fragile regional exports,Needs bracing and should avoid dusty or heavy loads.,cement|heavy machinery|wet cargo
SHP-01962,hyderabad,Horizon Consortium,Durable snacks overflow,food-grade dry,Vijayawada,Pune,211,road,3700,189,82,ambient,96 h,56,premium,2026-10-19,2026-10-23,Food-grade dry van,85,28,SLA contract,26.8,2641000,22:00-02:00,84,16,16,47,,anchor-compatible FMCG overflow,Highly compatible with Britannia-style packaged food lanes.,cement|chemicals|wet cargo
SHP-01963,hyderabad,Horizon Supply Co,Bamboo panels and handicrafts,fragile craft,Vijayawada,Bengaluru,85,staging,6200,95,96,fragile,36 h,44,backhaul,2026-10-15,2026-10-17,Padded box truck with staging buffer,81,73,per-tonne contract,23.3,1434000,22:00-02:00,77,25,25,22,,fragile regional exports,Needs bracing and should avoid dusty or heavy loads.,cement|heavy machinery|wet cargo
SHP-01964,hyderabad,Eastern Forwarders,Spice cartons,food-grade dry,Kurnool,Chennai,435,road,4800,171,95,ambient,36 h,98,backhaul,2026-10-26,2026-11-01,Food-grade dry van,80,17,fixed monthly,23.0,5878000,10:00-14:00,98,18,9,37,,ambient food exports,Compatible with packaged food when odour control is maintained.,cement|chemicals|odour cargo
SHP-01965,hyderabad,Spice Valley Industries,High value samples,secured samples,Warangal,Nagpur,14,air,31300,172,89,regulated,24 h,40,backhaul,2026-10-24,2026-10-26,Secure air cargo pouch,82,57,per-tonne contract,19.9,1330000,06:00-10:00,97,126,189,222,WAR-DEL/BOM gateway,high-value urgent,Needs secure handling and tight handoff control.,bulk cargo|unsecured parcels
SHP-01966,hyderabad,RetailLoop Export House,Packaged tea cartons,food-grade dry,Kurnool,Pune,194,road,4600,67,99,dry,48 h,59,overflow,2026-10-12,2026-10-17,Food-grade dry van,75,54,SLA contract,24.6,3334000,22:00-02:00,78,14,22,18,,anchor-compatible FMCG backhaul,Can ride with packaged food and dry FMCG cargo.,cement|chemicals|hazardous
SHP-01967,hyderabad,BluePeak Distributors,Containerised export overflow,container export,Guntur,Mumbai,954,sea,4100,210,87,dry,24 h,95,overflow,2026-10-29,2026-11-04,Sealed container feeder,90,74,per-tonne contract,48.6,15850000,06:00-10:00,64,45,216,48,,bulk export overflow,Best suited to feeder or port-linked consolidation.,loose perishable|fragile craft
SHP-01968,hyderabad,Swift Forwarders,Premium craft consignments,fragile craft,Vijayawada,Mumbai,291,staging,6000,88,80,fragile,6 d,93,overflow,2026-10-11,2026-10-16,Padded box truck with staging buffer,89,34,per-tonne contract,24.0,5319000,22:00-02:00,61,24,14,45,,premium fragile exports,Needs gentle handling and staging protection.,cement|heavy machinery|wet cargo
SHP-01969,hyderabad,PortLink Consortium,Coffee and cocoa sacks,food-grade dry,Nellore,Hyderabad,859,sea,4000,74,94,dry,5 d,82,spot,2026-09-18,2026-09-23,Dry container with odour guard,78,20,dedicated fleet,54.7,10178000,10:00-14:00,92,10,138,78,,bulk food export,Can consolidate with dry food cargo.,cement|chemicals|odour cargo
SHP-01970,hyderabad,Eastern Foods,Premium craft consignments,fragile craft,Guntur,Bengaluru,197,staging,8500,86,99,fragile,60 h,76,backhaul,2026-10-03,2026-10-04,Padded box truck with staging buffer,77,22,spot market,26.5,5373000,22:00-02:00,70,25,34,85,,premium fragile exports,Needs gentle handling and staging protection.,cement|heavy machinery|wet cargo
SHP-01971,hyderabad,Tea Garden Distributors,Spice cartons,food-grade dry,Guntur,Hyderabad,469,road,4500,72,99,ambient,48 h,40,return,2026-09-16,2026-09-18,Food-grade dry van,81,32,dedicated fleet,24.7,7879000,14:00-22:00,68,36,28,29,,ambient food exports,Compatible with packaged food when odour control is maintained.,cement|chemicals|odour cargo
SHP-01972,hyderabad,Eastern Foods,Spice cartons,food-grade dry,Kurnool,Nagpur,406,road,4500,97,94,ambient,24 h,25,contract,2026-10-06,2026-10-09,Food-grade dry van,88,40,per-trip contract,23.7,8607000,14:00-22:00,52,37,8,85,,ambient food exports,Compatible with packaged food when odour control is maintained.,cement|chemicals|odour cargo
SHP-01973,hyderabad,Greenfield Export House,Frozen bakery inputs,chilled food,Vijayawada,Chennai,536,road,7700,85,91,chilled,60 h,29,overflow,2026-09-21,2026-09-26,Reefer truck,77,4,SLA contract,24.6,16605000,06:00-10:00,90,22,17,24,,temperature-controlled food,Needs temperature-controlled carriage.,ambient dry cargo|cement|chemicals
SHP-01974,hyderabad,Riverline Collective,Medical devices,regulated devices,Warangal,Nagpur,51,air,14800,213,93,regulated,48 h,30,premium,2026-09-24,2026-09-25,Secure high-value air cargo,87,45,fixed monthly,22.0,2649000,10:00-14:00,92,155,208,355,WAR-DEL/BOM gateway,regulated high-value urgent,Needs secure handling and documented custody.,cement|chemicals|unsealed food
SHP-01975,hyderabad,AgroStar Supply Co,Frozen bakery inputs,chilled food,Warangal,Chennai,68,road,6800,167,96,chilled,72 h,24,spot,2026-10-01,2026-10-04,Reefer truck,81,51,per-tonne contract,26.8,1228000,10:00-14:00,69,35,20,37,,temperature-controlled food,Needs temperature-controlled carriage.,ambient dry cargo|cement|chemicals
SHP-01976,hyderabad,Metro Logistics,Frozen bakery inputs,chilled food,Nellore,Nagpur,48,road,8300,100,93,chilled,5 d,88,backhaul,2026-09-24,2026-09-28,Reefer truck,82,57,SLA contract,23.6,1027000,22:00-02:00,63,19,13,67,,temperature-controlled food,Needs temperature-controlled carriage.,ambient dry cargo|cement|chemicals
SHP-01977,hyderabad,Bharat Supply Co,Textile bales,textile dry,Vijayawada,Mumbai,157,road,4100,160,88,dry,48 h,47,backhaul,2026-09-26,2026-10-01,Dry van with moisture guard,83,46,per-tonne contract,27.1,1685000,06:00-10:00,96,30,35,1,,dry industrial backhaul,Needs dry handling and moisture protection.,wet cargo|chemicals
SHP-01978,hyderabad,Bharat Trade Network,Speciality ginger and citrus,fresh produce,Kurnool,Mumbai,86,road,5000,118,91,chilled,24 h,30,contract,2026-09-30,2026-10-01,Ventilated reefer truck,88,63,per-trip contract,22.3,1251000,22:00-02:00,69,42,21,22,,perishable agriculture,Requires food-safe handling and temperature discipline.,cement|chemicals|odour cargo
SHP-01979,hyderabad,Greenfield Trade Network,Textile bales,textile dry,Guntur,Hyderabad,615,road,4600,91,97,dry,36 h,60,contract,2026-10-28,2026-11-02,Dry van with moisture guard,92,50,per-tonne contract,22.7,10907000,22:00-02:00,49,23,8,21,,dry industrial backhaul,Needs dry handling and moisture protection.,wet cargo|chemicals
SHP-01980,hyderabad,Metro Consortium,High value samples,secured samples,Kurnool,Nagpur,44,air,29600,172,88,regulated,6 d,56,spot,2026-10-25,2026-10-27,Secure air cargo pouch,64,64,spot market,15.1,4563000,22:00-02:00,54,86,193,314,KUR-DEL/BOM gateway,high-value urgent,Needs secure handling and tight handoff control.,bulk cargo|unsecured parcels
SHP-01981,hyderabad,RetailLoop Export House,Durable snacks overflow,food-grade dry,Visakhapatnam,Pune,171,road,3600,107,95,ambient,60 h,46,spot,2026-09-21,2026-09-23,Food-grade dry van,74,75,spot market,24.1,2873000,10:00-14:00,49,31,13,53,,anchor-compatible FMCG overflow,Highly compatible with Britannia-style packaged food lanes.,cement|chemicals|wet cargo
SHP-01982,hyderabad,Riverline Distributors,Reverse logistics parcels,parcel returns,Guntur,Bengaluru,233,staging,5800,115,92,ambient,36 h,97,premium,2026-10-18,2026-10-19,Parcel cage vehicle,90,21,fixed monthly,28.1,3570000,22:00-02:00,90,15,1,64,,reverse logistics,Works well in staged consolidation waves.,loose food|hazardous
SHP-01983,hyderabad,Spice Valley Logistics,Frozen bakery inputs,chilled food,Kurnool,Pune,720,road,7000,170,95,chilled,60 h,69,premium,2026-10-27,2026-10-28,Reefer truck,89,15,SLA contract,22.3,17451000,06:00-10:00,46,18,16,0,,temperature-controlled food,Needs temperature-controlled carriage.,ambient dry cargo|cement|chemicals
SHP-01984,hyderabad,Bharat Supply Co,Bamboo panels and handicrafts,fragile craft,Vijayawada,Nagpur,178,staging,5200,226,98,fragile,24 h,28,spot,2026-09-24,2026-09-29,Padded box truck with staging buffer,91,83,fixed monthly,24.2,2802000,14:00-22:00,47,28,2,71,,fragile regional exports,Needs bracing and should avoid dusty or heavy loads.,cement|heavy machinery|wet cargo
SHP-01985,hyderabad,AgroStar Export House,Containerised export overflow,container export,Kurnool,Mumbai,844,sea,3800,107,91,dry,72 h,60,backhaul,2026-09-28,2026-10-03,Sealed container feeder,68,55,per-trip contract,52.8,8908000,06:00-10:00,49,26,200,46,,bulk export overflow,Best suited to feeder or port-linked consolidation.,loose perishable|fragile craft
SHP-01986,hyderabad,RetailLoop Supply Co,Spice cartons,food-grade dry,Guntur,Mumbai,660,road,5100,155,95,ambient,6 d,76,spot,2026-10-07,2026-10-13,Food-grade dry van,86,47,per-tonne contract,23.4,15647000,22:00-02:00,99,38,10,27,,ambient food exports,Compatible with packaged food when odour control is maintained.,cement|chemicals|odour cargo
SHP-01987,hyderabad,Bharat Industries,Textile bales,textile dry,Warangal,Chennai,586,road,3700,124,99,dry,60 h,66,spot,2026-09-29,2026-10-01,Dry van with moisture guard,94,35,per-tonne contract,22.2,10125000,14:00-22:00,73,26,20,77,,dry industrial backhaul,Needs dry handling and moisture protection.,wet cargo|chemicals
SHP-01988,hyderabad,Spice Valley Collective,Reverse logistics parcels,parcel returns,Visakhapatnam,Chennai,200,staging,6200,131,86,ambient,60 h,54,spot,2026-10-19,2026-10-24,Parcel cage vehicle,86,14,per-trip contract,31.1,3551000,14:00-22:00,67,10,27,79,,reverse logistics,Works well in staged consolidation waves.,loose food|hazardous
SHP-01989,hyderabad,Prime Industries,Reverse logistics parcels,parcel returns,Visakhapatnam,Hyderabad,95,staging,5700,66,89,ambient,96 h,35,contract,2026-10-13,2026-10-15,Parcel cage vehicle,85,16,fixed monthly,29.7,2282000,14:00-22:00,84,32,5,1,,reverse logistics,Works well in staged consolidation waves.,loose food|hazardous
SHP-01990,hyderabad,Riverline Collective,Regulated pharma samples,regulated pharma,Kurnool,Bengaluru,5,air,21000,122,98,regulated,12 h,89,overflow,2026-10-29,2026-10-31,Validated secure pharma uplift,81,20,per-tonne contract,21.4,297000,22:00-02:00,89,173,208,348,KUR-DEL/BOM gateway,regulated high-value urgent,Needs chain-of-custody and compliance clearance.,food|cement|chemicals|unsecured parcels
SHP-01991,hyderabad,Spice Valley Consortium,Frozen bakery inputs,chilled food,Guntur,Nagpur,620,road,9100,141,92,chilled,6 d,61,premium,2026-09-27,2026-10-03,Reefer truck,84,18,per-tonne contract,23.1,21212000,10:00-14:00,52,41,20,59,,temperature-controlled food,Needs temperature-controlled carriage.,ambient dry cargo|cement|chemicals
SHP-01992,hyderabad,PortLink Supply Co,High value samples,secured samples,Vijayawada,Pune,64,air,23000,136,92,regulated,6 d,38,overflow,2026-09-19,2026-09-20,Secure air cargo pouch,83,61,fixed monthly,15.8,6325000,06:00-10:00,45,150,52,234,VIJ-DEL/BOM gateway,high-value urgent,Needs secure handling and tight handoff control.,bulk cargo|unsecured parcels
SHP-01993,hyderabad,Prime Trade Network,Durable snacks overflow,food-grade dry,Nellore,Pune,89,road,3000,53,99,ambient,60 h,61,contract,2026-10-18,2026-10-23,Food-grade dry van,81,32,per-tonne contract,21.1,1028000,10:00-14:00,62,17,21,20,,anchor-compatible FMCG overflow,Highly compatible with Britannia-style packaged food lanes.,cement|chemicals|wet cargo
SHP-01994,hyderabad,RetailLoop Export House,Speciality ginger and citrus,fresh produce,Vijayawada,Hyderabad,388,road,7200,177,89,chilled,36 h,46,spot,2026-10-28,2026-11-02,Ventilated reefer truck,68,86,fixed monthly,25.3,9427000,10:00-14:00,69,14,23,39,,perishable agriculture,Requires food-safe handling and temperature discipline.,cement|chemicals|odour cargo
SHP-01995,hyderabad,Swift Supply Co,Coffee and cocoa sacks,food-grade dry,Kurnool,Chennai,1116,sea,3900,106,97,dry,5 d,27,return,2026-10-16,2026-10-20,Dry container with odour guard,79,16,SLA contract,47.2,20720000,14:00-22:00,74,40,168,82,,bulk food export,Can consolidate with dry food cargo.,cement|chemicals|odour cargo
SHP-01996,hyderabad,Swift Consortium,Regulated pharma samples,regulated pharma,Vijayawada,Mumbai,36,air,17400,72,98,regulated,96 h,84,spot,2026-10-02,2026-10-04,Validated secure pharma uplift,82,44,per-trip contract,17.3,2086000,06:00-10:00,89,162,174,258,VIJ-DEL/BOM gateway,regulated high-value urgent,Needs chain-of-custody and compliance clearance.,food|cement|chemicals|unsecured parcels
SHP-01997,hyderabad,Horizon Forwarders,Medical devices,regulated devices,Nellore,Mumbai,63,air,14500,171,86,regulated,96 h,32,spot,2026-09-30,2026-10-02,Secure high-value air cargo,88,54,SLA contract,12.2,2956000,10:00-14:00,48,137,181,84,NEL-DEL/BOM gateway,regulated high-value urgent,Needs secure handling and documented custody.,cement|chemicals|unsealed food
SHP-01998,hyderabad,Healthline Logistics,Spice cartons,food-grade dry,Kurnool,Bengaluru,295,road,6100,174,91,ambient,5 d,46,contract,2026-10-27,2026-10-28,Food-grade dry van,82,52,per-tonne contract,20.9,6651000,10:00-14:00,95,20,13,44,,ambient food exports,Compatible with packaged food when odour control is maintained.,cement|chemicals|odour cargo
SHP-01999,hyderabad,National Trade Network,Frozen bakery inputs,chilled food,Vijayawada,Pune,392,road,8600,121,91,chilled,60 h,46,backhaul,2026-10-06,2026-10-12,Reefer truck,79,81,fixed monthly,22.8,15324000,10:00-14:00,99,15,29,85,,temperature-controlled food,Needs temperature-controlled carriage.,ambient dry cargo|cement|chemicals
SHP-02000,hyderabad,Summit Industries,Electronics returns,electronics,Vijayawada,Nagpur,357,staging,7600,120,94,ambient,5 d,53,contract,2026-10-14,2026-10-18,Secure parcel truck,88,25,fixed monthly,26.2,11344000,14:00-22:00,70,31,16,48,,high-value reverse logistics,"Needs dry, secure movement and claims control.",wet cargo|magnetic cargo|loose food
SHP-02001,gujarat,AgroStar Export House,Electronics returns,electronics,Jamnagar,Delhi NCR,140,staging,6800,87,83,ambient,36 h,52,spot,2026-09-26,2026-10-01,Secure parcel truck,69,15,spot market,24.3,4063000,22:00-02:00,37,32,33,36,,high-value reverse logistics,"Needs dry, secure movement and claims control.",wet cargo|magnetic cargo|loose food
SHP-02002,gujarat,AgroStar Logistics,Bamboo panels and handicrafts,fragile craft,Jamnagar,Jaipur,400,staging,7200,78,84,fragile,36 h,46,overflow,2026-10-11,2026-10-15,Padded box truck with staging buffer,75,45,spot market,25.9,12091000,10:00-14:00,86,16,9,43,,fragile regional exports,Needs bracing and should avoid dusty or heavy loads.,cement|heavy machinery|wet cargo
SHP-02003,gujarat,Riverline Trade Network,Spice cartons,food-grade dry,Kandla,Mumbai,209,road,4100,51,90,ambient,96 h,99,premium,2026-10-18,2026-10-20,Food-grade dry van,70,39,SLA contract,23.9,2852000,22:00-02:00,82,30,1,55,,ambient food exports,Compatible with packaged food when odour control is maintained.,cement|chemicals|odour cargo
SHP-02004,gujarat,RetailLoop Logistics,Bamboo panels and handicrafts,fragile craft,Mundra,Delhi NCR,282,staging,4300,169,88,fragile,60 h,71,backhaul,2026-10-09,2026-10-11,Padded box truck with staging buffer,90,39,per-trip contract,25.7,2728000,22:00-02:00,89,28,23,17,,fragile regional exports,Needs bracing and should avoid dusty or heavy loads.,cement|heavy machinery|wet cargo
SHP-02005,gujarat,Summit Forwarders,Medical devices,regulated devices,Kandla,Jaipur,8,air,17200,51,99,regulated,48 h,54,premium,2026-10-12,2026-10-13,Secure high-value air cargo,95,52,per-tonne contract,13.8,483000,22:00-02:00,56,54,232,60,KAN-DEL/BOM gateway,regulated high-value urgent,Needs secure handling and documented custody.,cement|chemicals|unsealed food
SHP-02006,gujarat,Summit Forwarders,Electronics returns,electronics,Mundra,Mumbai,384,staging,6900,114,98,ambient,36 h,93,backhaul,2026-10-27,2026-10-30,Secure parcel truck,83,37,dedicated fleet,24.7,9987000,06:00-10:00,75,25,14,82,,high-value reverse logistics,"Needs dry, secure movement and claims control.",wet cargo|magnetic cargo|loose food
SHP-02007,gujarat,RetailLoop Distributors,Reverse logistics parcels,parcel returns,Bhuj,Jaipur,38,staging,6000,118,95,ambient,48 h,64,backhaul,2026-10-11,2026-10-15,Parcel cage vehicle,88,77,dedicated fleet,30.2,747000,06:00-10:00,53,30,3,8,,reverse logistics,Works well in staged consolidation waves.,loose food|hazardous
SHP-02008,gujarat,PortLink Forwarders,Coffee and cocoa sacks,food-grade dry,Bhuj,Delhi NCR,726,sea,3000,112,97,dry,72 h,36,spot,2026-09-27,2026-09-30,Dry container with odour guard,86,76,SLA contract,57.2,6238000,22:00-02:00,82,27,187,60,,bulk food export,Can consolidate with dry food cargo.,cement|chemicals|odour cargo
SHP-02009,gujarat,BluePeak Collective,Reverse logistics parcels,parcel returns,Bhuj,Mumbai,131,staging,6600,197,84,ambient,24 h,47,overflow,2026-10-27,2026-10-30,Parcel cage vehicle,92,45,dedicated fleet,29.6,2917000,22:00-02:00,49,26,11,70,,reverse logistics,Works well in staged consolidation waves.,loose food|hazardous
SHP-02010,gujarat,Prime Supply Co,Regulated pharma samples,regulated pharma,Rajkot,Jaipur,42,air,27200,137,92,regulated,5 d,27,overflow,2026-10-28,2026-10-30,Validated secure pharma uplift,89,72,SLA contract,10.0,4350000,10:00-14:00,64,46,96,79,RAJ-DEL/BOM gateway,regulated high-value urgent,Needs chain-of-custody and compliance clearance.,food|cement|chemicals|unsecured parcels
SHP-02011,gujarat,Summit Export House,Frozen bakery inputs,chilled food,Rajkot,Jaipur,249,road,6000,91,95,chilled,72 h,60,backhaul,2026-10-25,2026-10-27,Reefer truck,80,23,SLA contract,20.3,3825000,10:00-14:00,99,24,6,76,,temperature-controlled food,Needs temperature-controlled carriage.,ambient dry cargo|cement|chemicals
SHP-02012,gujarat,Eastern Forwarders,Spice cartons,food-grade dry,Surat,Delhi NCR,634,road,5300,82,94,ambient,48 h,34,premium,2026-10-05,2026-10-10,Food-grade dry van,79,67,per-tonne contract,20.3,14633000,14:00-22:00,87,45,28,80,,ambient food exports,Compatible with packaged food when odour control is maintained.,cement|chemicals|odour cargo
SHP-02013,gujarat,Metro Supply Co,Reverse logistics parcels,parcel returns,Surat,Mumbai,43,staging,5200,64,83,ambient,36 h,70,overflow,2026-09-25,2026-09-30,Parcel cage vehicle,82,47,fixed monthly,32.1,620000,22:00-02:00,84,36,25,2,,reverse logistics,Works well in staged consolidation waves.,loose food|hazardous
SHP-02014,gujarat,Summit Trade Network,Containerised export overflow,container export,Jamnagar,Mumbai,863,sea,4300,107,87,dry,48 h,65,premium,2026-10-23,2026-10-24,Sealed container feeder,94,47,per-trip contract,55.0,8643000,06:00-10:00,59,13,106,44,,bulk export overflow,Best suited to feeder or port-linked consolidation.,loose perishable|fragile craft
SHP-02015,gujarat,BluePeak Logistics,Coffee and cocoa sacks,food-grade dry,Surat,Indore,174,sea,4200,68,96,dry,48 h,65,spot,2026-09-25,2026-10-01,Dry container with odour guard,86,27,per-trip contract,56.5,3453000,06:00-10:00,57,23,232,21,,bulk food export,Can consolidate with dry food cargo.,cement|chemicals|odour cargo
SHP-02016,gujarat,CraftBridge Consortium,Frozen bakery inputs,chilled food,Rajkot,Delhi NCR,298,road,6800,166,87,chilled,96 h,33,overflow,2026-09-21,2026-09-25,Reefer truck,90,29,dedicated fleet,22.1,8765000,22:00-02:00,65,21,31,80,,temperature-controlled food,Needs temperature-controlled carriage.,ambient dry cargo|cement|chemicals
SHP-02017,gujarat,Eastern Foods,Medical devices,regulated devices,Surat,Ahmedabad,56,air,18800,93,88,regulated,48 h,35,premium,2026-10-31,2026-11-01,Secure high-value air cargo,87,17,fixed monthly,17.6,2735000,10:00-14:00,83,60,104,204,SUR-DEL/BOM gateway,regulated high-value urgent,Needs secure handling and documented custody.,cement|chemicals|unsealed food
SHP-02018,gujarat,Swift Foods,Premium craft consignments,fragile craft,Jamnagar,Delhi NCR,24,staging,5800,63,92,fragile,48 h,90,premium,2026-10-04,2026-10-08,Padded box truck with staging buffer,91,46,fixed monthly,29.0,634000,22:00-02:00,89,23,15,31,,premium fragile exports,Needs gentle handling and staging protection.,cement|heavy machinery|wet cargo
SHP-02019,gujarat,BluePeak Industries,Medical devices,regulated devices,Surat,Indore,33,air,20700,60,86,regulated,36 h,70,backhaul,2026-09-17,2026-09-18,Secure high-value air cargo,86,32,per-trip contract,13.0,2367000,22:00-02:00,52,70,180,269,SUR-DEL/BOM gateway,regulated high-value urgent,Needs secure handling and documented custody.,cement|chemicals|unsealed food
SHP-02020,gujarat,National Industries,Textile bales,textile dry,Rajkot,Pune,262,road,4500,97,90,dry,96 h,86,return,2026-10-09,2026-10-10,Dry van with moisture guard,74,18,SLA contract,22.7,5491000,22:00-02:00,77,43,19,80,,dry industrial backhaul,Needs dry handling and moisture protection.,wet cargo|chemicals
SHP-02021,gujarat,Swift Supply Co,Packaged tea cartons,food-grade dry,Kandla,Jaipur,308,road,3600,135,83,dry,60 h,75,contract,2026-10-10,2026-10-16,Food-grade dry van,94,21,SLA contract,25.3,4815000,22:00-02:00,98,39,31,42,,anchor-compatible FMCG backhaul,Can ride with packaged food and dry FMCG cargo.,cement|chemicals|hazardous
SHP-02022,gujarat,Eastern Industries,Speciality ginger and citrus,fresh produce,Rajkot,Mumbai,489,road,5500,52,87,chilled,5 d,74,spot,2026-09-19,2026-09-22,Ventilated reefer truck,82,52,fixed monthly,25.0,10781000,06:00-10:00,41,35,25,80,,perishable agriculture,Requires food-safe handling and temperature discipline.,cement|chemicals|odour cargo
SHP-02023,gujarat,Prime Industries,Durable snacks overflow,food-grade dry,Bhuj,Mumbai,175,road,3200,94,89,ambient,5 d,70,contract,2026-10-07,2026-10-10,Food-grade dry van,73,55,per-tonne contract,24.3,1294000,22:00-02:00,54,10,3,44,,anchor-compatible FMCG overflow,Highly compatible with Britannia-style packaged food lanes.,cement|chemicals|wet cargo
SHP-02024,gujarat,RetailLoop Foods,Containerised export overflow,container export,Surat,Ahmedabad,614,sea,2800,160,81,dry,96 h,33,contract,2026-10-22,2026-10-23,Sealed container feeder,80,29,spot market,50.7,8088000,10:00-14:00,56,42,167,22,,bulk export overflow,Best suited to feeder or port-linked consolidation.,loose perishable|fragile craft
SHP-02025,gujarat,Tea Garden Export House,Medical devices,regulated devices,Bhuj,Delhi NCR,17,air,22800,78,84,regulated,6 d,75,premium,2026-09-30,2026-10-02,Secure high-value air cargo,79,37,SLA contract,10.8,949000,06:00-10:00,73,94,56,110,BHU-DEL/BOM gateway,regulated high-value urgent,Needs secure handling and documented custody.,cement|chemicals|unsealed food
SHP-02026,gujarat,AgroStar Foods,Medical devices,regulated devices,Bhuj,Mumbai,25,air,17400,87,92,regulated,6 d,76,contract,2026-09-21,2026-09-22,Secure high-value air cargo,85,45,per-trip contract,17.2,1459000,10:00-14:00,90,139,65,198,BHU-DEL/BOM gateway,regulated high-value urgent,Needs secure handling and documented custody.,cement|chemicals|unsealed food
SHP-02027,gujarat,Horizon Export House,Premium craft consignments,fragile craft,Mundra,Pune,234,staging,7200,45,87,fragile,72 h,47,premium,2026-10-20,2026-10-23,Padded box truck with staging buffer,79,63,per-trip contract,26.6,7755000,22:00-02:00,89,30,15,40,,premium fragile exports,Needs gentle handling and staging protection.,cement|heavy machinery|wet cargo
SHP-02028,gujarat,RetailLoop Foods,Medical devices,regulated devices,Mundra,Jaipur,17,air,20800,204,86,regulated,6 d,58,premium,2026-10-28,2026-10-29,Secure high-value air cargo,78,67,SLA contract,10.3,1452000,22:00-02:00,40,83,55,119,MUN-DEL/BOM gateway,regulated high-value urgent,Needs secure handling and documented custody.,cement|chemicals|unsealed food
SHP-02029,gujarat,Horizon Industries,Regulated pharma samples,regulated pharma,Kandla,Jaipur,16,air,21300,107,99,regulated,5 d,46,spot,2026-10-09,2026-10-10,Validated secure pharma uplift,68,18,SLA contract,14.3,1574000,10:00-14:00,38,139,34,187,KAN-DEL/BOM gateway,regulated high-value urgent,Needs chain-of-custody and compliance clearance.,food|cement|chemicals|unsecured parcels
SHP-02030,gujarat,Swift Supply Co,Medical devices,regulated devices,Kandla,Jaipur,66,air,19300,194,80,regulated,12 h,96,contract,2026-10-06,2026-10-07,Secure high-value air cargo,72,14,fixed monthly,11.9,3133000,06:00-10:00,78,173,146,147,KAN-DEL/BOM gateway,regulated high-value urgent,Needs secure handling and documented custody.,cement|chemicals|unsealed food
SHP-02031,gujarat,Summit Logistics,Packaged tea cartons,food-grade dry,Jamnagar,Delhi NCR,328,road,4700,80,91,dry,48 h,94,premium,2026-09-22,2026-09-28,Food-grade dry van,75,16,spot market,25.4,5626000,14:00-22:00,75,24,35,53,,anchor-compatible FMCG backhaul,Can ride with packaged food and dry FMCG cargo.,cement|chemicals|hazardous
SHP-02032,gujarat,Prime Foods,Textile bales,textile dry,Surat,Delhi NCR,652,road,4500,78,89,dry,60 h,50,contract,2026-10-25,2026-10-27,Dry van with moisture guard,84,37,per-tonne contract,21.7,7151000,06:00-10:00,42,27,15,37,,dry industrial backhaul,Needs dry handling and moisture protection.,wet cargo|chemicals
SHP-02033,gujarat,PortLink Collective,Reverse logistics parcels,parcel returns,Kandla,Jaipur,158,staging,5500,43,99,ambient,48 h,50,overflow,2026-09-28,2026-10-04,Parcel cage vehicle,76,68,spot market,30.1,2996000,14:00-22:00,90,32,5,49,,reverse logistics,Works well in staged consolidation waves.,loose food|hazardous
SHP-02034,gujarat,PortLink Foods,Coffee and cocoa sacks,food-grade dry,Surat,Pune,1036,sea,3900,209,97,dry,48 h,53,premium,2026-10-22,2026-10-24,Dry container with odour guard,91,27,per-tonne contract,50.1,10265000,14:00-22:00,81,27,189,0,,bulk food export,Can consolidate with dry food cargo.,cement|chemicals|odour cargo
SHP-02035,gujarat,Summit Distributors,Electronics returns,electronics,Kandla,Ahmedabad,181,staging,7100,78,81,ambient,48 h,90,spot,2026-10-29,2026-11-04,Secure parcel truck,84,29,fixed monthly,25.3,5462000,06:00-10:00,41,13,2,4,,high-value reverse logistics,"Needs dry, secure movement and claims control.",wet cargo|magnetic cargo|loose food
SHP-02036,gujarat,Metro Logistics,Textile bales,textile dry,Bhuj,Ahmedabad,618,road,4200,163,94,dry,96 h,60,premium,2026-10-23,2026-10-24,Dry van with moisture guard,83,19,per-tonne contract,25.0,6705000,14:00-22:00,44,16,27,35,,dry industrial backhaul,Needs dry handling and moisture protection.,wet cargo|chemicals
SHP-02037,gujarat,Prime Distributors,Regulated pharma samples,regulated pharma,Bhuj,Pune,69,air,16700,125,91,regulated,36 h,32,spot,2026-10-07,2026-10-09,Validated secure pharma uplift,86,15,per-trip contract,18.6,5385000,06:00-10:00,92,106,44,286,BHU-DEL/BOM gateway,regulated high-value urgent,Needs chain-of-custody and compliance clearance.,food|cement|chemicals|unsecured parcels
SHP-02038,gujarat,RetailLoop Trade Network,Premium craft consignments,fragile craft,Bhuj,Pune,399,staging,5900,52,92,fragile,72 h,90,overflow,2026-10-25,2026-10-31,Padded box truck with staging buffer,77,25,per-tonne contract,27.5,7653000,22:00-02:00,96,14,30,72,,premium fragile exports,Needs gentle handling and staging protection.,cement|heavy machinery|wet cargo
SHP-02039,gujarat,Prime Logistics,Packaged tea cartons,food-grade dry,Mundra,Mumbai,574,road,3600,45,86,dry,96 h,97,backhaul,2026-10-28,2026-10-30,Food-grade dry van,79,36,per-trip contract,24.3,8894000,10:00-14:00,71,23,17,10,,anchor-compatible FMCG backhaul,Can ride with packaged food and dry FMCG cargo.,cement|chemicals|hazardous
SHP-02040,gujarat,BluePeak Collective,Medical devices,regulated devices,Rajkot,Pune,32,air,18400,114,83,regulated,48 h,46,backhaul,2026-09-20,2026-09-21,Secure high-value air cargo,80,69,per-tonne contract,15.6,2599000,14:00-22:00,42,128,58,184,RAJ-DEL/BOM gateway,regulated high-value urgent,Needs secure handling and documented custody.,cement|chemicals|unsealed food
SHP-02041,gujarat,Riverline Forwarders,Textile bales,textile dry,Jamnagar,Ahmedabad,80,road,4500,119,95,dry,60 h,77,overflow,2026-10-04,2026-10-08,Dry van with moisture guard,85,76,spot market,26.0,1119000,06:00-10:00,90,26,17,88,,dry industrial backhaul,Needs dry handling and moisture protection.,wet cargo|chemicals
SHP-02042,gujarat,Metro Consortium,High value samples,secured samples,Jamnagar,Ahmedabad,10,air,21800,81,73,regulated,60 h,29,contract,2026-10-11,2026-10-12,Secure air cargo pouch,84,40,SLA contract,9.5,789000,06:00-10:00,51,86,65,142,JAM-DEL/BOM gateway,high-value urgent,Needs secure handling and tight handoff control.,bulk cargo|unsecured parcels
SHP-02043,gujarat,Prime Distributors,Frozen bakery inputs,chilled food,Jamnagar,Ahmedabad,602,road,8800,89,71,chilled,96 h,66,backhaul,2026-10-25,2026-10-30,Reefer truck,78,29,fixed monthly,24.6,13252000,06:00-10:00,61,17,20,25,,temperature-controlled food,Needs temperature-controlled carriage.,ambient dry cargo|cement|chemicals
SHP-02044,gujarat,Summit Forwarders,Coffee and cocoa sacks,food-grade dry,Bhuj,Pune,506,sea,4200,48,92,dry,96 h,63,premium,2026-09-17,2026-09-22,Dry container with odour guard,82,27,fixed monthly,48.7,5307000,06:00-10:00,40,40,62,11,,bulk food export,Can consolidate with dry food cargo.,cement|chemicals|odour cargo
SHP-02045,gujarat,Prime Consortium,Spice cartons,food-grade dry,Mundra,Pune,371,road,4000,210,89,ambient,36 h,87,premium,2026-09-27,2026-10-02,Food-grade dry van,75,68,spot market,27.8,4449000,22:00-02:00,67,40,12,13,,ambient food exports,Compatible with packaged food when odour control is maintained.,cement|chemicals|odour cargo
SHP-02046,gujarat,Horizon Export House,Frozen bakery inputs,chilled food,Jamnagar,Mumbai,49,road,6800,126,91,chilled,96 h,59,premium,2026-10-10,2026-10-16,Reefer truck,79,63,per-tonne contract,28.3,838000,14:00-22:00,98,37,4,17,,temperature-controlled food,Needs temperature-controlled carriage.,ambient dry cargo|cement|chemicals
SHP-02047,gujarat,Greenfield Export House,Containerised export overflow,container export,Bhuj,Jaipur,229,sea,4600,147,84,dry,96 h,88,overflow,2026-09-24,2026-09-26,Sealed container feeder,92,33,dedicated fleet,51.5,4366000,14:00-22:00,85,31,134,40,,bulk export overflow,Best suited to feeder or port-linked consolidation.,loose perishable|fragile craft
SHP-02048,gujarat,BluePeak Collective,Frozen bakery inputs,chilled food,Bhuj,Indore,273,road,8000,166,95,chilled,5 d,32,spot,2026-10-01,2026-10-02,Reefer truck,80,36,dedicated fleet,28.1,7147000,14:00-22:00,70,11,11,51,,temperature-controlled food,Needs temperature-controlled carriage.,ambient dry cargo|cement|chemicals
SHP-02049,gujarat,National Industries,Durable snacks overflow,food-grade dry,Mundra,Indore,588,road,3300,184,94,ambient,96 h,34,spot,2026-10-02,2026-10-06,Food-grade dry van,84,16,SLA contract,28.0,8417000,14:00-22:00,56,32,20,66,,anchor-compatible FMCG overflow,Highly compatible with Britannia-style packaged food lanes.,cement|chemicals|wet cargo
SHP-02050,gujarat,AgroStar Distributors,Reverse logistics parcels,parcel returns,Bhuj,Delhi NCR,211,staging,6600,119,97,ambient,36 h,25,overflow,2026-10-08,2026-10-09,Parcel cage vehicle,87,49,SLA contract,28.9,6570000,14:00-22:00,98,18,3,8,,reverse logistics,Works well in staged consolidation waves.,loose food|hazardous
SHP-02051,gujarat,Spice Valley Industries,Medical devices,regulated devices,Mundra,Mumbai,51,air,23100,86,95,regulated,48 h,52,return,2026-10-09,2026-10-11,Secure high-value air cargo,81,47,per-trip contract,16.7,4885000,22:00-02:00,76,124,32,155,MUN-DEL/BOM gateway,regulated high-value urgent,Needs secure handling and documented custody.,cement|chemicals|unsealed food
SHP-02052,gujarat,PortLink Supply Co,Spice cartons,food-grade dry,Surat,Mumbai,603,road,4700,173,90,ambient,24 h,72,overflow,2026-10-06,2026-10-08,Food-grade dry van,97,23,per-trip contract,22.9,8345000,14:00-22:00,59,38,16,57,,ambient food exports,Compatible with packaged food when odour control is maintained.,cement|chemicals|odour cargo
SHP-02053,gujarat,Tea Garden Distributors,Textile bales,textile dry,Kandla,Delhi NCR,183,road,3400,110,88,dry,6 d,40,return,2026-09-23,2026-09-24,Dry van with moisture guard,85,61,SLA contract,22.4,2461000,10:00-14:00,70,15,18,37,,dry industrial backhaul,Needs dry handling and moisture protection.,wet cargo|chemicals
SHP-02054,gujarat,Riverline Trade Network,Electronics returns,electronics,Jamnagar,Pune,258,staging,7400,155,93,ambient,36 h,69,overflow,2026-09-16,2026-09-21,Secure parcel truck,76,8,SLA contract,31.7,7008000,06:00-10:00,41,32,17,9,,high-value reverse logistics,"Needs dry, secure movement and claims control.",wet cargo|magnetic cargo|loose food
SHP-02055,gujarat,BluePeak Logistics,Packaged tea cartons,food-grade dry,Bhuj,Delhi NCR,126,road,5400,89,90,dry,6 d,89,return,2026-09-28,2026-10-02,Food-grade dry van,85,34,SLA contract,20.4,1980000,22:00-02:00,96,27,12,47,,anchor-compatible FMCG backhaul,Can ride with packaged food and dry FMCG cargo.,cement|chemicals|hazardous
SHP-02056,gujarat,Summit Foods,Medical devices,regulated devices,Jamnagar,Jaipur,19,air,19400,138,90,regulated,96 h,76,overflow,2026-09-22,2026-09-23,Secure high-value air cargo,79,48,per-tonne contract,19.4,1327000,22:00-02:00,44,180,146,236,JAM-DEL/BOM gateway,regulated high-value urgent,Needs secure handling and documented custody.,cement|chemicals|unsealed food
SHP-02057,gujarat,CraftBridge Collective,Reverse logistics parcels,parcel returns,Kandla,Delhi NCR,288,staging,5500,158,88,ambient,6 d,73,return,2026-09-30,2026-10-04,Parcel cage vehicle,85,24,fixed monthly,29.8,6942000,10:00-14:00,87,36,27,42,,reverse logistics,Works well in staged consolidation waves.,loose food|hazardous
SHP-02058,gujarat,Swift Foods,Durable snacks overflow,food-grade dry,Jamnagar,Mumbai,643,road,3900,81,87,ambient,6 d,39,spot,2026-10-26,2026-10-28,Food-grade dry van,81,42,SLA contract,19.1,11015000,22:00-02:00,73,41,35,36,,anchor-compatible FMCG overflow,Highly compatible with Britannia-style packaged food lanes.,cement|chemicals|wet cargo
SHP-02059,gujarat,Riverline Industries,Frozen bakery inputs,chilled food,Bhuj,Indore,684,road,6300,56,88,chilled,24 h,97,backhaul,2026-10-18,2026-10-23,Reefer truck,91,14,per-tonne contract,24.9,19242000,14:00-22:00,57,37,17,56,,temperature-controlled food,Needs temperature-controlled carriage.,ambient dry cargo|cement|chemicals
SHP-02060,gujarat,National Forwarders,Bamboo panels and handicrafts,fragile craft,Kandla,Pune,196,staging,6700,54,88,fragile,5 d,30,backhaul,2026-10-04,2026-10-09,Padded box truck with staging buffer,83,43,per-tonne contract,31.6,6269000,06:00-10:00,86,27,6,64,,fragile regional exports,Needs bracing and should avoid dusty or heavy loads.,cement|heavy machinery|wet cargo
SHP-02061,gujarat,Eastern Distributors,Bamboo panels and handicrafts,fragile craft,Kandla,Delhi NCR,136,staging,6800,51,98,fragile,72 h,38,contract,2026-10-31,2026-11-03,Padded box truck with staging buffer,80,84,per-trip contract,31.9,2444000,06:00-10:00,84,32,25,41,,fragile regional exports,Needs bracing and should avoid dusty or heavy loads.,cement|heavy machinery|wet cargo
SHP-02062,gujarat,Swift Consortium,Spice cartons,food-grade dry,Surat,Indore,680,road,4500,94,99,ambient,72 h,89,premium,2026-10-17,2026-10-18,Food-grade dry van,89,12,SLA contract,24.7,7279000,14:00-22:00,68,40,5,80,,ambient food exports,Compatible with packaged food when odour control is maintained.,cement|chemicals|odour cargo
SHP-02063,gujarat,Prime Distributors,High value samples,secured samples,Kandla,Indore,42,air,24800,135,99,regulated,60 h,49,return,2026-09-23,2026-09-24,Secure air cargo pouch,80,12,per-tonne contract,18.2,3600000,22:00-02:00,100,62,43,300,KAN-DEL/BOM gateway,high-value urgent,Needs secure handling and tight handoff control.,bulk cargo|unsecured parcels
SHP-02064,gujarat,Riverline Collective,Speciality ginger and citrus,fresh produce,Bhuj,Indore,57,road,7400,20,91,chilled,36 h,67,premium,2026-10-14,2026-10-18,Ventilated reefer truck,83,17,per-trip contract,24.4,2002000,10:00-14:00,85,35,13,47,,perishable agriculture,Requires food-safe handling and temperature discipline.,cement|chemicals|odour cargo
SHP-02065,gujarat,Bharat Logistics,High value samples,secured samples,Surat,Jaipur,4,air,21600,66,92,regulated,5 d,64,premium,2026-10-30,2026-11-01,Secure air cargo pouch,86,5,fixed monthly,16.2,354000,14:00-22:00,41,132,191,63,SUR-DEL/BOM gateway,high-value urgent,Needs secure handling and tight handoff control.,bulk cargo|unsecured parcels
SHP-02066,gujarat,CraftBridge Forwarders,Containerised export overflow,container export,Jamnagar,Pune,230,sea,2700,54,99,dry,48 h,48,overflow,2026-09-26,2026-10-01,Sealed container feeder,77,55,per-trip contract,52.8,2205000,10:00-14:00,84,44,182,74,,bulk export overflow,Best suited to feeder or port-linked consolidation.,loose perishable|fragile craft
SHP-02067,gujarat,Swift Logistics,Regulated pharma samples,regulated pharma,Rajkot,Jaipur,41,air,16600,149,99,regulated,12 h,87,overflow,2026-10-16,2026-10-18,Validated secure pharma uplift,89,36,per-tonne contract,16.4,2957000,06:00-10:00,55,125,240,146,RAJ-DEL/BOM gateway,regulated high-value urgent,Needs chain-of-custody and compliance clearance.,food|cement|chemicals|unsecured parcels
SHP-02068,gujarat,Bharat Foods,High value samples,secured samples,Surat,Indore,11,air,35400,82,84,regulated,6 d,52,premium,2026-10-01,2026-10-03,Secure air cargo pouch,75,42,per-trip contract,17.0,1574000,14:00-22:00,41,137,93,252,SUR-DEL/BOM gateway,high-value urgent,Needs secure handling and tight handoff control.,bulk cargo|unsecured parcels
SHP-02069,gujarat,Horizon Collective,Frozen bakery inputs,chilled food,Kandla,Pune,145,road,7700,121,86,chilled,6 d,32,contract,2026-10-06,2026-10-12,Reefer truck,86,12,fixed monthly,27.3,3693000,06:00-10:00,49,11,13,65,,temperature-controlled food,Needs temperature-controlled carriage.,ambient dry cargo|cement|chemicals
SHP-02070,gujarat,Summit Trade Network,Textile bales,textile dry,Rajkot,Jaipur,607,road,4400,79,91,dry,96 h,66,return,2026-10-09,2026-10-12,Dry van with moisture guard,80,60,fixed monthly,24.0,8864000,06:00-10:00,98,34,15,15,,dry industrial backhaul,Needs dry handling and moisture protection.,wet cargo|chemicals
SHP-02071,gujarat,RetailLoop Trade Network,Durable snacks overflow,food-grade dry,Surat,Jaipur,648,road,3400,95,94,ambient,36 h,60,spot,2026-10-02,2026-10-05,Food-grade dry van,91,38,SLA contract,23.1,5580000,10:00-14:00,49,20,10,61,,anchor-compatible FMCG overflow,Highly compatible with Britannia-style packaged food lanes.,cement|chemicals|wet cargo
SHP-02072,gujarat,Eastern Distributors,Premium craft consignments,fragile craft,Bhuj,Pune,366,staging,5400,149,97,fragile,24 h,40,backhaul,2026-10-06,2026-10-09,Padded box truck with staging buffer,78,24,fixed monthly,27.7,8658000,06:00-10:00,57,22,27,23,,premium fragile exports,Needs gentle handling and staging protection.,cement|heavy machinery|wet cargo
SHP-02073,gujarat,Prime Export House,Coffee and cocoa sacks,food-grade dry,Mundra,Delhi NCR,541,sea,4000,45,95,dry,96 h,92,backhaul,2026-10-03,2026-10-04,Dry container with odour guard,78,3,fixed monthly,55.4,10105000,14:00-22:00,99,19,224,88,,bulk food export,Can consolidate with dry food cargo.,cement|chemicals|odour cargo
SHP-02074,gujarat,Spice Valley Export House,Textile bales,textile dry,Rajkot,Delhi NCR,566,road,3200,184,90,dry,96 h,34,return,2026-10-04,2026-10-07,Dry van with moisture guard,81,35,per-tonne contract,23.7,6293000,14:00-22:00,75,18,2,52,,dry industrial backhaul,Needs dry handling and moisture protection.,wet cargo|chemicals
SHP-02075,gujarat,Riverline Export House,Textile bales,textile dry,Jamnagar,Mumbai,667,road,4300,64,90,dry,6 d,70,premium,2026-10-27,2026-10-31,Dry van with moisture guard,87,30,SLA contract,21.7,12970000,10:00-14:00,40,38,2,64,,dry industrial backhaul,Needs dry handling and moisture protection.,wet cargo|chemicals
SHP-02076,gujarat,Prime Forwarders,Textile bales,textile dry,Bhuj,Indore,520,road,4100,118,91,dry,60 h,79,premium,2026-09-26,2026-09-28,Dry van with moisture guard,84,40,SLA contract,26.6,9122000,22:00-02:00,52,13,8,62,,dry industrial backhaul,Needs dry handling and moisture protection.,wet cargo|chemicals
SHP-02077,gujarat,Swift Logistics,Electronics returns,electronics,Bhuj,Mumbai,38,staging,7500,99,99,ambient,96 h,33,overflow,2026-09-23,2026-09-25,Secure parcel truck,87,68,fixed monthly,29.1,707000,10:00-14:00,49,38,24,13,,high-value reverse logistics,"Needs dry, secure movement and claims control.",wet cargo|magnetic cargo|loose food
SHP-02078,gujarat,Greenfield Export House,Bamboo panels and handicrafts,fragile craft,Kandla,Mumbai,366,staging,6400,131,85,fragile,6 d,91,premium,2026-10-14,2026-10-18,Padded box truck with staging buffer,81,88,SLA contract,26.0,10793000,10:00-14:00,74,38,32,54,,fragile regional exports,Needs bracing and should avoid dusty or heavy loads.,cement|heavy machinery|wet cargo
SHP-02079,gujarat,Swift Industries,Frozen bakery inputs,chilled food,Jamnagar,Delhi NCR,475,road,7500,207,82,chilled,60 h,77,premium,2026-10-23,2026-10-26,Reefer truck,82,28,SLA contract,28.2,14572000,06:00-10:00,60,32,32,73,,temperature-controlled food,Needs temperature-controlled carriage.,ambient dry cargo|cement|chemicals
SHP-02080,gujarat,Swift Forwarders,Regulated pharma samples,regulated pharma,Surat,Delhi NCR,11,air,12000,228,95,regulated,24 h,43,spot,2026-09-25,2026-09-26,Validated secure pharma uplift,84,39,dedicated fleet,15.8,458000,14:00-22:00,98,130,201,127,SUR-DEL/BOM gateway,regulated high-value urgent,Needs chain-of-custody and compliance clearance.,food|cement|chemicals|unsecured parcels
SHP-02081,gujarat,Spice Valley Supply Co,Coffee and cocoa sacks,food-grade dry,Rajkot,Ahmedabad,683,sea,3400,111,89,dry,96 h,39,spot,2026-09-27,2026-09-28,Dry container with odour guard,81,81,per-trip contract,53.7,7689000,10:00-14:00,79,31,233,46,,bulk food export,Can consolidate with dry food cargo.,cement|chemicals|odour cargo
SHP-02082,gujarat,BluePeak Industries,Reverse logistics parcels,parcel returns,Rajkot,Indore,399,staging,5100,60,95,ambient,6 d,90,overflow,2026-09-20,2026-09-21,Parcel cage vehicle,73,75,dedicated fleet,26.8,7469000,22:00-02:00,45,36,4,72,,reverse logistics,Works well in staged consolidation waves.,loose food|hazardous
SHP-02083,gujarat,Eastern Logistics,Packaged tea cartons,food-grade dry,Rajkot,Ahmedabad,72,road,4200,102,93,dry,24 h,93,spot,2026-10-17,2026-10-22,Food-grade dry van,91,71,SLA contract,22.8,1278000,06:00-10:00,89,27,5,21,,anchor-compatible FMCG backhaul,Can ride with packaged food and dry FMCG cargo.,cement|chemicals|hazardous
SHP-02084,gujarat,Swift Consortium,Containerised export overflow,container export,Rajkot,Indore,619,sea,2600,101,78,dry,96 h,87,contract,2026-09-29,2026-10-05,Sealed container feeder,80,59,fixed monthly,54.8,4311000,14:00-22:00,64,20,203,86,,bulk export overflow,Best suited to feeder or port-linked consolidation.,loose perishable|fragile craft
SHP-02085,gujarat,BluePeak Distributors,Premium craft consignments,fragile craft,Bhuj,Delhi NCR,229,staging,6200,217,87,fragile,48 h,77,return,2026-10-16,2026-10-21,Padded box truck with staging buffer,82,7,dedicated fleet,27.8,5865000,06:00-10:00,90,36,12,61,,premium fragile exports,Needs gentle handling and staging protection.,cement|heavy machinery|wet cargo
SHP-02086,gujarat,Healthline Distributors,Reverse logistics parcels,parcel returns,Surat,Indore,190,staging,5900,142,88,ambient,5 d,42,contract,2026-10-01,2026-10-02,Parcel cage vehicle,82,44,SLA contract,29.8,3893000,06:00-10:00,74,26,20,38,,reverse logistics,Works well in staged consolidation waves.,loose food|hazardous
SHP-02087,gujarat,RetailLoop Collective,Regulated pharma samples,regulated pharma,Bhuj,Mumbai,64,air,22100,144,99,regulated,36 h,73,return,2026-09-21,2026-09-23,Validated secure pharma uplift,85,30,per-trip contract,15.0,3991000,06:00-10:00,39,148,80,186,BHU-DEL/BOM gateway,regulated high-value urgent,Needs chain-of-custody and compliance clearance.,food|cement|chemicals|unsecured parcels
SHP-02088,gujarat,Spice Valley Distributors,Speciality ginger and citrus,fresh produce,Surat,Pune,192,road,6900,81,87,chilled,5 d,92,overflow,2026-10-23,2026-10-29,Ventilated reefer truck,87,17,dedicated fleet,25.8,4696000,06:00-10:00,67,16,21,41,,perishable agriculture,Requires food-safe handling and temperature discipline.,cement|chemicals|odour cargo
SHP-02089,gujarat,Bharat Trade Network,Speciality ginger and citrus,fresh produce,Jamnagar,Ahmedabad,79,road,7000,124,91,chilled,60 h,81,spot,2026-10-19,2026-10-21,Ventilated reefer truck,68,57,spot market,22.1,2119000,06:00-10:00,57,17,32,30,,perishable agriculture,Requires food-safe handling and temperature discipline.,cement|chemicals|odour cargo
SHP-02090,gujarat,BluePeak Forwarders,Textile bales,textile dry,Kandla,Indore,650,road,5000,138,84,dry,24 h,50,overflow,2026-10-05,2026-10-07,Dry van with moisture guard,99,36,per-tonne contract,21.1,11550000,14:00-22:00,66,42,0,58,,dry industrial backhaul,Needs dry handling and moisture protection.,wet cargo|chemicals
SHP-02091,gujarat,Metro Collective,High value samples,secured samples,Surat,Delhi NCR,48,air,26900,35,86,regulated,60 h,60,premium,2026-09-19,2026-09-20,Secure air cargo pouch,75,7,per-tonne contract,17.1,3033000,10:00-14:00,54,177,236,234,SUR-DEL/BOM gateway,high-value urgent,Needs secure handling and tight handoff control.,bulk cargo|unsecured parcels
SHP-02092,gujarat,Tea Garden Collective,Spice cartons,food-grade dry,Kandla,Mumbai,531,road,4000,210,81,ambient,36 h,53,overflow,2026-10-07,2026-10-10,Food-grade dry van,80,3,dedicated fleet,30.6,8992000,06:00-10:00,35,41,16,11,,ambient food exports,Compatible with packaged food when odour control is maintained.,cement|chemicals|odour cargo
SHP-02093,gujarat,Metro Logistics,Containerised export overflow,container export,Surat,Ahmedabad,1075,sea,2600,64,90,dry,72 h,38,premium,2026-10-23,2026-10-24,Sealed container feeder,75,41,per-tonne contract,56.6,9653000,22:00-02:00,73,28,135,27,,bulk export overflow,Best suited to feeder or port-linked consolidation.,loose perishable|fragile craft
SHP-02094,gujarat,BluePeak Trade Network,Medical devices,regulated devices,Bhuj,Mumbai,53,air,25600,195,85,regulated,24 h,68,return,2026-10-25,2026-10-27,Secure high-value air cargo,83,29,per-trip contract,19.6,4658000,10:00-14:00,41,174,180,163,BHU-DEL/BOM gateway,regulated high-value urgent,Needs secure handling and documented custody.,cement|chemicals|unsealed food
SHP-02095,gujarat,CraftBridge Industries,Frozen bakery inputs,chilled food,Mundra,Ahmedabad,635,road,8700,67,78,chilled,48 h,62,return,2026-09-25,2026-09-26,Reefer truck,73,48,per-trip contract,24.3,22876000,06:00-10:00,36,14,1,39,,temperature-controlled food,Needs temperature-controlled carriage.,ambient dry cargo|cement|chemicals
SHP-02096,gujarat,AgroStar Trade Network,Reverse logistics parcels,parcel returns,Mundra,Delhi NCR,241,staging,6500,92,88,ambient,24 h,45,spot,2026-09-26,2026-09-29,Parcel cage vehicle,78,71,SLA contract,27.1,4354000,14:00-22:00,76,45,16,57,,reverse logistics,Works well in staged consolidation waves.,loose food|hazardous
SHP-02097,gujarat,Summit Consortium,Coffee and cocoa sacks,food-grade dry,Bhuj,Indore,753,sea,3500,60,91,dry,72 h,48,return,2026-10-08,2026-10-10,Dry container with odour guard,86,15,fixed monthly,54.2,11840000,22:00-02:00,76,31,62,61,,bulk food export,Can consolidate with dry food cargo.,cement|chemicals|odour cargo
SHP-02098,gujarat,Swift Distributors,Speciality ginger and citrus,fresh produce,Bhuj,Jaipur,647,road,6700,184,90,chilled,6 d,80,contract,2026-10-16,2026-10-17,Ventilated reefer truck,91,55,fixed monthly,23.6,14869000,14:00-22:00,41,25,32,36,,perishable agriculture,Requires food-safe handling and temperature discipline.,cement|chemicals|odour cargo
SHP-02099,gujarat,Eastern Trade Network,Electronics returns,electronics,Bhuj,Mumbai,411,staging,5900,162,80,ambient,5 d,29,spot,2026-09-17,2026-09-18,Secure parcel truck,83,30,SLA contract,31.5,7009000,10:00-14:00,92,34,26,27,,high-value reverse logistics,"Needs dry, secure movement and claims control.",wet cargo|magnetic cargo|loose food
SHP-02100,gujarat,Spice Valley Trade Network,Durable snacks overflow,food-grade dry,Bhuj,Indore,656,road,4600,114,85,ambient,96 h,95,premium,2026-10-02,2026-10-06,Food-grade dry van,81,22,fixed monthly,20.6,11378000,10:00-14:00,62,24,32,67,,anchor-compatible FMCG overflow,Highly compatible with Britannia-style packaged food lanes.,cement|chemicals|wet cargo
SHP-02101,gujarat,Summit Forwarders,Containerised export overflow,container export,Rajkot,Mumbai,1114,sea,3000,140,96,dry,96 h,41,premium,2026-10-19,2026-10-21,Sealed container feeder,84,74,SLA contract,55.1,7444000,22:00-02:00,82,25,45,58,,bulk export overflow,Best suited to feeder or port-linked consolidation.,loose perishable|fragile craft
SHP-02102,gujarat,Summit Consortium,Coffee and cocoa sacks,food-grade dry,Bhuj,Jaipur,136,sea,4100,128,93,dry,6 d,55,overflow,2026-10-25,2026-10-28,Dry container with odour guard,82,71,fixed monthly,53.5,1294000,10:00-14:00,55,24,113,78,,bulk food export,Can consolidate with dry food cargo.,cement|chemicals|odour cargo
SHP-02103,gujarat,Metro Trade Network,Textile bales,textile dry,Surat,Jaipur,592,road,3300,102,90,dry,24 h,93,overflow,2026-09-22,2026-09-25,Dry van with moisture guard,88,7,dedicated fleet,21.0,9208000,10:00-14:00,75,40,29,56,,dry industrial backhaul,Needs dry handling and moisture protection.,wet cargo|chemicals
SHP-02104,gujarat,RetailLoop Distributors,Containerised export overflow,container export,Bhuj,Indore,200,sea,4500,50,83,dry,6 d,83,spot,2026-10-06,2026-10-10,Sealed container feeder,93,35,SLA contract,56.1,2444000,22:00-02:00,64,41,92,66,,bulk export overflow,Best suited to feeder or port-linked consolidation.,loose perishable|fragile craft
SHP-02105,gujarat,Metro Logistics,High value samples,secured samples,Kandla,Mumbai,51,air,37900,62,97,regulated,60 h,71,backhaul,2026-10-21,2026-10-23,Secure air cargo pouch,77,49,spot market,14.4,5996000,10:00-14:00,60,58,163,96,KAN-DEL/BOM gateway,high-value urgent,Needs secure handling and tight handoff control.,bulk cargo|unsecured parcels
SHP-02106,gujarat,Eastern Trade Network,Frozen bakery inputs,chilled food,Bhuj,Ahmedabad,180,road,7800,86,86,chilled,48 h,27,spot,2026-10-21,2026-10-26,Reefer truck,81,22,SLA contract,26.8,3569000,10:00-14:00,78,28,25,46,,temperature-controlled food,Needs temperature-controlled carriage.,ambient dry cargo|cement|chemicals
SHP-02107,gujarat,RetailLoop Collective,Bamboo panels and handicrafts,fragile craft,Surat,Ahmedabad,77,staging,4600,31,97,fragile,5 d,70,backhaul,2026-09-24,2026-09-30,Padded box truck with staging buffer,95,11,per-tonne contract,25.7,831000,14:00-22:00,38,44,10,31,,fragile regional exports,Needs bracing and should avoid dusty or heavy loads.,cement|heavy machinery|wet cargo
SHP-02108,gujarat,Healthline Foods,Speciality ginger and citrus,fresh produce,Surat,Indore,204,road,6100,139,93,chilled,24 h,34,contract,2026-10-28,2026-11-01,Ventilated reefer truck,88,66,per-trip contract,25.9,3897000,06:00-10:00,44,11,25,26,,perishable agriculture,Requires food-safe handling and temperature discipline.,cement|chemicals|odour cargo
SHP-02109,gujarat,PortLink Distributors,Durable snacks overflow,food-grade dry,Surat,Ahmedabad,135,road,4500,66,83,ambient,5 d,36,premium,2026-10-21,2026-10-22,Food-grade dry van,81,53,SLA contract,25.4,1408000,06:00-10:00,53,15,2,22,,anchor-compatible FMCG overflow,Highly compatible with Britannia-style packaged food lanes.,cement|chemicals|wet cargo
SHP-02110,gujarat,RetailLoop Distributors,Durable snacks overflow,food-grade dry,Kandla,Delhi NCR,518,road,4200,40,95,ambient,6 d,80,overflow,2026-10-12,2026-10-13,Food-grade dry van,76,32,SLA contract,22.6,6583000,14:00-22:00,47,39,25,30,,anchor-compatible FMCG overflow,Highly compatible with Britannia-style packaged food lanes.,cement|chemicals|wet cargo
SHP-02111,gujarat,Bharat Distributors,Containerised export overflow,container export,Rajkot,Indore,210,sea,2800,147,97,dry,6 d,80,backhaul,2026-09-25,2026-09-29,Sealed container feeder,72,48,fixed monthly,57.1,1678000,14:00-22:00,88,32,146,84,,bulk export overflow,Best suited to feeder or port-linked consolidation.,loose perishable|fragile craft
SHP-02112,gujarat,Summit Export House,Durable snacks overflow,food-grade dry,Jamnagar,Delhi NCR,489,road,4700,156,94,ambient,48 h,74,contract,2026-10-24,2026-10-27,Food-grade dry van,92,65,fixed monthly,24.6,7929000,06:00-10:00,42,42,26,63,,anchor-compatible FMCG overflow,Highly compatible with Britannia-style packaged food lanes.,cement|chemicals|wet cargo
SHP-02113,gujarat,Metro Industries,Frozen bakery inputs,chilled food,Surat,Indore,298,road,6500,79,95,chilled,5 d,41,premium,2026-10-18,2026-10-24,Reefer truck,94,62,SLA contract,24.4,5373000,10:00-14:00,96,39,12,53,,temperature-controlled food,Needs temperature-controlled carriage.,ambient dry cargo|cement|chemicals
SHP-02114,gujarat,Riverline Foods,Bamboo panels and handicrafts,fragile craft,Kandla,Ahmedabad,149,staging,6700,73,89,fragile,6 d,39,backhaul,2026-09-30,2026-10-04,Padded box truck with staging buffer,83,24,fixed monthly,30.9,4017000,14:00-22:00,90,32,6,34,,fragile regional exports,Needs bracing and should avoid dusty or heavy loads.,cement|heavy machinery|wet cargo
SHP-02115,gujarat,Summit Forwarders,Spice cartons,food-grade dry,Jamnagar,Jaipur,311,road,5800,108,83,ambient,72 h,94,contract,2026-10-29,2026-11-04,Food-grade dry van,86,83,fixed monthly,26.0,5243000,22:00-02:00,96,38,19,33,,ambient food exports,Compatible with packaged food when odour control is maintained.,cement|chemicals|odour cargo
SHP-02116,gujarat,Summit Supply Co,Bamboo panels and handicrafts,fragile craft,Jamnagar,Indore,362,staging,6800,156,88,fragile,72 h,88,spot,2026-09-22,2026-09-27,Padded box truck with staging buffer,82,42,SLA contract,29.9,9569000,14:00-22:00,82,33,18,25,,fragile regional exports,Needs bracing and should avoid dusty or heavy loads.,cement|heavy machinery|wet cargo
SHP-02117,gujarat,National Supply Co,Reverse logistics parcels,parcel returns,Kandla,Delhi NCR,138,staging,5300,82,83,ambient,24 h,63,spot,2026-10-19,2026-10-24,Parcel cage vehicle,85,17,fixed monthly,24.9,2296000,06:00-10:00,51,44,28,53,,reverse logistics,Works well in staged consolidation waves.,loose food|hazardous
SHP-02118,gujarat,Tea Garden Consortium,Containerised export overflow,container export,Jamnagar,Indore,898,sea,2700,76,94,dry,96 h,79,contract,2026-10-02,2026-10-07,Sealed container feeder,86,68,per-tonne contract,50.7,6748000,22:00-02:00,87,38,66,56,,bulk export overflow,Best suited to feeder or port-linked consolidation.,loose perishable|fragile craft
SHP-02119,gujarat,PortLink Foods,Medical devices,regulated devices,Bhuj,Jaipur,40,air,16700,73,84,regulated,72 h,54,contract,2026-10-21,2026-10-23,Secure high-value air cargo,77,45,per-tonne contract,17.0,1597000,22:00-02:00,42,139,215,217,BHU-DEL/BOM gateway,regulated high-value urgent,Needs secure handling and documented custody.,cement|chemicals|unsealed food
SHP-02120,gujarat,Prime Foods,Containerised export overflow,container export,Kandla,Jaipur,382,sea,3500,93,87,dry,72 h,56,backhaul,2026-09-20,2026-09-26,Sealed container feeder,77,13,SLA contract,54.6,3098000,22:00-02:00,93,18,131,83,,bulk export overflow,Best suited to feeder or port-linked consolidation.,loose perishable|fragile craft
SHP-02121,gujarat,BluePeak Industries,Medical devices,regulated devices,Bhuj,Delhi NCR,16,air,18500,61,91,regulated,96 h,49,contract,2026-10-05,2026-10-07,Secure high-value air cargo,79,14,fixed monthly,13.6,1271000,06:00-10:00,50,105,51,177,BHU-DEL/BOM gateway,regulated high-value urgent,Needs secure handling and documented custody.,cement|chemicals|unsealed food
SHP-02122,gujarat,BluePeak Trade Network,Regulated pharma samples,regulated pharma,Rajkot,Ahmedabad,29,air,15300,71,95,regulated,48 h,60,return,2026-10-15,2026-10-16,Validated secure pharma uplift,87,27,per-tonne contract,15.6,1952000,10:00-14:00,90,152,82,112,RAJ-DEL/BOM gateway,regulated high-value urgent,Needs chain-of-custody and compliance clearance.,food|cement|chemicals|unsecured parcels
SHP-02123,gujarat,Eastern Consortium,Premium craft consignments,fragile craft,Surat,Indore,250,staging,6900,154,90,fragile,48 h,96,backhaul,2026-10-27,2026-10-28,Padded box truck with staging buffer,81,25,per-tonne contract,28.9,7162000,14:00-22:00,57,44,4,39,,premium fragile exports,Needs gentle handling and staging protection.,cement|heavy machinery|wet cargo
SHP-02124,gujarat,Horizon Export House,Frozen bakery inputs,chilled food,Bhuj,Delhi NCR,595,road,6300,95,90,chilled,60 h,43,premium,2026-10-18,2026-10-24,Reefer truck,82,45,per-trip contract,23.7,11648000,10:00-14:00,70,11,22,17,,temperature-controlled food,Needs temperature-controlled carriage.,ambient dry cargo|cement|chemicals
SHP-02125,gujarat,RetailLoop Distributors,Electronics returns,electronics,Kandla,Pune,409,staging,6200,134,84,ambient,96 h,76,backhaul,2026-10-04,2026-10-05,Secure parcel truck,89,55,SLA contract,31.2,10372000,10:00-14:00,73,35,27,12,,high-value reverse logistics,"Needs dry, secure movement and claims control.",wet cargo|magnetic cargo|loose food
SHP-02126,gujarat,Spice Valley Export House,Spice cartons,food-grade dry,Jamnagar,Mumbai,356,road,3900,207,87,ambient,6 d,54,return,2026-10-04,2026-10-08,Food-grade dry van,67,68,spot market,28.6,3885000,22:00-02:00,56,21,12,13,,ambient food exports,Compatible with packaged food when odour control is maintained.,cement|chemicals|odour cargo
SHP-02127,gujarat,Tea Garden Consortium,Reverse logistics parcels,parcel returns,Mundra,Jaipur,258,staging,6300,58,90,ambient,48 h,97,contract,2026-09-21,2026-09-22,Parcel cage vehicle,85,12,fixed monthly,26.8,3978000,06:00-10:00,80,10,26,8,,reverse logistics,Works well in staged consolidation waves.,loose food|hazardous
SHP-02128,gujarat,Prime Forwarders,Bamboo panels and handicrafts,fragile craft,Rajkot,Ahmedabad,150,staging,6300,139,99,fragile,36 h,36,premium,2026-10-25,2026-10-27,Padded box truck with staging buffer,85,16,SLA contract,26.6,2404000,14:00-22:00,79,14,31,49,,fragile regional exports,Needs bracing and should avoid dusty or heavy loads.,cement|heavy machinery|wet cargo
SHP-02129,gujarat,BluePeak Export House,Durable snacks overflow,food-grade dry,Surat,Ahmedabad,54,road,3300,192,96,ambient,72 h,32,premium,2026-09-25,2026-09-27,Food-grade dry van,70,10,per-tonne contract,29.3,837000,10:00-14:00,69,33,2,24,,anchor-compatible FMCG overflow,Highly compatible with Britannia-style packaged food lanes.,cement|chemicals|wet cargo
SHP-02130,gujarat,BluePeak Forwarders,Regulated pharma samples,regulated pharma,Mundra,Pune,47,air,22000,149,96,regulated,5 d,44,contract,2026-10-11,2026-10-12,Validated secure pharma uplift,82,15,per-tonne contract,9.6,2698000,22:00-02:00,43,59,218,64,MUN-DEL/BOM gateway,regulated high-value urgent,Needs chain-of-custody and compliance clearance.,food|cement|chemicals|unsecured parcels
SHP-02131,gujarat,RetailLoop Logistics,Frozen bakery inputs,chilled food,Mundra,Pune,114,road,6800,89,91,chilled,5 d,55,overflow,2026-10-22,2026-10-24,Reefer truck,76,9,dedicated fleet,20.4,2686000,14:00-22:00,48,19,20,10,,temperature-controlled food,Needs temperature-controlled carriage.,ambient dry cargo|cement|chemicals
SHP-02132,gujarat,BluePeak Consortium,High value samples,secured samples,Surat,Mumbai,66,air,29400,52,96,regulated,36 h,57,spot,2026-10-13,2026-10-15,Secure air cargo pouch,72,16,fixed monthly,13.4,6905000,14:00-22:00,57,117,210,225,SUR-DEL/BOM gateway,high-value urgent,Needs secure handling and tight handoff control.,bulk cargo|unsecured parcels
SHP-02133,gujarat,Tea Garden Export House,Reverse logistics parcels,parcel returns,Bhuj,Ahmedabad,364,staging,5700,144,94,ambient,6 d,90,overflow,2026-10-30,2026-11-04,Parcel cage vehicle,86,16,spot market,31.4,6118000,10:00-14:00,73,30,30,30,,reverse logistics,Works well in staged consolidation waves.,loose food|hazardous
SHP-02134,gujarat,Summit Forwarders,Bamboo panels and handicrafts,fragile craft,Kandla,Ahmedabad,169,staging,4700,90,76,fragile,5 d,25,return,2026-10-28,2026-10-30,Padded box truck with staging buffer,81,19,per-tonne contract,32.4,2281000,22:00-02:00,82,26,30,58,,fragile regional exports,Needs bracing and should avoid dusty or heavy loads.,cement|heavy machinery|wet cargo
SHP-02135,gujarat,Healthline Consortium,Bamboo panels and handicrafts,fragile craft,Rajkot,Delhi NCR,48,staging,6400,131,78,fragile,72 h,33,overflow,2026-10-02,2026-10-03,Padded box truck with staging buffer,73,12,spot market,26.7,1178000,10:00-14:00,91,38,22,25,,fragile regional exports,Needs bracing and should avoid dusty or heavy loads.,cement|heavy machinery|wet cargo
SHP-02136,gujarat,AgroStar Logistics,Frozen bakery inputs,chilled food,Rajkot,Indore,245,road,6600,60,84,chilled,24 h,30,spot,2026-09-20,2026-09-25,Reefer truck,87,31,fixed monthly,19.2,4307000,10:00-14:00,83,10,23,75,,temperature-controlled food,Needs temperature-controlled carriage.,ambient dry cargo|cement|chemicals
SHP-02137,gujarat,RetailLoop Distributors,Packaged tea cartons,food-grade dry,Kandla,Ahmedabad,320,road,4700,89,84,dry,24 h,60,return,2026-10-19,2026-10-22,Food-grade dry van,83,16,per-tonne contract,20.2,6072000,22:00-02:00,45,41,14,63,,anchor-compatible FMCG backhaul,Can ride with packaged food and dry FMCG cargo.,cement|chemicals|hazardous
SHP-02138,gujarat,PortLink Industries,Coffee and cocoa sacks,food-grade dry,Jamnagar,Indore,612,sea,4000,105,94,dry,48 h,94,spot,2026-10-09,2026-10-10,Dry container with odour guard,70,14,per-tonne contract,56.5,5733000,22:00-02:00,77,22,165,11,,bulk food export,Can consolidate with dry food cargo.,cement|chemicals|odour cargo
SHP-02139,gujarat,CraftBridge Logistics,Electronics returns,electronics,Rajkot,Ahmedabad,67,staging,7100,154,85,ambient,24 h,83,spot,2026-09-24,2026-09-29,Secure parcel truck,87,15,per-trip contract,27.4,1250000,22:00-02:00,100,14,1,81,,high-value reverse logistics,"Needs dry, secure movement and claims control.",wet cargo|magnetic cargo|loose food
SHP-02140,gujarat,Healthline Consortium,Regulated pharma samples,regulated pharma,Jamnagar,Indore,42,air,23100,77,79,regulated,60 h,72,overflow,2026-10-08,2026-10-10,Validated secure pharma uplift,86,18,SLA contract,14.3,2587000,22:00-02:00,96,175,32,58,JAM-DEL/BOM gateway,regulated high-value urgent,Needs chain-of-custody and compliance clearance.,food|cement|chemicals|unsecured parcels
SHP-02141,gujarat,Summit Logistics,Durable snacks overflow,food-grade dry,Kandla,Mumbai,619,road,3500,63,82,ambient,72 h,95,premium,2026-10-26,2026-10-29,Food-grade dry van,89,53,per-tonne contract,25.8,10377000,10:00-14:00,43,36,13,41,,anchor-compatible FMCG overflow,Highly compatible with Britannia-style packaged food lanes.,cement|chemicals|wet cargo
SHP-02142,gujarat,Metro Forwarders,Coffee and cocoa sacks,food-grade dry,Bhuj,Delhi NCR,894,sea,3700,159,94,dry,96 h,26,premium,2026-10-30,2026-10-31,Dry container with odour guard,82,64,per-trip contract,51.5,9964000,06:00-10:00,63,29,165,75,,bulk food export,Can consolidate with dry food cargo.,cement|chemicals|odour cargo
SHP-02143,gujarat,Metro Industries,Electronics returns,electronics,Surat,Ahmedabad,201,staging,7800,102,85,ambient,24 h,81,spot,2026-10-22,2026-10-28,Secure parcel truck,74,44,dedicated fleet,30.5,4408000,10:00-14:00,60,17,32,19,,high-value reverse logistics,"Needs dry, secure movement and claims control.",wet cargo|magnetic cargo|loose food
SHP-02144,gujarat,AgroStar Forwarders,Frozen bakery inputs,chilled food,Jamnagar,Indore,691,road,7600,34,85,chilled,24 h,48,premium,2026-10-30,2026-11-03,Reefer truck,77,67,spot market,20.9,13378000,10:00-14:00,73,12,33,21,,temperature-controlled food,Needs temperature-controlled carriage.,ambient dry cargo|cement|chemicals
SHP-02145,gujarat,CraftBridge Distributors,Electronics returns,electronics,Surat,Delhi NCR,154,staging,5700,135,91,ambient,24 h,50,premium,2026-10-04,2026-10-07,Secure parcel truck,79,8,per-trip contract,26.0,2240000,22:00-02:00,55,44,12,45,,high-value reverse logistics,"Needs dry, secure movement and claims control.",wet cargo|magnetic cargo|loose food
SHP-02146,gujarat,AgroStar Consortium,Premium craft consignments,fragile craft,Kandla,Mumbai,101,staging,8800,105,96,fragile,24 h,25,return,2026-10-04,2026-10-06,Padded box truck with staging buffer,85,25,spot market,27.7,3577000,22:00-02:00,79,35,16,79,,premium fragile exports,Needs gentle handling and staging protection.,cement|heavy machinery|wet cargo
SHP-02147,gujarat,Prime Supply Co,Durable snacks overflow,food-grade dry,Bhuj,Ahmedabad,479,road,3300,77,98,ambient,72 h,65,premium,2026-10-14,2026-10-15,Food-grade dry van,77,29,per-trip contract,25.9,5890000,14:00-22:00,39,39,12,54,,anchor-compatible FMCG overflow,Highly compatible with Britannia-style packaged food lanes.,cement|chemicals|wet cargo
SHP-02148,gujarat,Greenfield Industries,Frozen bakery inputs,chilled food,Mundra,Jaipur,350,road,7600,198,92,chilled,6 d,74,backhaul,2026-09-16,2026-09-21,Reefer truck,76,62,per-trip contract,29.4,7255000,06:00-10:00,67,17,9,62,,temperature-controlled food,Needs temperature-controlled carriage.,ambient dry cargo|cement|chemicals
SHP-02149,gujarat,Tea Garden Consortium,Regulated pharma samples,regulated pharma,Jamnagar,Ahmedabad,17,air,28300,139,88,regulated,6 d,62,premium,2026-10-25,2026-10-26,Validated secure pharma uplift,82,55,fixed monthly,9.0,1972000,10:00-14:00,90,73,82,130,JAM-DEL/BOM gateway,regulated high-value urgent,Needs chain-of-custody and compliance clearance.,food|cement|chemicals|unsecured parcels
SHP-02150,gujarat,Riverline Collective,High value samples,secured samples,Bhuj,Indore,19,air,33400,20,91,regulated,72 h,46,contract,2026-10-03,2026-10-04,Secure air cargo pouch,80,15,fixed monthly,20.8,2855000,10:00-14:00,64,86,231,360,BHU-DEL/BOM gateway,high-value urgent,Needs secure handling and tight handoff control.,bulk cargo|unsecured parcels
SHP-02151,gujarat,Spice Valley Collective,Containerised export overflow,container export,Mundra,Mumbai,1157,sea,2800,106,85,dry,36 h,87,contract,2026-09-17,2026-09-21,Sealed container feeder,75,39,per-tonne contract,51.8,7654000,10:00-14:00,67,30,140,4,,bulk export overflow,Best suited to feeder or port-linked consolidation.,loose perishable|fragile craft
SHP-02152,gujarat,CraftBridge Consortium,Regulated pharma samples,regulated pharma,Surat,Pune,47,air,17400,98,99,regulated,24 h,83,backhaul,2026-09-29,2026-09-30,Validated secure pharma uplift,85,44,per-tonne contract,15.4,3779000,06:00-10:00,100,71,42,233,SUR-DEL/BOM gateway,regulated high-value urgent,Needs chain-of-custody and compliance clearance.,food|cement|chemicals|unsecured parcels
SHP-02153,gujarat,CraftBridge Collective,Speciality ginger and citrus,fresh produce,Bhuj,Delhi NCR,268,road,4600,205,98,chilled,5 d,72,premium,2026-10-03,2026-10-05,Ventilated reefer truck,84,82,per-trip contract,27.1,4082000,14:00-22:00,84,17,17,0,,perishable agriculture,Requires food-safe handling and temperature discipline.,cement|chemicals|odour cargo
SHP-02154,gujarat,Swift Forwarders,Frozen bakery inputs,chilled food,Kandla,Mumbai,316,road,9200,189,87,chilled,6 d,35,premium,2026-10-11,2026-10-12,Reefer truck,79,32,per-tonne contract,26.2,8684000,06:00-10:00,63,14,11,48,,temperature-controlled food,Needs temperature-controlled carriage.,ambient dry cargo|cement|chemicals
SHP-02155,gujarat,RetailLoop Supply Co,Packaged tea cartons,food-grade dry,Jamnagar,Pune,666,road,4100,84,97,dry,96 h,75,premium,2026-10-22,2026-10-23,Food-grade dry van,72,37,SLA contract,19.2,7302000,14:00-22:00,97,34,8,24,,anchor-compatible FMCG backhaul,Can ride with packaged food and dry FMCG cargo.,cement|chemicals|hazardous
SHP-02156,gujarat,Horizon Logistics,Bamboo panels and handicrafts,fragile craft,Kandla,Ahmedabad,390,staging,6500,138,92,fragile,48 h,48,return,2026-10-12,2026-10-13,Padded box truck with staging buffer,67,34,fixed monthly,32.0,7706000,06:00-10:00,87,29,19,71,,fragile regional exports,Needs bracing and should avoid dusty or heavy loads.,cement|heavy machinery|wet cargo
SHP-02157,gujarat,RetailLoop Foods,Electronics returns,electronics,Rajkot,Ahmedabad,23,staging,8000,108,94,ambient,36 h,98,contract,2026-09-23,2026-09-24,Secure parcel truck,89,32,fixed monthly,30.0,510000,14:00-22:00,82,30,13,17,,high-value reverse logistics,"Needs dry, secure movement and claims control.",wet cargo|magnetic cargo|loose food
SHP-02158,gujarat,AgroStar Industries,Frozen bakery inputs,chilled food,Bhuj,Ahmedabad,307,road,8900,73,86,chilled,24 h,90,spot,2026-10-13,2026-10-15,Reefer truck,69,74,spot market,25.1,12423000,10:00-14:00,67,10,12,34,,temperature-controlled food,Needs temperature-controlled carriage.,ambient dry cargo|cement|chemicals
SHP-02159,gujarat,National Foods,Containerised export overflow,container export,Rajkot,Indore,307,sea,4100,86,87,dry,48 h,26,backhaul,2026-10-02,2026-10-07,Sealed container feeder,77,42,per-tonne contract,49.9,5175000,14:00-22:00,67,19,197,52,,bulk export overflow,Best suited to feeder or port-linked consolidation.,loose perishable|fragile craft
SHP-02160,gujarat,Horizon Industries,Reverse logistics parcels,parcel returns,Surat,Delhi NCR,350,staging,5600,53,96,ambient,36 h,41,backhaul,2026-10-08,2026-10-14,Parcel cage vehicle,84,77,per-trip contract,30.1,6424000,22:00-02:00,62,11,9,83,,reverse logistics,Works well in staged consolidation waves.,loose food|hazardous
SHP-02161,gujarat,Swift Forwarders,Frozen bakery inputs,chilled food,Jamnagar,Mumbai,149,road,9100,150,87,chilled,60 h,40,overflow,2026-09-21,2026-09-22,Reefer truck,79,56,fixed monthly,26.4,6038000,10:00-14:00,96,24,13,0,,temperature-controlled food,Needs temperature-controlled carriage.,ambient dry cargo|cement|chemicals
SHP-02162,gujarat,Summit Collective,High value samples,secured samples,Surat,Pune,29,air,21000,183,95,regulated,12 h,87,overflow,2026-09-20,2026-09-22,Secure air cargo pouch,85,6,per-trip contract,15.8,1842000,06:00-10:00,56,48,137,146,SUR-DEL/BOM gateway,high-value urgent,Needs secure handling and tight handoff control.,bulk cargo|unsecured parcels
SHP-02163,gujarat,PortLink Industries,High value samples,secured samples,Rajkot,Mumbai,45,air,35800,157,88,regulated,60 h,45,return,2026-10-28,2026-10-30,Secure air cargo pouch,72,70,fixed monthly,14.8,6629000,22:00-02:00,59,103,91,142,RAJ-DEL/BOM gateway,high-value urgent,Needs secure handling and tight handoff control.,bulk cargo|unsecured parcels
SHP-02164,gujarat,BluePeak Supply Co,Bamboo panels and handicrafts,fragile craft,Mundra,Mumbai,109,staging,7200,186,99,fragile,60 h,42,premium,2026-09-18,2026-09-20,Padded box truck with staging buffer,78,17,spot market,29.0,3546000,14:00-22:00,89,45,11,8,,fragile regional exports,Needs bracing and should avoid dusty or heavy loads.,cement|heavy machinery|wet cargo
SHP-02165,gujarat,BluePeak Export House,Durable snacks overflow,food-grade dry,Surat,Jaipur,643,road,3200,125,82,ambient,72 h,28,premium,2026-10-30,2026-11-03,Food-grade dry van,82,6,SLA contract,23.7,7733000,10:00-14:00,75,38,10,46,,anchor-compatible FMCG overflow,Highly compatible with Britannia-style packaged food lanes.,cement|chemicals|wet cargo
SHP-02166,gujarat,AgroStar Trade Network,Reverse logistics parcels,parcel returns,Surat,Delhi NCR,252,staging,4900,94,82,ambient,5 d,70,backhaul,2026-10-11,2026-10-17,Parcel cage vehicle,85,14,fixed monthly,25.7,2953000,10:00-14:00,57,13,2,0,,reverse logistics,Works well in staged consolidation waves.,loose food|hazardous
SHP-02167,gujarat,Horizon Distributors,Frozen bakery inputs,chilled food,Surat,Pune,414,road,9100,98,96,chilled,48 h,90,contract,2026-10-05,2026-10-11,Reefer truck,75,53,spot market,22.4,9500000,22:00-02:00,67,39,7,45,,temperature-controlled food,Needs temperature-controlled carriage.,ambient dry cargo|cement|chemicals
SHP-02168,gujarat,Greenfield Industries,Spice cartons,food-grade dry,Mundra,Pune,694,road,6100,59,91,ambient,36 h,52,spot,2026-09-25,2026-09-29,Food-grade dry van,85,39,SLA contract,22.4,17935000,14:00-22:00,43,19,3,10,,ambient food exports,Compatible with packaged food when odour control is maintained.,cement|chemicals|odour cargo
SHP-02169,gujarat,BluePeak Logistics,Speciality ginger and citrus,fresh produce,Jamnagar,Pune,334,road,5900,82,80,chilled,36 h,69,return,2026-09-24,2026-09-28,Ventilated reefer truck,93,56,per-trip contract,24.7,5352000,22:00-02:00,71,22,3,21,,perishable agriculture,Requires food-safe handling and temperature discipline.,cement|chemicals|odour cargo
SHP-02170,gujarat,Summit Trade Network,Coffee and cocoa sacks,food-grade dry,Kandla,Ahmedabad,974,sea,4000,132,85,dry,6 d,94,overflow,2026-10-17,2026-10-23,Dry container with odour guard,79,24,spot market,50.8,14469000,06:00-10:00,39,31,43,9,,bulk food export,Can consolidate with dry food cargo.,cement|chemicals|odour cargo
SHP-02171,gujarat,BluePeak Consortium,Premium craft consignments,fragile craft,Surat,Pune,339,staging,5300,34,98,fragile,48 h,86,contract,2026-10-25,2026-10-27,Padded box truck with staging buffer,89,36,fixed monthly,28.4,5598000,06:00-10:00,92,21,31,17,,premium fragile exports,Needs gentle handling and staging protection.,cement|heavy machinery|wet cargo
SHP-02172,gujarat,Tea Garden Forwarders,Spice cartons,food-grade dry,Mundra,Delhi NCR,265,road,5000,113,96,ambient,48 h,64,spot,2026-10-25,2026-10-26,Food-grade dry van,73,30,per-tonne contract,24.1,4304000,10:00-14:00,68,22,28,9,,ambient food exports,Compatible with packaged food when odour control is maintained.,cement|chemicals|odour cargo
SHP-02173,gujarat,Horizon Export House,Frozen bakery inputs,chilled food,Jamnagar,Pune,609,road,6600,195,90,chilled,72 h,56,premium,2026-10-13,2026-10-17,Reefer truck,83,28,per-tonne contract,29.1,18922000,10:00-14:00,91,34,24,89,,temperature-controlled food,Needs temperature-controlled carriage.,ambient dry cargo|cement|chemicals
SHP-02174,gujarat,Bharat Foods,Textile bales,textile dry,Rajkot,Mumbai,230,road,3400,139,85,dry,60 h,96,overflow,2026-10-12,2026-10-17,Dry van with moisture guard,95,38,per-tonne contract,23.7,2180000,22:00-02:00,39,45,14,57,,dry industrial backhaul,Needs dry handling and moisture protection.,wet cargo|chemicals
SHP-02175,gujarat,Bharat Foods,Premium craft consignments,fragile craft,Mundra,Indore,219,staging,8800,63,92,fragile,5 d,37,return,2026-09-21,2026-09-25,Padded box truck with staging buffer,94,33,fixed monthly,31.8,6375000,14:00-22:00,46,17,4,8,,premium fragile exports,Needs gentle handling and staging protection.,cement|heavy machinery|wet cargo
SHP-02176,gujarat,Greenfield Foods,Coffee and cocoa sacks,food-grade dry,Bhuj,Pune,855,sea,4200,130,84,dry,24 h,49,premium,2026-10-31,2026-11-02,Dry container with odour guard,73,64,SLA contract,53.8,14388000,06:00-10:00,64,31,43,90,,bulk food export,Can consolidate with dry food cargo.,cement|chemicals|odour cargo
SHP-02177,gujarat,RetailLoop Trade Network,Regulated pharma samples,regulated pharma,Jamnagar,Delhi NCR,63,air,12600,109,87,regulated,12 h,88,contract,2026-09-29,2026-10-01,Validated secure pharma uplift,77,27,SLA contract,13.9,2668000,22:00-02:00,42,117,129,255,JAM-DEL/BOM gateway,regulated high-value urgent,Needs chain-of-custody and compliance clearance.,food|cement|chemicals|unsecured parcels
SHP-02178,gujarat,Greenfield Forwarders,Reverse logistics parcels,parcel returns,Bhuj,Jaipur,391,staging,5800,81,88,ambient,5 d,48,contract,2026-10-12,2026-10-14,Parcel cage vehicle,70,47,per-tonne contract,26.6,7287000,22:00-02:00,95,45,4,28,,reverse logistics,Works well in staged consolidation waves.,loose food|hazardous
SHP-02179,gujarat,Bharat Industries,Reverse logistics parcels,parcel returns,Kandla,Pune,419,staging,6000,62,88,ambient,24 h,31,contract,2026-10-12,2026-10-18,Parcel cage vehicle,91,70,spot market,28.8,6478000,10:00-14:00,93,39,2,9,,reverse logistics,Works well in staged consolidation waves.,loose food|hazardous
SHP-02180,gujarat,Horizon Trade Network,Medical devices,regulated devices,Kandla,Indore,27,air,19800,148,97,regulated,12 h,96,backhaul,2026-10-08,2026-10-09,Secure high-value air cargo,84,53,per-tonne contract,17.1,1483000,10:00-14:00,42,156,108,120,KAN-DEL/BOM gateway,regulated high-value urgent,Needs secure handling and documented custody.,cement|chemicals|unsealed food
SHP-02181,gujarat,Riverline Collective,High value samples,secured samples,Kandla,Ahmedabad,41,air,32600,88,81,regulated,72 h,76,spot,2026-09-29,2026-09-30,Secure air cargo pouch,93,62,per-tonne contract,16.1,5707000,14:00-22:00,84,73,52,310,KAN-DEL/BOM gateway,high-value urgent,Needs secure handling and tight handoff control.,bulk cargo|unsecured parcels
SHP-02182,gujarat,BluePeak Logistics,Containerised export overflow,container export,Jamnagar,Pune,843,sea,3900,45,92,dry,24 h,34,contract,2026-09-19,2026-09-24,Sealed container feeder,83,54,fixed monthly,54.2,9429000,22:00-02:00,78,42,227,39,,bulk export overflow,Best suited to feeder or port-linked consolidation.,loose perishable|fragile craft
SHP-02183,gujarat,Tea Garden Foods,High value samples,secured samples,Jamnagar,Ahmedabad,24,air,34000,22,87,regulated,96 h,75,contract,2026-09-23,2026-09-24,Secure air cargo pouch,81,22,per-tonne contract,14.1,3629000,10:00-14:00,50,129,157,325,JAM-DEL/BOM gateway,high-value urgent,Needs secure handling and tight handoff control.,bulk cargo|unsecured parcels
SHP-02184,gujarat,Swift Supply Co,High value samples,secured samples,Rajkot,Indore,48,air,26900,136,83,regulated,36 h,44,return,2026-10-27,2026-10-28,Secure air cargo pouch,92,62,per-tonne contract,18.1,5596000,10:00-14:00,87,108,189,353,RAJ-DEL/BOM gateway,high-value urgent,Needs secure handling and tight handoff control.,bulk cargo|unsecured parcels
SHP-02185,gujarat,PortLink Trade Network,High value samples,secured samples,Jamnagar,Pune,39,air,31300,159,94,regulated,24 h,52,contract,2026-10-22,2026-10-23,Secure air cargo pouch,93,12,per-tonne contract,13.1,5374000,22:00-02:00,36,144,216,101,JAM-DEL/BOM gateway,high-value urgent,Needs secure handling and tight handoff control.,bulk cargo|unsecured parcels
SHP-02186,gujarat,Riverline Consortium,Durable snacks overflow,food-grade dry,Bhuj,Mumbai,355,road,3600,102,97,ambient,60 h,62,overflow,2026-10-16,2026-10-17,Food-grade dry van,88,52,dedicated fleet,26.1,5733000,14:00-22:00,54,21,11,73,,anchor-compatible FMCG overflow,Highly compatible with Britannia-style packaged food lanes.,cement|chemicals|wet cargo
SHP-02187,gujarat,RetailLoop Collective,Packaged tea cartons,food-grade dry,Mundra,Pune,361,road,5400,211,78,dry,5 d,26,overflow,2026-10-08,2026-10-10,Food-grade dry van,81,42,dedicated fleet,28.5,9227000,14:00-22:00,92,14,15,28,,anchor-compatible FMCG backhaul,Can ride with packaged food and dry FMCG cargo.,cement|chemicals|hazardous
SHP-02188,gujarat,AgroStar Distributors,Reverse logistics parcels,parcel returns,Bhuj,Ahmedabad,84,staging,5000,111,84,ambient,5 d,69,backhaul,2026-09-30,2026-10-02,Parcel cage vehicle,74,21,spot market,31.8,1166000,22:00-02:00,43,40,11,32,,reverse logistics,Works well in staged consolidation waves.,loose food|hazardous
SHP-02189,gujarat,Metro Supply Co,High value samples,secured samples,Kandla,Delhi NCR,41,air,26400,32,91,regulated,5 d,58,spot,2026-10-13,2026-10-14,Secure air cargo pouch,75,42,fixed monthly,13.9,3613000,06:00-10:00,95,109,180,145,KAN-DEL/BOM gateway,high-value urgent,Needs secure handling and tight handoff control.,bulk cargo|unsecured parcels
SHP-02190,gujarat,Riverline Forwarders,Coffee and cocoa sacks,food-grade dry,Surat,Pune,952,sea,3100,60,88,dry,60 h,72,contract,2026-10-27,2026-10-30,Dry container with odour guard,99,61,fixed monthly,54.9,6585000,22:00-02:00,43,45,50,45,,bulk food export,Can consolidate with dry food cargo.,cement|chemicals|odour cargo
SHP-02191,gujarat,RetailLoop Forwarders,Frozen bakery inputs,chilled food,Surat,Pune,147,road,6000,163,90,chilled,24 h,32,overflow,2026-10-13,2026-10-18,Reefer truck,93,32,fixed monthly,24.8,3180000,22:00-02:00,66,35,17,35,,temperature-controlled food,Needs temperature-controlled carriage.,ambient dry cargo|cement|chemicals
SHP-02192,gujarat,National Forwarders,Packaged tea cartons,food-grade dry,Kandla,Mumbai,89,road,4100,102,94,dry,24 h,57,contract,2026-10-21,2026-10-25,Food-grade dry van,69,30,spot market,27.5,1023000,10:00-14:00,82,16,3,17,,anchor-compatible FMCG backhaul,Can ride with packaged food and dry FMCG cargo.,cement|chemicals|hazardous
SHP-02193,gujarat,PortLink Export House,Speciality ginger and citrus,fresh produce,Surat,Mumbai,186,road,5100,106,95,chilled,5 d,38,backhaul,2026-10-24,2026-10-28,Ventilated reefer truck,77,42,per-trip contract,25.9,3630000,06:00-10:00,95,20,21,42,,perishable agriculture,Requires food-safe handling and temperature discipline.,cement|chemicals|odour cargo
SHP-02194,gujarat,Bharat Collective,Spice cartons,food-grade dry,Mundra,Ahmedabad,422,road,4800,83,88,ambient,36 h,65,return,2026-10-23,2026-10-29,Food-grade dry van,74,59,spot market,20.6,7213000,10:00-14:00,40,35,25,56,,ambient food exports,Compatible with packaged food when odour control is maintained.,cement|chemicals|odour cargo
SHP-02195,gujarat,Summit Consortium,Frozen bakery inputs,chilled food,Rajkot,Jaipur,341,road,8600,137,92,chilled,72 h,93,overflow,2026-10-30,2026-11-03,Reefer truck,94,24,fixed monthly,27.7,12845000,22:00-02:00,68,40,3,53,,temperature-controlled food,Needs temperature-controlled carriage.,ambient dry cargo|cement|chemicals
SHP-02196,gujarat,Summit Export House,Premium craft consignments,fragile craft,Rajkot,Pune,97,staging,6600,221,83,fragile,24 h,83,overflow,2026-09-21,2026-09-25,Padded box truck with staging buffer,82,23,per-trip contract,29.4,1874000,22:00-02:00,88,42,15,26,,premium fragile exports,Needs gentle handling and staging protection.,cement|heavy machinery|wet cargo
SHP-02197,gujarat,AgroStar Industries,Regulated pharma samples,regulated pharma,Rajkot,Ahmedabad,24,air,28000,156,95,regulated,24 h,77,overflow,2026-10-07,2026-10-09,Validated secure pharma uplift,70,47,SLA contract,18.0,2692000,22:00-02:00,90,86,128,303,RAJ-DEL/BOM gateway,regulated high-value urgent,Needs chain-of-custody and compliance clearance.,food|cement|chemicals|unsecured parcels
SHP-02198,gujarat,Swift Distributors,Durable snacks overflow,food-grade dry,Rajkot,Delhi NCR,254,road,3800,80,94,ambient,60 h,44,premium,2026-09-19,2026-09-25,Food-grade dry van,76,22,SLA contract,19.7,2330000,10:00-14:00,85,22,4,63,,anchor-compatible FMCG overflow,Highly compatible with Britannia-style packaged food lanes.,cement|chemicals|wet cargo
SHP-02199,gujarat,PortLink Industries,Frozen bakery inputs,chilled food,Kandla,Ahmedabad,623,road,7100,153,86,chilled,6 d,55,premium,2026-10-30,2026-11-03,Reefer truck,80,44,SLA contract,25.6,17058000,10:00-14:00,100,12,24,84,,temperature-controlled food,Needs temperature-controlled carriage.,ambient dry cargo|cement|chemicals
SHP-02200,gujarat,National Collective,Containerised export overflow,container export,Jamnagar,Indore,802,sea,4300,237,88,dry,72 h,58,premium,2026-10-10,2026-10-14,Sealed container feeder,89,42,per-tonne contract,54.6,15476000,10:00-14:00,45,44,79,6,,bulk export overflow,Best suited to feeder or port-linked consolidation.,loose perishable|fragile craft
SHP-02201,eastern-rail,RetailLoop Collective,Medical devices,regulated devices,Ranchi,Raipur,26,air,14500,200,79,regulated,60 h,44,return,2026-09-22,2026-09-23,Secure high-value air cargo,67,30,spot market,11.8,1099000,06:00-10:00,91,122,111,221,RAN-DEL/BOM gateway,regulated high-value urgent,Needs secure handling and documented custody.,cement|chemicals|unsealed food
SHP-02202,eastern-rail,Healthline Supply Co,Spice cartons,food-grade dry,Dhanbad,Bhubaneswar,281,road,5800,190,84,ambient,60 h,84,premium,2026-10-12,2026-10-13,Food-grade dry van,82,44,per-trip contract,23.0,6653000,14:00-22:00,61,39,8,2,,ambient food exports,Compatible with packaged food when odour control is maintained.,cement|chemicals|odour cargo
SHP-02203,eastern-rail,National Logistics,High value samples,secured samples,Patna,Lucknow,68,air,35200,40,82,regulated,12 h,96,premium,2026-10-16,2026-10-17,Secure air cargo pouch,78,40,dedicated fleet,19.2,11014000,14:00-22:00,94,84,140,332,PAT-DEL/BOM gateway,high-value urgent,Needs secure handling and tight handoff control.,bulk cargo|unsecured parcels
SHP-02204,eastern-rail,Metro Consortium,Medical devices,regulated devices,Jamshedpur,Raipur,49,air,14200,76,89,regulated,72 h,42,return,2026-10-04,2026-10-05,Secure high-value air cargo,85,51,dedicated fleet,13.3,3268000,06:00-10:00,93,89,90,120,JAM-DEL/BOM gateway,regulated high-value urgent,Needs secure handling and documented custody.,cement|chemicals|unsealed food
SHP-02205,eastern-rail,National Collective,Reverse logistics parcels,parcel returns,Patna,Lucknow,77,staging,5800,145,78,ambient,72 h,36,contract,2026-10-23,2026-10-29,Parcel cage vehicle,81,21,dedicated fleet,22.8,1046000,06:00-10:00,66,44,14,34,,reverse logistics,Works well in staged consolidation waves.,loose food|hazardous
SHP-02206,eastern-rail,Summit Trade Network,Frozen bakery inputs,chilled food,Ranchi,Guwahati,484,road,7500,56,85,chilled,6 d,90,backhaul,2026-10-03,2026-10-04,Reefer truck,84,48,SLA contract,23.5,10029000,22:00-02:00,98,34,26,2,,temperature-controlled food,Needs temperature-controlled carriage.,ambient dry cargo|cement|chemicals
SHP-02207,eastern-rail,Swift Foods,Textile bales,textile dry,Ranchi,Kolkata,579,road,4100,38,95,dry,72 h,92,backhaul,2026-10-15,2026-10-16,Dry van with moisture guard,83,28,fixed monthly,19.5,8727000,14:00-22:00,58,33,26,2,,dry industrial backhaul,Needs dry handling and moisture protection.,wet cargo|chemicals
SHP-02208,eastern-rail,BluePeak Forwarders,Speciality ginger and citrus,fresh produce,Jamshedpur,Bhubaneswar,104,road,7600,124,98,chilled,96 h,68,return,2026-10-20,2026-10-26,Ventilated reefer truck,91,56,dedicated fleet,21.5,3541000,14:00-22:00,42,31,28,6,,perishable agriculture,Requires food-safe handling and temperature discipline.,cement|chemicals|odour cargo
SHP-02209,eastern-rail,BluePeak Supply Co,Medical devices,regulated devices,Jamshedpur,Delhi NCR,8,air,18900,62,83,regulated,60 h,52,overflow,2026-10-28,2026-10-29,Secure high-value air cargo,80,32,per-trip contract,19.3,406000,06:00-10:00,36,71,177,265,JAM-DEL/BOM gateway,regulated high-value urgent,Needs secure handling and documented custody.,cement|chemicals|unsealed food
SHP-02210,eastern-rail,PortLink Industries,Reverse logistics parcels,parcel returns,Jamshedpur,Delhi NCR,331,staging,5600,101,82,ambient,36 h,65,backhaul,2026-10-06,2026-10-09,Parcel cage vehicle,84,53,spot market,24.3,7840000,10:00-14:00,68,40,24,48,,reverse logistics,Works well in staged consolidation waves.,loose food|hazardous
SHP-02211,eastern-rail,CraftBridge Export House,Reverse logistics parcels,parcel returns,Dhanbad,Lucknow,338,staging,5100,89,87,ambient,24 h,24,contract,2026-09-30,2026-10-06,Parcel cage vehicle,75,22,per-tonne contract,29.4,5836000,10:00-14:00,79,23,34,85,,reverse logistics,Works well in staged consolidation waves.,loose food|hazardous
SHP-02212,eastern-rail,Prime Collective,Premium craft consignments,fragile craft,Dhanbad,Kolkata,23,staging,6600,112,85,fragile,48 h,67,contract,2026-09-18,2026-09-23,Padded box truck with staging buffer,75,17,spot market,27.0,473000,14:00-22:00,70,31,1,84,,premium fragile exports,Needs gentle handling and staging protection.,cement|heavy machinery|wet cargo
SHP-02213,eastern-rail,Metro Distributors,Regulated pharma samples,regulated pharma,Ranchi,Guwahati,50,air,16500,175,87,regulated,12 h,98,return,2026-09-27,2026-09-28,Validated secure pharma uplift,86,64,fixed monthly,18.7,1880000,14:00-22:00,60,91,240,119,RAN-DEL/BOM gateway,regulated high-value urgent,Needs chain-of-custody and compliance clearance.,food|cement|chemicals|unsecured parcels
SHP-02214,eastern-rail,BluePeak Consortium,Textile bales,textile dry,Ranchi,Bhubaneswar,236,road,3700,151,87,dry,6 d,32,return,2026-10-15,2026-10-18,Dry van with moisture guard,91,23,per-tonne contract,21.9,3325000,10:00-14:00,67,17,20,7,,dry industrial backhaul,Needs dry handling and moisture protection.,wet cargo|chemicals
SHP-02215,eastern-rail,Bharat Export House,Bamboo panels and handicrafts,fragile craft,Muzaffarpur,Kolkata,22,staging,4800,114,89,fragile,60 h,52,backhaul,2026-10-02,2026-10-07,Padded box truck with staging buffer,88,21,dedicated fleet,22.8,300000,22:00-02:00,96,40,12,2,,fragile regional exports,Needs bracing and should avoid dusty or heavy loads.,cement|heavy machinery|wet cargo
SHP-02216,eastern-rail,Healthline Trade Network,Coffee and cocoa sacks,food-grade dry,Patna,Delhi NCR,522,sea,3700,100,78,dry,60 h,33,backhaul,2026-09-21,2026-09-25,Dry container with odour guard,99,12,per-trip contract,49.7,9033000,10:00-14:00,79,34,122,34,,bulk food export,Can consolidate with dry food cargo.,cement|chemicals|odour cargo
SHP-02217,eastern-rail,Tea Garden Supply Co,Bamboo panels and handicrafts,fragile craft,Gaya,Raipur,114,staging,4800,169,87,fragile,24 h,65,contract,2026-09-22,2026-09-26,Padded box truck with staging buffer,76,35,SLA contract,27.3,2332000,06:00-10:00,95,24,20,8,,fragile regional exports,Needs bracing and should avoid dusty or heavy loads.,cement|heavy machinery|wet cargo
SHP-02218,eastern-rail,Eastern Export House,Packaged tea cartons,food-grade dry,Jamshedpur,Raipur,564,road,5200,19,79,dry,6 d,92,backhaul,2026-09-27,2026-10-01,Food-grade dry van,84,59,per-tonne contract,20.9,11674000,22:00-02:00,50,24,23,75,,anchor-compatible FMCG backhaul,Can ride with packaged food and dry FMCG cargo.,cement|chemicals|hazardous
SHP-02219,eastern-rail,AgroStar Forwarders,Electronics returns,electronics,Gaya,Guwahati,288,staging,6300,76,93,ambient,72 h,60,contract,2026-10-16,2026-10-22,Secure parcel truck,86,15,fixed monthly,24.6,4795000,06:00-10:00,92,21,24,75,,high-value reverse logistics,"Needs dry, secure movement and claims control.",wet cargo|magnetic cargo|loose food
SHP-02220,eastern-rail,Riverline Industries,Packaged tea cartons,food-grade dry,Ranchi,Bhubaneswar,392,road,5000,152,86,dry,5 d,90,backhaul,2026-10-18,2026-10-20,Food-grade dry van,76,18,SLA contract,21.2,8679000,06:00-10:00,97,10,30,82,,anchor-compatible FMCG backhaul,Can ride with packaged food and dry FMCG cargo.,cement|chemicals|hazardous
SHP-02221,eastern-rail,Summit Forwarders,Containerised export overflow,container export,Ranchi,Lucknow,983,sea,3200,96,87,dry,24 h,67,spot,2026-10-23,2026-10-24,Sealed container feeder,80,70,fixed monthly,50.9,9294000,14:00-22:00,44,30,222,29,,bulk export overflow,Best suited to feeder or port-linked consolidation.,loose perishable|fragile craft
SHP-02222,eastern-rail,Eastern Supply Co,Durable snacks overflow,food-grade dry,Muzaffarpur,Bhubaneswar,461,road,3200,212,90,ambient,6 d,82,premium,2026-10-25,2026-10-30,Food-grade dry van,80,34,spot market,27.6,4875000,06:00-10:00,70,42,9,12,,anchor-compatible FMCG overflow,Highly compatible with Britannia-style packaged food lanes.,cement|chemicals|wet cargo
SHP-02223,eastern-rail,Metro Foods,Spice cartons,food-grade dry,Ranchi,Kolkata,556,road,5900,123,82,ambient,6 d,66,return,2026-09-22,2026-09-26,Food-grade dry van,72,36,spot market,25.8,15354000,22:00-02:00,54,34,21,88,,ambient food exports,Compatible with packaged food when odour control is maintained.,cement|chemicals|odour cargo
SHP-02224,eastern-rail,Healthline Export House,Electronics returns,electronics,Muzaffarpur,Delhi NCR,285,staging,7200,121,99,ambient,72 h,73,overflow,2026-10-14,2026-10-18,Secure parcel truck,87,52,SLA contract,21.7,8596000,14:00-22:00,54,45,25,84,,high-value reverse logistics,"Needs dry, secure movement and claims control.",wet cargo|magnetic cargo|loose food
SHP-02225,eastern-rail,Riverline Export House,Spice cartons,food-grade dry,Muzaffarpur,Delhi NCR,373,road,5400,92,76,ambient,36 h,76,contract,2026-10-28,2026-11-02,Food-grade dry van,99,75,fixed monthly,20.6,8804000,22:00-02:00,46,40,10,47,,ambient food exports,Compatible with packaged food when odour control is maintained.,cement|chemicals|odour cargo
SHP-02226,eastern-rail,Summit Export House,Coffee and cocoa sacks,food-grade dry,Gaya,Raipur,421,sea,4200,57,91,dry,6 d,38,backhaul,2026-10-25,2026-10-27,Dry container with odour guard,94,25,dedicated fleet,49.8,8402000,10:00-14:00,44,38,62,58,,bulk food export,Can consolidate with dry food cargo.,cement|chemicals|odour cargo
SHP-02227,eastern-rail,Summit Industries,Durable snacks overflow,food-grade dry,Dhanbad,Bhubaneswar,125,road,3100,67,82,ambient,72 h,61,overflow,2026-10-04,2026-10-10,Food-grade dry van,84,16,spot market,24.2,1525000,10:00-14:00,77,30,14,11,,anchor-compatible FMCG overflow,Highly compatible with Britannia-style packaged food lanes.,cement|chemicals|wet cargo
SHP-02228,eastern-rail,Bharat Collective,Frozen bakery inputs,chilled food,Ranchi,Lucknow,347,road,7300,91,87,chilled,5 d,48,return,2026-10-14,2026-10-16,Reefer truck,74,70,spot market,17.6,10609000,14:00-22:00,87,31,11,63,,temperature-controlled food,Needs temperature-controlled carriage.,ambient dry cargo|cement|chemicals
SHP-02229,eastern-rail,PortLink Supply Co,Bamboo panels and handicrafts,fragile craft,Patna,Lucknow,84,staging,4500,112,92,fragile,24 h,46,backhaul,2026-09-30,2026-10-04,Padded box truck with staging buffer,91,29,fixed monthly,25.1,1049000,22:00-02:00,46,23,5,84,,fragile regional exports,Needs bracing and should avoid dusty or heavy loads.,cement|heavy machinery|wet cargo
SHP-02230,eastern-rail,Metro Distributors,Reverse logistics parcels,parcel returns,Gaya,Delhi NCR,394,staging,6400,121,95,ambient,6 d,52,backhaul,2026-10-21,2026-10-23,Parcel cage vehicle,91,57,per-tonne contract,27.6,8820000,10:00-14:00,65,43,25,72,,reverse logistics,Works well in staged consolidation waves.,loose food|hazardous
SHP-02231,eastern-rail,RetailLoop Industries,Bamboo panels and handicrafts,fragile craft,Patna,Bhubaneswar,159,staging,5800,151,86,fragile,96 h,39,spot,2026-09-28,2026-09-30,Padded box truck with staging buffer,77,31,spot market,21.2,2385000,22:00-02:00,35,18,19,27,,fragile regional exports,Needs bracing and should avoid dusty or heavy loads.,cement|heavy machinery|wet cargo
SHP-02232,eastern-rail,RetailLoop Collective,Durable snacks overflow,food-grade dry,Gaya,Raipur,684,road,4700,176,78,ambient,6 d,36,overflow,2026-09-27,2026-09-29,Food-grade dry van,79,26,fixed monthly,23.9,7975000,22:00-02:00,58,28,33,8,,anchor-compatible FMCG overflow,Highly compatible with Britannia-style packaged food lanes.,cement|chemicals|wet cargo
SHP-02233,eastern-rail,AgroStar Export House,Regulated pharma samples,regulated pharma,Ranchi,Guwahati,68,air,17700,100,84,regulated,60 h,29,contract,2026-09-23,2026-09-25,Validated secure pharma uplift,97,17,per-tonne contract,18.3,5349000,10:00-14:00,58,110,121,340,RAN-DEL/BOM gateway,regulated high-value urgent,Needs chain-of-custody and compliance clearance.,food|cement|chemicals|unsecured parcels
SHP-02234,eastern-rail,Healthline Supply Co,Premium craft consignments,fragile craft,Ranchi,Bhubaneswar,373,staging,7100,187,84,fragile,6 d,64,spot,2026-09-22,2026-09-28,Padded box truck with staging buffer,73,12,spot market,22.4,7388000,22:00-02:00,90,44,23,29,,premium fragile exports,Needs gentle handling and staging protection.,cement|heavy machinery|wet cargo
SHP-02235,eastern-rail,PortLink Foods,Textile bales,textile dry,Muzaffarpur,Guwahati,127,road,3500,109,86,dry,24 h,25,premium,2026-10-07,2026-10-10,Dry van with moisture guard,92,11,SLA contract,23.6,1746000,10:00-14:00,57,22,26,90,,dry industrial backhaul,Needs dry handling and moisture protection.,wet cargo|chemicals
SHP-02236,eastern-rail,Eastern Industries,Coffee and cocoa sacks,food-grade dry,Patna,Kolkata,283,sea,3400,112,84,dry,60 h,61,spot,2026-09-28,2026-10-02,Dry container with odour guard,98,53,per-trip contract,46.4,3912000,22:00-02:00,68,28,167,31,,bulk food export,Can consolidate with dry food cargo.,cement|chemicals|odour cargo
SHP-02237,eastern-rail,BluePeak Foods,Spice cartons,food-grade dry,Gaya,Delhi NCR,436,road,4000,118,95,ambient,60 h,87,return,2026-10-03,2026-10-07,Food-grade dry van,91,43,SLA contract,19.0,4840000,22:00-02:00,92,13,1,23,,ambient food exports,Compatible with packaged food when odour control is maintained.,cement|chemicals|odour cargo
SHP-02238,eastern-rail,Summit Consortium,Containerised export overflow,container export,Gaya,Kolkata,291,sea,2800,82,91,dry,36 h,99,contract,2026-10-18,2026-10-24,Sealed container feeder,91,74,fixed monthly,45.2,2567000,06:00-10:00,97,36,179,40,,bulk export overflow,Best suited to feeder or port-linked consolidation.,loose perishable|fragile craft
SHP-02239,eastern-rail,RetailLoop Trade Network,Frozen bakery inputs,chilled food,Ranchi,Guwahati,247,road,7400,95,81,chilled,60 h,38,return,2026-09-22,2026-09-26,Reefer truck,81,42,SLA contract,19.4,7207000,14:00-22:00,58,21,21,16,,temperature-controlled food,Needs temperature-controlled carriage.,ambient dry cargo|cement|chemicals
SHP-02240,eastern-rail,Swift Collective,Reverse logistics parcels,parcel returns,Gaya,Guwahati,414,staging,5100,191,80,ambient,36 h,34,spot,2026-10-15,2026-10-20,Parcel cage vehicle,83,12,SLA contract,23.4,8853000,10:00-14:00,92,44,5,23,,reverse logistics,Works well in staged consolidation waves.,loose food|hazardous
SHP-02241,eastern-rail,Greenfield Distributors,High value samples,secured samples,Ranchi,Guwahati,6,air,31000,33,76,regulated,36 h,34,return,2026-10-16,2026-10-17,Secure air cargo pouch,67,22,spot market,17.8,773000,06:00-10:00,88,161,129,180,RAN-DEL/BOM gateway,high-value urgent,Needs secure handling and tight handoff control.,bulk cargo|unsecured parcels
SHP-02242,eastern-rail,CraftBridge Foods,Frozen bakery inputs,chilled food,Patna,Bhubaneswar,662,road,7300,58,87,chilled,60 h,90,premium,2026-09-20,2026-09-21,Reefer truck,87,35,fixed monthly,23.6,14647000,14:00-22:00,85,39,11,37,,temperature-controlled food,Needs temperature-controlled carriage.,ambient dry cargo|cement|chemicals
SHP-02243,eastern-rail,Prime Export House,Premium craft consignments,fragile craft,Dhanbad,Bhubaneswar,224,staging,6800,29,80,fragile,48 h,70,contract,2026-09-27,2026-09-30,Padded box truck with staging buffer,72,65,per-trip contract,25.7,5920000,14:00-22:00,70,28,13,61,,premium fragile exports,Needs gentle handling and staging protection.,cement|heavy machinery|wet cargo
SHP-02244,eastern-rail,Tea Garden Industries,Spice cartons,food-grade dry,Dhanbad,Kolkata,668,road,4600,112,74,ambient,72 h,54,overflow,2026-10-12,2026-10-15,Food-grade dry van,86,55,SLA contract,18.9,13833000,22:00-02:00,46,19,32,34,,ambient food exports,Compatible with packaged food when odour control is maintained.,cement|chemicals|odour cargo
SHP-02245,eastern-rail,Healthline Export House,Regulated pharma samples,regulated pharma,Gaya,Lucknow,57,air,21100,66,85,regulated,60 h,55,backhaul,2026-09-16,2026-09-17,Validated secure pharma uplift,90,64,per-tonne contract,12.7,5020000,22:00-02:00,98,105,201,82,GAY-DEL/BOM gateway,regulated high-value urgent,Needs chain-of-custody and compliance clearance.,food|cement|chemicals|unsecured parcels
SHP-02246,eastern-rail,BluePeak Export House,Containerised export overflow,container export,Muzaffarpur,Guwahati,209,sea,3300,131,89,dry,48 h,69,overflow,2026-10-14,2026-10-18,Sealed container feeder,67,35,spot market,47.7,2862000,14:00-22:00,38,35,129,28,,bulk export overflow,Best suited to feeder or port-linked consolidation.,loose perishable|fragile craft
SHP-02247,eastern-rail,AgroStar Supply Co,Electronics returns,electronics,Muzaffarpur,Guwahati,153,staging,6300,62,86,ambient,6 d,83,contract,2026-10-20,2026-10-25,Secure parcel truck,94,60,per-tonne contract,21.5,4370000,22:00-02:00,48,30,12,88,,high-value reverse logistics,"Needs dry, secure movement and claims control.",wet cargo|magnetic cargo|loose food
SHP-02248,eastern-rail,Swift Trade Network,Textile bales,textile dry,Muzaffarpur,Delhi NCR,160,road,3900,103,90,dry,24 h,63,spot,2026-10-25,2026-10-29,Dry van with moisture guard,74,28,spot market,25.5,2476000,06:00-10:00,44,31,25,48,,dry industrial backhaul,Needs dry handling and moisture protection.,wet cargo|chemicals
SHP-02249,eastern-rail,Spice Valley Logistics,Electronics returns,electronics,Ranchi,Delhi NCR,270,staging,7100,133,88,ambient,5 d,58,contract,2026-10-03,2026-10-07,Secure parcel truck,83,28,spot market,22.4,5408000,10:00-14:00,69,37,27,79,,high-value reverse logistics,"Needs dry, secure movement and claims control.",wet cargo|magnetic cargo|loose food
SHP-02250,eastern-rail,Greenfield Logistics,Textile bales,textile dry,Jamshedpur,Delhi NCR,318,road,4300,177,81,dry,72 h,77,backhaul,2026-10-18,2026-10-22,Dry van with moisture guard,80,63,per-tonne contract,24.1,6516000,06:00-10:00,90,11,6,87,,dry industrial backhaul,Needs dry handling and moisture protection.,wet cargo|chemicals
SHP-02251,eastern-rail,Riverline Consortium,Regulated pharma samples,regulated pharma,Gaya,Bhubaneswar,15,air,27800,173,88,regulated,6 d,35,spot,2026-10-22,2026-10-23,Validated secure pharma uplift,73,59,spot market,14.7,1827000,22:00-02:00,44,64,224,357,GAY-DEL/BOM gateway,regulated high-value urgent,Needs chain-of-custody and compliance clearance.,food|cement|chemicals|unsecured parcels
SHP-02252,eastern-rail,Healthline Supply Co,Durable snacks overflow,food-grade dry,Ranchi,Lucknow,272,road,3000,74,86,ambient,36 h,64,return,2026-09-30,2026-10-04,Food-grade dry van,66,37,SLA contract,21.6,2994000,22:00-02:00,65,27,24,65,,anchor-compatible FMCG overflow,Highly compatible with Britannia-style packaged food lanes.,cement|chemicals|wet cargo
SHP-02253,eastern-rail,Metro Forwarders,Durable snacks overflow,food-grade dry,Gaya,Kolkata,693,road,4300,94,82,ambient,24 h,95,premium,2026-10-12,2026-10-18,Food-grade dry van,79,10,SLA contract,21.8,13305000,10:00-14:00,99,37,5,89,,anchor-compatible FMCG overflow,Highly compatible with Britannia-style packaged food lanes.,cement|chemicals|wet cargo
SHP-02254,eastern-rail,Spice Valley Collective,Reverse logistics parcels,parcel returns,Ranchi,Delhi NCR,179,staging,5200,38,78,ambient,48 h,51,return,2026-10-25,2026-10-29,Parcel cage vehicle,96,17,per-tonne contract,22.8,3936000,10:00-14:00,97,30,32,2,,reverse logistics,Works well in staged consolidation waves.,loose food|hazardous
SHP-02255,eastern-rail,Eastern Distributors,Bamboo panels and handicrafts,fragile craft,Ranchi,Raipur,357,staging,6400,113,92,fragile,24 h,89,premium,2026-10-03,2026-10-05,Padded box truck with staging buffer,77,43,spot market,25.7,8537000,22:00-02:00,83,18,34,75,,fragile regional exports,Needs bracing and should avoid dusty or heavy loads.,cement|heavy machinery|wet cargo
SHP-02256,eastern-rail,RetailLoop Logistics,Speciality ginger and citrus,fresh produce,Dhanbad,Bhubaneswar,278,road,4700,216,73,chilled,60 h,41,overflow,2026-09-26,2026-09-29,Ventilated reefer truck,84,27,fixed monthly,21.7,6221000,06:00-10:00,52,39,11,74,,perishable agriculture,Requires food-safe handling and temperature discipline.,cement|chemicals|odour cargo
SHP-02257,eastern-rail,Metro Industries,Durable snacks overflow,food-grade dry,Muzaffarpur,Guwahati,380,road,3200,128,92,ambient,6 d,98,contract,2026-10-11,2026-10-15,Food-grade dry van,86,26,per-trip contract,20.4,3391000,14:00-22:00,84,38,35,64,,anchor-compatible FMCG overflow,Highly compatible with Britannia-style packaged food lanes.,cement|chemicals|wet cargo
SHP-02258,eastern-rail,CraftBridge Logistics,Speciality ginger and citrus,fresh produce,Jamshedpur,Raipur,306,road,4400,80,77,chilled,5 d,33,return,2026-10-12,2026-10-17,Ventilated reefer truck,74,41,spot market,17.9,2973000,14:00-22:00,98,21,25,68,,perishable agriculture,Requires food-safe handling and temperature discipline.,cement|chemicals|odour cargo
SHP-02259,eastern-rail,Greenfield Foods,Coffee and cocoa sacks,food-grade dry,Muzaffarpur,Kolkata,791,sea,4200,87,87,dry,72 h,79,return,2026-10-02,2026-10-07,Dry container with odour guard,75,23,dedicated fleet,51.8,14440000,14:00-22:00,52,42,202,68,,bulk food export,Can consolidate with dry food cargo.,cement|chemicals|odour cargo
SHP-02260,eastern-rail,Eastern Industries,Electronics returns,electronics,Muzaffarpur,Kolkata,147,staging,8300,43,88,ambient,6 d,41,premium,2026-09-20,2026-09-23,Secure parcel truck,76,68,SLA contract,24.4,3589000,22:00-02:00,78,42,17,77,,high-value reverse logistics,"Needs dry, secure movement and claims control.",wet cargo|magnetic cargo|loose food
SHP-02261,eastern-rail,CraftBridge Distributors,Electronics returns,electronics,Muzaffarpur,Delhi NCR,219,staging,7300,124,96,ambient,48 h,47,return,2026-10-28,2026-10-29,Secure parcel truck,91,71,per-trip contract,23.1,4502000,06:00-10:00,47,23,14,35,,high-value reverse logistics,"Needs dry, secure movement and claims control.",wet cargo|magnetic cargo|loose food
SHP-02262,eastern-rail,Prime Collective,Packaged tea cartons,food-grade dry,Dhanbad,Kolkata,557,road,3700,121,84,dry,36 h,55,spot,2026-10-05,2026-10-08,Food-grade dry van,92,49,per-tonne contract,18.8,5234000,14:00-22:00,62,20,25,83,,anchor-compatible FMCG backhaul,Can ride with packaged food and dry FMCG cargo.,cement|chemicals|hazardous
SHP-02263,eastern-rail,Greenfield Foods,Packaged tea cartons,food-grade dry,Gaya,Guwahati,203,road,3700,105,83,dry,5 d,75,backhaul,2026-10-16,2026-10-17,Food-grade dry van,76,48,fixed monthly,19.7,2785000,14:00-22:00,98,30,18,63,,anchor-compatible FMCG backhaul,Can ride with packaged food and dry FMCG cargo.,cement|chemicals|hazardous
SHP-02264,eastern-rail,RetailLoop Collective,High value samples,secured samples,Muzaffarpur,Raipur,68,air,27300,128,74,regulated,12 h,87,backhaul,2026-10-04,2026-10-06,Secure air cargo pouch,75,33,spot market,12.9,8432000,06:00-10:00,73,66,111,177,MUZ-DEL/BOM gateway,high-value urgent,Needs secure handling and tight handoff control.,bulk cargo|unsecured parcels
SHP-02265,eastern-rail,Greenfield Forwarders,Bamboo panels and handicrafts,fragile craft,Jamshedpur,Raipur,361,staging,5500,32,78,fragile,72 h,63,contract,2026-10-11,2026-10-16,Padded box truck with staging buffer,87,51,SLA contract,24.2,8522000,14:00-22:00,74,24,7,15,,fragile regional exports,Needs bracing and should avoid dusty or heavy loads.,cement|heavy machinery|wet cargo
SHP-02266,eastern-rail,BluePeak Forwarders,Regulated pharma samples,regulated pharma,Gaya,Raipur,37,air,28800,57,92,regulated,5 d,41,spot,2026-10-23,2026-10-25,Validated secure pharma uplift,86,15,per-tonne contract,11.7,4661000,10:00-14:00,55,154,164,60,GAY-DEL/BOM gateway,regulated high-value urgent,Needs chain-of-custody and compliance clearance.,food|cement|chemicals|unsecured parcels
SHP-02267,eastern-rail,Horizon Supply Co,Durable snacks overflow,food-grade dry,Ranchi,Delhi NCR,500,road,3400,198,79,ambient,6 d,40,spot,2026-10-04,2026-10-08,Food-grade dry van,82,60,fixed monthly,26.8,4970000,22:00-02:00,93,13,33,59,,anchor-compatible FMCG overflow,Highly compatible with Britannia-style packaged food lanes.,cement|chemicals|wet cargo
SHP-02268,eastern-rail,Spice Valley Distributors,Packaged tea cartons,food-grade dry,Muzaffarpur,Delhi NCR,538,road,5200,65,91,dry,48 h,53,premium,2026-10-08,2026-10-12,Food-grade dry van,95,49,per-tonne contract,16.8,8212000,22:00-02:00,40,31,17,15,,anchor-compatible FMCG backhaul,Can ride with packaged food and dry FMCG cargo.,cement|chemicals|hazardous
SHP-02269,eastern-rail,Greenfield Trade Network,Medical devices,regulated devices,Patna,Guwahati,29,air,15500,76,94,regulated,36 h,84,return,2026-10-21,2026-10-23,Secure high-value air cargo,84,22,fixed monthly,16.2,1430000,22:00-02:00,46,53,66,200,PAT-DEL/BOM gateway,regulated high-value urgent,Needs secure handling and documented custody.,cement|chemicals|unsealed food
SHP-02270,eastern-rail,Tea Garden Collective,Electronics returns,electronics,Ranchi,Raipur,289,staging,6600,20,92,ambient,36 h,37,overflow,2026-10-13,2026-10-14,Secure parcel truck,71,47,spot market,22.6,4953000,14:00-22:00,67,12,2,75,,high-value reverse logistics,"Needs dry, secure movement and claims control.",wet cargo|magnetic cargo|loose food
SHP-02271,eastern-rail,PortLink Supply Co,Speciality ginger and citrus,fresh produce,Muzaffarpur,Bhubaneswar,589,road,5300,83,85,chilled,60 h,53,overflow,2026-10-15,2026-10-18,Ventilated reefer truck,78,58,spot market,22.1,11336000,22:00-02:00,60,24,17,34,,perishable agriculture,Requires food-safe handling and temperature discipline.,cement|chemicals|odour cargo
SHP-02272,eastern-rail,Greenfield Distributors,Bamboo panels and handicrafts,fragile craft,Patna,Guwahati,317,staging,6700,175,86,fragile,6 d,86,overflow,2026-10-04,2026-10-06,Padded box truck with staging buffer,82,58,dedicated fleet,23.2,10106000,14:00-22:00,52,34,32,31,,fragile regional exports,Needs bracing and should avoid dusty or heavy loads.,cement|heavy machinery|wet cargo
SHP-02273,eastern-rail,BluePeak Logistics,Containerised export overflow,container export,Muzaffarpur,Raipur,1168,sea,3600,74,91,dry,6 d,72,premium,2026-10-13,2026-10-19,Sealed container feeder,79,9,SLA contract,47.3,16864000,06:00-10:00,68,26,143,59,,bulk export overflow,Best suited to feeder or port-linked consolidation.,loose perishable|fragile craft
SHP-02274,eastern-rail,AgroStar Export House,Durable snacks overflow,food-grade dry,Jamshedpur,Guwahati,253,road,3800,157,75,ambient,5 d,84,overflow,2026-10-28,2026-10-30,Food-grade dry van,74,21,per-tonne contract,20.8,2283000,10:00-14:00,73,19,18,82,,anchor-compatible FMCG overflow,Highly compatible with Britannia-style packaged food lanes.,cement|chemicals|wet cargo
SHP-02275,eastern-rail,Swift Collective,Frozen bakery inputs,chilled food,Gaya,Bhubaneswar,307,road,5800,138,81,chilled,5 d,48,return,2026-10-26,2026-10-27,Reefer truck,80,68,per-trip contract,25.1,4813000,14:00-22:00,84,13,24,85,,temperature-controlled food,Needs temperature-controlled carriage.,ambient dry cargo|cement|chemicals
SHP-02276,eastern-rail,Horizon Forwarders,Medical devices,regulated devices,Ranchi,Guwahati,67,air,16200,145,83,regulated,5 d,63,return,2026-10-12,2026-10-14,Secure high-value air cargo,96,37,per-tonne contract,19.9,3433000,10:00-14:00,97,158,209,327,RAN-DEL/BOM gateway,regulated high-value urgent,Needs secure handling and documented custody.,cement|chemicals|unsealed food
SHP-02277,eastern-rail,Horizon Distributors,Reverse logistics parcels,parcel returns,Jamshedpur,Kolkata,184,staging,6300,178,78,ambient,72 h,30,return,2026-09-24,2026-09-25,Parcel cage vehicle,87,69,fixed monthly,22.0,4437000,22:00-02:00,42,28,18,90,,reverse logistics,Works well in staged consolidation waves.,loose food|hazardous
SHP-02278,eastern-rail,Metro Foods,Speciality ginger and citrus,fresh produce,Gaya,Lucknow,229,road,7000,88,81,chilled,36 h,99,spot,2026-10-22,2026-10-24,Ventilated reefer truck,72,70,spot market,17.5,4139000,10:00-14:00,99,18,6,76,,perishable agriculture,Requires food-safe handling and temperature discipline.,cement|chemicals|odour cargo
SHP-02279,eastern-rail,Eastern Industries,Coffee and cocoa sacks,food-grade dry,Jamshedpur,Raipur,983,sea,3400,38,79,dry,72 h,97,overflow,2026-09-23,2026-09-24,Dry container with odour guard,89,24,SLA contract,45.8,13737000,06:00-10:00,54,36,113,34,,bulk food export,Can consolidate with dry food cargo.,cement|chemicals|odour cargo
SHP-02280,eastern-rail,CraftBridge Logistics,Spice cartons,food-grade dry,Muzaffarpur,Delhi NCR,648,road,4000,44,97,ambient,48 h,62,return,2026-10-17,2026-10-20,Food-grade dry van,80,45,per-trip contract,21.2,11182000,14:00-22:00,44,24,2,0,,ambient food exports,Compatible with packaged food when odour control is maintained.,cement|chemicals|odour cargo
SHP-02281,eastern-rail,Spice Valley Trade Network,Coffee and cocoa sacks,food-grade dry,Muzaffarpur,Bhubaneswar,608,sea,3900,89,83,dry,6 d,29,backhaul,2026-09-30,2026-10-06,Dry container with odour guard,89,16,fixed monthly,46.4,7424000,14:00-22:00,71,22,79,67,,bulk food export,Can consolidate with dry food cargo.,cement|chemicals|odour cargo
SHP-02282,eastern-rail,Horizon Logistics,Bamboo panels and handicrafts,fragile craft,Muzaffarpur,Guwahati,409,staging,6100,108,78,fragile,96 h,79,spot,2026-10-27,2026-10-30,Padded box truck with staging buffer,80,13,SLA contract,26.0,11936000,14:00-22:00,80,14,33,5,,fragile regional exports,Needs bracing and should avoid dusty or heavy loads.,cement|heavy machinery|wet cargo
SHP-02283,eastern-rail,Horizon Industries,Bamboo panels and handicrafts,fragile craft,Patna,Kolkata,67,staging,6900,74,76,fragile,24 h,82,backhaul,2026-09-30,2026-10-04,Padded box truck with staging buffer,76,51,SLA contract,27.1,1308000,22:00-02:00,50,10,17,33,,fragile regional exports,Needs bracing and should avoid dusty or heavy loads.,cement|heavy machinery|wet cargo
SHP-02284,eastern-rail,AgroStar Industries,Packaged tea cartons,food-grade dry,Gaya,Kolkata,227,road,4700,96,86,dry,96 h,67,overflow,2026-09-24,2026-09-29,Food-grade dry van,99,63,per-tonne contract,25.3,4039000,14:00-22:00,100,32,21,40,,anchor-compatible FMCG backhaul,Can ride with packaged food and dry FMCG cargo.,cement|chemicals|hazardous
SHP-02285,eastern-rail,Bharat Industries,Reverse logistics parcels,parcel returns,Patna,Delhi NCR,22,staging,5100,151,82,ambient,6 d,56,return,2026-10-01,2026-10-02,Parcel cage vehicle,74,68,spot market,25.8,477000,14:00-22:00,97,33,7,0,,reverse logistics,Works well in staged consolidation waves.,loose food|hazardous
SHP-02286,eastern-rail,Bharat Export House,Coffee and cocoa sacks,food-grade dry,Gaya,Guwahati,725,sea,2900,149,89,dry,96 h,76,return,2026-10-03,2026-10-08,Dry container with odour guard,84,32,dedicated fleet,48.1,9763000,06:00-10:00,63,13,155,88,,bulk food export,Can consolidate with dry food cargo.,cement|chemicals|odour cargo
SHP-02287,eastern-rail,National Collective,Electronics returns,electronics,Muzaffarpur,Raipur,71,staging,5800,76,92,ambient,6 d,49,overflow,2026-10-31,2026-11-04,Secure parcel truck,86,34,per-tonne contract,23.0,998000,06:00-10:00,35,28,3,61,,high-value reverse logistics,"Needs dry, secure movement and claims control.",wet cargo|magnetic cargo|loose food
SHP-02288,eastern-rail,Horizon Export House,Electronics returns,electronics,Dhanbad,Delhi NCR,321,staging,6000,77,89,ambient,96 h,30,backhaul,2026-10-10,2026-10-16,Secure parcel truck,82,11,SLA contract,23.6,8763000,14:00-22:00,60,33,33,69,,high-value reverse logistics,"Needs dry, secure movement and claims control.",wet cargo|magnetic cargo|loose food
SHP-02289,eastern-rail,Healthline Collective,Reverse logistics parcels,parcel returns,Jamshedpur,Bhubaneswar,118,staging,6800,95,80,ambient,36 h,87,premium,2026-10-07,2026-10-11,Parcel cage vehicle,84,71,per-tonne contract,29.1,2734000,14:00-22:00,83,35,14,19,,reverse logistics,Works well in staged consolidation waves.,loose food|hazardous
SHP-02290,eastern-rail,Riverline Forwarders,Frozen bakery inputs,chilled food,Gaya,Delhi NCR,534,road,7100,116,92,chilled,24 h,98,premium,2026-10-31,2026-11-06,Reefer truck,77,30,per-tonne contract,18.3,11105000,14:00-22:00,51,40,35,7,,temperature-controlled food,Needs temperature-controlled carriage.,ambient dry cargo|cement|chemicals
SHP-02291,eastern-rail,CraftBridge Forwarders,Containerised export overflow,container export,Gaya,Delhi NCR,1008,sea,2600,70,76,dry,5 d,50,backhaul,2026-10-16,2026-10-22,Sealed container feeder,77,16,spot market,45.6,7255000,14:00-22:00,83,12,193,18,,bulk export overflow,Best suited to feeder or port-linked consolidation.,loose perishable|fragile craft
SHP-02292,eastern-rail,Spice Valley Trade Network,Durable snacks overflow,food-grade dry,Muzaffarpur,Kolkata,146,road,3300,112,89,ambient,48 h,46,overflow,2026-10-11,2026-10-12,Food-grade dry van,80,19,per-trip contract,21.9,1943000,06:00-10:00,47,28,27,10,,anchor-compatible FMCG overflow,Highly compatible with Britannia-style packaged food lanes.,cement|chemicals|wet cargo
SHP-02293,eastern-rail,Spice Valley Forwarders,High value samples,secured samples,Dhanbad,Bhubaneswar,31,air,34400,91,81,regulated,6 d,30,premium,2026-10-12,2026-10-14,Secure air cargo pouch,69,53,per-trip contract,14.6,4632000,22:00-02:00,73,164,65,261,DHA-DEL/BOM gateway,high-value urgent,Needs secure handling and tight handoff control.,bulk cargo|unsecured parcels
SHP-02294,eastern-rail,Healthline Export House,Premium craft consignments,fragile craft,Jamshedpur,Guwahati,167,staging,5400,88,95,fragile,60 h,88,overflow,2026-10-12,2026-10-17,Padded box truck with staging buffer,73,8,per-trip contract,28.6,2446000,06:00-10:00,85,33,31,20,,premium fragile exports,Needs gentle handling and staging protection.,cement|heavy machinery|wet cargo
SHP-02295,eastern-rail,Horizon Supply Co,High value samples,secured samples,Muzaffarpur,Raipur,25,air,24400,86,91,regulated,60 h,73,contract,2026-09-23,2026-09-24,Secure air cargo pouch,71,14,spot market,14.4,2239000,10:00-14:00,51,104,86,104,MUZ-DEL/BOM gateway,high-value urgent,Needs secure handling and tight handoff control.,bulk cargo|unsecured parcels
SHP-02296,eastern-rail,Greenfield Trade Network,Regulated pharma samples,regulated pharma,Gaya,Delhi NCR,11,air,25800,52,89,regulated,72 h,81,contract,2026-09-27,2026-09-29,Validated secure pharma uplift,92,8,SLA contract,11.8,823000,22:00-02:00,84,124,82,48,GAY-DEL/BOM gateway,regulated high-value urgent,Needs chain-of-custody and compliance clearance.,food|cement|chemicals|unsecured parcels
SHP-02297,eastern-rail,Horizon Collective,Packaged tea cartons,food-grade dry,Jamshedpur,Lucknow,315,road,4000,95,88,dry,72 h,52,contract,2026-10-10,2026-10-14,Food-grade dry van,90,32,per-tonne contract,22.0,3855000,22:00-02:00,61,30,6,15,,anchor-compatible FMCG backhaul,Can ride with packaged food and dry FMCG cargo.,cement|chemicals|hazardous
SHP-02298,eastern-rail,PortLink Industries,Electronics returns,electronics,Dhanbad,Guwahati,322,staging,5600,66,89,ambient,5 d,43,backhaul,2026-10-22,2026-10-26,Secure parcel truck,91,13,per-tonne contract,28.3,7661000,10:00-14:00,46,44,7,74,,high-value reverse logistics,"Needs dry, secure movement and claims control.",wet cargo|magnetic cargo|loose food
SHP-02299,eastern-rail,Summit Collective,Frozen bakery inputs,chilled food,Muzaffarpur,Kolkata,349,road,8700,67,81,chilled,5 d,79,spot,2026-10-02,2026-10-03,Reefer truck,91,38,dedicated fleet,16.7,8829000,22:00-02:00,40,14,34,89,,temperature-controlled food,Needs temperature-controlled carriage.,ambient dry cargo|cement|chemicals
SHP-02300,eastern-rail,BluePeak Collective,Bamboo panels and handicrafts,fragile craft,Dhanbad,Bhubaneswar,70,staging,6500,99,97,fragile,6 d,42,premium,2026-10-19,2026-10-21,Padded box truck with staging buffer,82,74,SLA contract,25.1,1733000,10:00-14:00,62,36,28,54,,fragile regional exports,Needs bracing and should avoid dusty or heavy loads.,cement|heavy machinery|wet cargo
SHP-02301,eastern-rail,BluePeak Foods,Regulated pharma samples,regulated pharma,Gaya,Bhubaneswar,22,air,28600,89,86,regulated,5 d,75,spot,2026-09-17,2026-09-19,Validated secure pharma uplift,79,6,per-tonne contract,17.7,2902000,22:00-02:00,45,127,46,306,GAY-DEL/BOM gateway,regulated high-value urgent,Needs chain-of-custody and compliance clearance.,food|cement|chemicals|unsecured parcels
SHP-02302,eastern-rail,Riverline Consortium,Premium craft consignments,fragile craft,Jamshedpur,Guwahati,138,staging,5800,24,86,fragile,24 h,86,spot,2026-10-20,2026-10-26,Padded box truck with staging buffer,79,30,SLA contract,28.5,2648000,22:00-02:00,86,20,9,49,,premium fragile exports,Needs gentle handling and staging protection.,cement|heavy machinery|wet cargo
SHP-02303,eastern-rail,Bharat Foods,Containerised export overflow,container export,Dhanbad,Delhi NCR,713,sea,3900,165,78,dry,24 h,40,spot,2026-10-03,2026-10-05,Sealed container feeder,84,46,per-trip contract,48.9,9011000,22:00-02:00,96,25,105,90,,bulk export overflow,Best suited to feeder or port-linked consolidation.,loose perishable|fragile craft
SHP-02304,eastern-rail,AgroStar Supply Co,Regulated pharma samples,regulated pharma,Muzaffarpur,Raipur,9,air,26900,181,94,regulated,24 h,38,backhaul,2026-09-25,2026-09-27,Validated secure pharma uplift,76,46,SLA contract,14.4,977000,06:00-10:00,53,83,65,49,MUZ-DEL/BOM gateway,regulated high-value urgent,Needs chain-of-custody and compliance clearance.,food|cement|chemicals|unsecured parcels
SHP-02305,eastern-rail,CraftBridge Export House,Containerised export overflow,container export,Patna,Guwahati,729,sea,3200,71,81,dry,5 d,63,spot,2026-10-06,2026-10-12,Sealed container feeder,91,20,SLA contract,44.9,6264000,22:00-02:00,93,22,77,15,,bulk export overflow,Best suited to feeder or port-linked consolidation.,loose perishable|fragile craft
SHP-02306,eastern-rail,Spice Valley Export House,Packaged tea cartons,food-grade dry,Gaya,Delhi NCR,415,road,5000,94,78,dry,60 h,28,return,2026-10-06,2026-10-12,Food-grade dry van,73,34,dedicated fleet,21.0,5847000,14:00-22:00,43,36,29,86,,anchor-compatible FMCG backhaul,Can ride with packaged food and dry FMCG cargo.,cement|chemicals|hazardous
SHP-02307,eastern-rail,Summit Collective,Regulated pharma samples,regulated pharma,Dhanbad,Guwahati,40,air,12700,111,84,regulated,60 h,26,contract,2026-09-21,2026-09-23,Validated secure pharma uplift,83,33,dedicated fleet,16.6,1903000,14:00-22:00,68,178,70,235,DHA-DEL/BOM gateway,regulated high-value urgent,Needs chain-of-custody and compliance clearance.,food|cement|chemicals|unsecured parcels
SHP-02308,eastern-rail,Summit Forwarders,Bamboo panels and handicrafts,fragile craft,Patna,Guwahati,24,staging,4600,24,90,fragile,36 h,44,contract,2026-10-30,2026-11-01,Padded box truck with staging buffer,81,21,per-trip contract,25.8,400000,10:00-14:00,35,45,13,87,,fragile regional exports,Needs bracing and should avoid dusty or heavy loads.,cement|heavy machinery|wet cargo
SHP-02309,eastern-rail,Tea Garden Distributors,Packaged tea cartons,food-grade dry,Ranchi,Lucknow,594,road,4600,154,93,dry,60 h,82,contract,2026-10-16,2026-10-21,Food-grade dry van,90,64,dedicated fleet,26.1,12858000,14:00-22:00,72,11,15,69,,anchor-compatible FMCG backhaul,Can ride with packaged food and dry FMCG cargo.,cement|chemicals|hazardous
SHP-02310,eastern-rail,Bharat Consortium,Medical devices,regulated devices,Dhanbad,Guwahati,5,air,17000,155,75,regulated,48 h,54,return,2026-10-21,2026-10-23,Secure high-value air cargo,67,43,fixed monthly,18.6,230000,06:00-10:00,81,66,140,218,DHA-DEL/BOM gateway,regulated high-value urgent,Needs secure handling and documented custody.,cement|chemicals|unsealed food
SHP-02311,eastern-rail,Eastern Distributors,Bamboo panels and handicrafts,fragile craft,Ranchi,Guwahati,96,staging,5500,50,72,fragile,24 h,66,overflow,2026-09-18,2026-09-24,Padded box truck with staging buffer,77,45,fixed monthly,22.7,1204000,14:00-22:00,75,42,13,67,,fragile regional exports,Needs bracing and should avoid dusty or heavy loads.,cement|heavy machinery|wet cargo
SHP-02312,eastern-rail,RetailLoop Supply Co,Electronics returns,electronics,Dhanbad,Raipur,234,staging,5800,114,82,ambient,48 h,62,overflow,2026-10-14,2026-10-18,Secure parcel truck,85,21,per-tonne contract,22.1,4950000,06:00-10:00,100,17,10,86,,high-value reverse logistics,"Needs dry, secure movement and claims control.",wet cargo|magnetic cargo|loose food
SHP-02313,eastern-rail,BluePeak Collective,Durable snacks overflow,food-grade dry,Muzaffarpur,Lucknow,701,road,3800,80,91,ambient,60 h,61,spot,2026-10-31,2026-11-06,Food-grade dry van,77,26,per-tonne contract,20.0,9293000,10:00-14:00,97,23,14,61,,anchor-compatible FMCG overflow,Highly compatible with Britannia-style packaged food lanes.,cement|chemicals|wet cargo
SHP-02314,eastern-rail,Riverline Industries,Bamboo panels and handicrafts,fragile craft,Gaya,Raipur,236,staging,6300,39,83,fragile,6 d,53,overflow,2026-09-27,2026-10-03,Padded box truck with staging buffer,99,57,SLA contract,28.4,4868000,06:00-10:00,42,31,2,89,,fragile regional exports,Needs bracing and should avoid dusty or heavy loads.,cement|heavy machinery|wet cargo
SHP-02315,eastern-rail,Tea Garden Consortium,Frozen bakery inputs,chilled food,Jamshedpur,Guwahati,649,road,8800,102,86,chilled,6 d,66,contract,2026-09-19,2026-09-24,Reefer truck,79,26,fixed monthly,23.8,25314000,10:00-14:00,92,17,29,58,,temperature-controlled food,Needs temperature-controlled carriage.,ambient dry cargo|cement|chemicals
SHP-02316,eastern-rail,Spice Valley Export House,Containerised export overflow,container export,Muzaffarpur,Bhubaneswar,452,sea,3500,48,83,dry,6 d,71,premium,2026-10-10,2026-10-13,Sealed container feeder,79,19,spot market,47.2,6193000,06:00-10:00,96,40,185,46,,bulk export overflow,Best suited to feeder or port-linked consolidation.,loose perishable|fragile craft
SHP-02317,eastern-rail,PortLink Trade Network,Premium craft consignments,fragile craft,Patna,Bhubaneswar,268,staging,5600,157,85,fragile,6 d,47,return,2026-09-30,2026-10-05,Padded box truck with staging buffer,82,57,per-trip contract,23.8,5271000,14:00-22:00,43,31,7,80,,premium fragile exports,Needs gentle handling and staging protection.,cement|heavy machinery|wet cargo
SHP-02318,eastern-rail,PortLink Collective,Electronics returns,electronics,Patna,Kolkata,178,staging,5600,101,86,ambient,48 h,65,spot,2026-10-23,2026-10-28,Secure parcel truck,86,75,fixed monthly,25.3,4782000,22:00-02:00,69,27,29,69,,high-value reverse logistics,"Needs dry, secure movement and claims control.",wet cargo|magnetic cargo|loose food
SHP-02319,eastern-rail,Swift Forwarders,Containerised export overflow,container export,Gaya,Delhi NCR,977,sea,2700,207,85,dry,6 d,28,premium,2026-10-20,2026-10-22,Sealed container feeder,81,39,fixed monthly,46.3,8992000,22:00-02:00,100,44,66,2,,bulk export overflow,Best suited to feeder or port-linked consolidation.,loose perishable|fragile craft
SHP-02320,eastern-rail,Riverline Distributors,Packaged tea cartons,food-grade dry,Dhanbad,Guwahati,420,road,4400,69,85,dry,36 h,52,spot,2026-10-15,2026-10-16,Food-grade dry van,77,12,fixed monthly,17.7,4575000,22:00-02:00,96,39,9,20,,anchor-compatible FMCG backhaul,Can ride with packaged food and dry FMCG cargo.,cement|chemicals|hazardous
SHP-02321,eastern-rail,Horizon Foods,Textile bales,textile dry,Dhanbad,Guwahati,336,road,4800,101,86,dry,5 d,34,premium,2026-10-09,2026-10-11,Dry van with moisture guard,79,18,per-tonne contract,18.4,4257000,06:00-10:00,59,10,2,17,,dry industrial backhaul,Needs dry handling and moisture protection.,wet cargo|chemicals
SHP-02322,eastern-rail,Metro Collective,Medical devices,regulated devices,Muzaffarpur,Kolkata,63,air,22600,72,90,regulated,6 d,84,contract,2026-10-15,2026-10-17,Secure high-value air cargo,85,53,per-trip contract,17.8,5269000,06:00-10:00,38,160,182,168,MUZ-DEL/BOM gateway,regulated high-value urgent,Needs secure handling and documented custody.,cement|chemicals|unsealed food
SHP-02323,eastern-rail,AgroStar Industries,Electronics returns,electronics,Muzaffarpur,Guwahati,54,staging,8100,95,81,ambient,5 d,40,spot,2026-10-12,2026-10-15,Secure parcel truck,92,54,per-trip contract,24.8,1261000,06:00-10:00,94,26,7,68,,high-value reverse logistics,"Needs dry, secure movement and claims control.",wet cargo|magnetic cargo|loose food
SHP-02324,eastern-rail,Prime Distributors,Containerised export overflow,container export,Gaya,Lucknow,503,sea,3100,151,86,dry,48 h,60,premium,2026-10-28,2026-11-02,Sealed container feeder,79,62,per-trip contract,48.6,5761000,10:00-14:00,83,13,219,15,,bulk export overflow,Best suited to feeder or port-linked consolidation.,loose perishable|fragile craft
SHP-02325,eastern-rail,BluePeak Forwarders,Bamboo panels and handicrafts,fragile craft,Gaya,Delhi NCR,25,staging,6000,117,84,fragile,6 d,45,contract,2026-09-27,2026-10-03,Padded box truck with staging buffer,73,43,fixed monthly,26.4,433000,22:00-02:00,88,27,29,32,,fragile regional exports,Needs bracing and should avoid dusty or heavy loads.,cement|heavy machinery|wet cargo
SHP-02326,eastern-rail,BluePeak Distributors,Frozen bakery inputs,chilled food,Dhanbad,Kolkata,224,road,7400,135,82,chilled,24 h,95,backhaul,2026-10-20,2026-10-24,Reefer truck,93,63,per-tonne contract,25.4,6524000,22:00-02:00,97,33,18,44,,temperature-controlled food,Needs temperature-controlled carriage.,ambient dry cargo|cement|chemicals
SHP-02327,eastern-rail,CraftBridge Export House,Textile bales,textile dry,Gaya,Guwahati,711,road,4800,34,92,dry,48 h,57,overflow,2026-09-28,2026-09-30,Dry van with moisture guard,87,46,fixed monthly,21.9,9362000,06:00-10:00,67,26,31,71,,dry industrial backhaul,Needs dry handling and moisture protection.,wet cargo|chemicals
SHP-02328,eastern-rail,Horizon Supply Co,Reverse logistics parcels,parcel returns,Patna,Delhi NCR,190,staging,6400,63,84,ambient,5 d,72,premium,2026-09-16,2026-09-22,Parcel cage vehicle,88,20,SLA contract,29.2,5136000,06:00-10:00,91,28,21,37,,reverse logistics,Works well in staged consolidation waves.,loose food|hazardous
SHP-02329,eastern-rail,Greenfield Distributors,Spice cartons,food-grade dry,Patna,Delhi NCR,613,road,4100,208,82,ambient,96 h,60,spot,2026-10-14,2026-10-20,Food-grade dry van,81,45,per-trip contract,23.0,9922000,10:00-14:00,50,30,9,15,,ambient food exports,Compatible with packaged food when odour control is maintained.,cement|chemicals|odour cargo
SHP-02330,eastern-rail,Prime Foods,Textile bales,textile dry,Gaya,Bhubaneswar,68,road,4700,196,77,dry,6 d,44,overflow,2026-10-15,2026-10-20,Dry van with moisture guard,85,69,SLA contract,23.7,974000,22:00-02:00,64,23,20,57,,dry industrial backhaul,Needs dry handling and moisture protection.,wet cargo|chemicals
SHP-02331,eastern-rail,PortLink Trade Network,Premium craft consignments,fragile craft,Gaya,Lucknow,165,staging,8500,52,83,fragile,24 h,94,spot,2026-10-14,2026-10-17,Padded box truck with staging buffer,90,25,fixed monthly,22.4,5110000,14:00-22:00,95,42,31,2,,premium fragile exports,Needs gentle handling and staging protection.,cement|heavy machinery|wet cargo
SHP-02332,eastern-rail,Swift Export House,Bamboo panels and handicrafts,fragile craft,Muzaffarpur,Lucknow,134,staging,6000,113,79,fragile,48 h,37,spot,2026-10-30,2026-11-04,Padded box truck with staging buffer,96,4,SLA contract,28.6,2987000,10:00-14:00,74,41,33,40,,fragile regional exports,Needs bracing and should avoid dusty or heavy loads.,cement|heavy machinery|wet cargo
SHP-02333,eastern-rail,Eastern Collective,Packaged tea cartons,food-grade dry,Dhanbad,Kolkata,195,road,3800,124,85,dry,5 d,97,premium,2026-09-30,2026-10-01,Food-grade dry van,81,43,fixed monthly,19.1,2206000,06:00-10:00,100,30,9,70,,anchor-compatible FMCG backhaul,Can ride with packaged food and dry FMCG cargo.,cement|chemicals|hazardous
SHP-02334,eastern-rail,CraftBridge Supply Co,Regulated pharma samples,regulated pharma,Gaya,Raipur,35,air,23000,55,88,regulated,12 h,98,spot,2026-10-10,2026-10-11,Validated secure pharma uplift,87,53,per-tonne contract,11.4,2400000,10:00-14:00,82,61,53,61,GAY-DEL/BOM gateway,regulated high-value urgent,Needs chain-of-custody and compliance clearance.,food|cement|chemicals|unsecured parcels
SHP-02335,eastern-rail,CraftBridge Export House,Frozen bakery inputs,chilled food,Jamshedpur,Raipur,416,road,7300,136,83,chilled,60 h,97,return,2026-10-22,2026-10-23,Reefer truck,80,46,SLA contract,25.3,9070000,14:00-22:00,73,22,28,11,,temperature-controlled food,Needs temperature-controlled carriage.,ambient dry cargo|cement|chemicals
SHP-02336,eastern-rail,Horizon Collective,Medical devices,regulated devices,Dhanbad,Delhi NCR,5,air,22800,79,76,regulated,48 h,64,return,2026-10-10,2026-10-11,Secure high-value air cargo,81,1,spot market,15.5,447000,22:00-02:00,42,50,222,166,DHA-DEL/BOM gateway,regulated high-value urgent,Needs secure handling and documented custody.,cement|chemicals|unsealed food
SHP-02337,eastern-rail,Horizon Export House,Reverse logistics parcels,parcel returns,Jamshedpur,Kolkata,121,staging,5600,38,89,ambient,72 h,57,backhaul,2026-09-27,2026-09-30,Parcel cage vehicle,84,21,SLA contract,29.1,3049000,06:00-10:00,78,18,24,33,,reverse logistics,Works well in staged consolidation waves.,loose food|hazardous
SHP-02338,eastern-rail,Riverline Forwarders,Containerised export overflow,container export,Jamshedpur,Bhubaneswar,683,sea,2900,42,83,dry,24 h,31,overflow,2026-10-07,2026-10-12,Sealed container feeder,75,23,per-tonne contract,43.9,4869000,06:00-10:00,63,15,39,38,,bulk export overflow,Best suited to feeder or port-linked consolidation.,loose perishable|fragile craft
SHP-02339,eastern-rail,RetailLoop Collective,Coffee and cocoa sacks,food-grade dry,Patna,Delhi NCR,601,sea,3800,143,71,dry,36 h,30,backhaul,2026-10-04,2026-10-08,Dry container with odour guard,85,47,per-trip contract,46.4,6833000,22:00-02:00,85,20,95,84,,bulk food export,Can consolidate with dry food cargo.,cement|chemicals|odour cargo
SHP-02340,eastern-rail,Tea Garden Logistics,Regulated pharma samples,regulated pharma,Dhanbad,Bhubaneswar,22,air,12900,92,87,regulated,6 d,81,spot,2026-10-11,2026-10-13,Validated secure pharma uplift,72,34,fixed monthly,10.1,1106000,10:00-14:00,48,74,178,122,DHA-DEL/BOM gateway,regulated high-value urgent,Needs chain-of-custody and compliance clearance.,food|cement|chemicals|unsecured parcels
SHP-02341,eastern-rail,Healthline Consortium,Reverse logistics parcels,parcel returns,Ranchi,Delhi NCR,102,staging,6500,33,81,ambient,24 h,38,contract,2026-10-06,2026-10-08,Parcel cage vehicle,74,11,per-tonne contract,28.7,2854000,06:00-10:00,56,24,11,61,,reverse logistics,Works well in staged consolidation waves.,loose food|hazardous
SHP-02342,eastern-rail,RetailLoop Export House,Bamboo panels and handicrafts,fragile craft,Gaya,Guwahati,176,staging,5200,89,87,fragile,72 h,44,contract,2026-10-07,2026-10-09,Padded box truck with staging buffer,86,48,dedicated fleet,23.4,2829000,22:00-02:00,73,41,7,14,,fragile regional exports,Needs bracing and should avoid dusty or heavy loads.,cement|heavy machinery|wet cargo
SHP-02343,eastern-rail,Bharat Collective,Coffee and cocoa sacks,food-grade dry,Gaya,Delhi NCR,232,sea,3800,108,78,dry,5 d,54,contract,2026-10-27,2026-10-28,Dry container with odour guard,86,7,per-tonne contract,46.6,2355000,22:00-02:00,58,27,87,77,,bulk food export,Can consolidate with dry food cargo.,cement|chemicals|odour cargo
SHP-02344,eastern-rail,Horizon Trade Network,Packaged tea cartons,food-grade dry,Dhanbad,Bhubaneswar,53,road,3700,36,93,dry,96 h,97,spot,2026-10-09,2026-10-14,Food-grade dry van,97,4,per-trip contract,22.6,731000,06:00-10:00,74,42,6,56,,anchor-compatible FMCG backhaul,Can ride with packaged food and dry FMCG cargo.,cement|chemicals|hazardous
SHP-02345,eastern-rail,CraftBridge Logistics,Medical devices,regulated devices,Dhanbad,Lucknow,43,air,16300,122,99,regulated,48 h,82,backhaul,2026-10-06,2026-10-07,Secure high-value air cargo,88,12,SLA contract,15.3,2850000,22:00-02:00,59,70,65,216,DHA-DEL/BOM gateway,regulated high-value urgent,Needs secure handling and documented custody.,cement|chemicals|unsealed food
SHP-02346,eastern-rail,Swift Logistics,Frozen bakery inputs,chilled food,Ranchi,Raipur,325,road,6300,50,88,chilled,36 h,69,overflow,2026-10-08,2026-10-10,Reefer truck,89,31,dedicated fleet,17.7,7382000,14:00-22:00,97,28,3,31,,temperature-controlled food,Needs temperature-controlled carriage.,ambient dry cargo|cement|chemicals
SHP-02347,eastern-rail,Bharat Supply Co,Textile bales,textile dry,Muzaffarpur,Lucknow,113,road,4700,101,85,dry,96 h,38,backhaul,2026-10-30,2026-10-31,Dry van with moisture guard,86,29,fixed monthly,24.7,1731000,14:00-22:00,96,14,31,88,,dry industrial backhaul,Needs dry handling and moisture protection.,wet cargo|chemicals
SHP-02348,eastern-rail,CraftBridge Distributors,High value samples,secured samples,Gaya,Guwahati,35,air,31900,166,76,regulated,12 h,96,premium,2026-10-14,2026-10-15,Secure air cargo pouch,81,33,dedicated fleet,12.8,3471000,10:00-14:00,41,145,68,64,GAY-DEL/BOM gateway,high-value urgent,Needs secure handling and tight handoff control.,bulk cargo|unsecured parcels
SHP-02349,eastern-rail,BluePeak Trade Network,Textile bales,textile dry,Gaya,Raipur,356,road,4100,150,83,dry,48 h,72,return,2026-09-18,2026-09-21,Dry van with moisture guard,82,75,fixed monthly,25.6,3841000,14:00-22:00,37,28,18,38,,dry industrial backhaul,Needs dry handling and moisture protection.,wet cargo|chemicals
SHP-02350,eastern-rail,Bharat Logistics,Durable snacks overflow,food-grade dry,Patna,Delhi NCR,81,road,4700,67,95,ambient,5 d,53,backhaul,2026-09-18,2026-09-23,Food-grade dry van,82,64,dedicated fleet,16.9,1766000,22:00-02:00,71,28,34,39,,anchor-compatible FMCG overflow,Highly compatible with Britannia-style packaged food lanes.,cement|chemicals|wet cargo
SHP-02351,eastern-rail,Greenfield Distributors,Spice cartons,food-grade dry,Ranchi,Guwahati,43,road,5700,195,84,ambient,72 h,99,spot,2026-09-17,2026-09-21,Food-grade dry van,90,55,spot market,20.7,925000,06:00-10:00,84,17,9,72,,ambient food exports,Compatible with packaged food when odour control is maintained.,cement|chemicals|odour cargo
SHP-02352,eastern-rail,Healthline Supply Co,High value samples,secured samples,Jamshedpur,Kolkata,50,air,37700,153,86,regulated,36 h,55,overflow,2026-09-28,2026-09-30,Secure air cargo pouch,87,88,dedicated fleet,9.8,7220000,10:00-14:00,69,139,39,116,JAM-DEL/BOM gateway,high-value urgent,Needs secure handling and tight handoff control.,bulk cargo|unsecured parcels
SHP-02353,eastern-rail,Spice Valley Collective,Textile bales,textile dry,Gaya,Bhubaneswar,90,road,4300,93,82,dry,96 h,41,premium,2026-10-01,2026-10-03,Dry van with moisture guard,70,8,spot market,25.0,1339000,10:00-14:00,71,35,7,41,,dry industrial backhaul,Needs dry handling and moisture protection.,wet cargo|chemicals
SHP-02354,eastern-rail,Bharat Distributors,Frozen bakery inputs,chilled food,Muzaffarpur,Kolkata,689,road,8200,48,97,chilled,6 d,88,spot,2026-09-22,2026-09-23,Reefer truck,78,58,per-trip contract,22.6,17393000,22:00-02:00,46,17,8,60,,temperature-controlled food,Needs temperature-controlled carriage.,ambient dry cargo|cement|chemicals
SHP-02355,eastern-rail,Metro Distributors,Medical devices,regulated devices,Jamshedpur,Kolkata,69,air,16400,71,92,regulated,48 h,70,overflow,2026-10-14,2026-10-15,Secure high-value air cargo,81,86,dedicated fleet,13.7,3619000,22:00-02:00,90,91,215,145,JAM-DEL/BOM gateway,regulated high-value urgent,Needs secure handling and documented custody.,cement|chemicals|unsealed food
SHP-02356,eastern-rail,Eastern Trade Network,Spice cartons,food-grade dry,Ranchi,Kolkata,175,road,5400,100,86,ambient,6 d,70,premium,2026-09-21,2026-09-25,Food-grade dry van,82,9,per-trip contract,22.8,2307000,14:00-22:00,38,38,14,56,,ambient food exports,Compatible with packaged food when odour control is maintained.,cement|chemicals|odour cargo
SHP-02357,eastern-rail,Summit Foods,Electronics returns,electronics,Dhanbad,Raipur,410,staging,7300,145,81,ambient,60 h,68,spot,2026-10-25,2026-10-30,Secure parcel truck,78,26,per-tonne contract,24.5,9767000,10:00-14:00,42,15,1,74,,high-value reverse logistics,"Needs dry, secure movement and claims control.",wet cargo|magnetic cargo|loose food
SHP-02358,eastern-rail,CraftBridge Trade Network,Packaged tea cartons,food-grade dry,Dhanbad,Guwahati,343,road,4400,86,80,dry,5 d,65,contract,2026-10-26,2026-11-01,Food-grade dry van,79,41,per-trip contract,20.2,6796000,10:00-14:00,83,26,32,45,,anchor-compatible FMCG backhaul,Can ride with packaged food and dry FMCG cargo.,cement|chemicals|hazardous
SHP-02359,eastern-rail,RetailLoop Foods,Containerised export overflow,container export,Gaya,Lucknow,124,sea,2700,19,91,dry,24 h,40,spot,2026-09-27,2026-09-28,Sealed container feeder,83,28,per-trip contract,44.4,1083000,14:00-22:00,87,25,64,3,,bulk export overflow,Best suited to feeder or port-linked consolidation.,loose perishable|fragile craft
SHP-02360,eastern-rail,Tea Garden Foods,Bamboo panels and handicrafts,fragile craft,Gaya,Kolkata,71,staging,5000,66,80,fragile,36 h,66,return,2026-10-07,2026-10-09,Padded box truck with staging buffer,71,68,SLA contract,29.5,1359000,06:00-10:00,64,18,32,16,,fragile regional exports,Needs bracing and should avoid dusty or heavy loads.,cement|heavy machinery|wet cargo
SHP-02361,eastern-rail,Summit Consortium,Textile bales,textile dry,Jamshedpur,Raipur,330,road,4500,29,89,dry,96 h,69,contract,2026-09-30,2026-10-06,Dry van with moisture guard,82,52,per-tonne contract,19.4,5559000,22:00-02:00,100,38,32,1,,dry industrial backhaul,Needs dry handling and moisture protection.,wet cargo|chemicals
SHP-02362,eastern-rail,Horizon Collective,High value samples,secured samples,Dhanbad,Delhi NCR,59,air,29800,186,89,regulated,5 d,56,backhaul,2026-10-11,2026-10-12,Secure air cargo pouch,87,34,SLA contract,15.4,5241000,06:00-10:00,58,123,149,339,DHA-DEL/BOM gateway,high-value urgent,Needs secure handling and tight handoff control.,bulk cargo|unsecured parcels
SHP-02363,eastern-rail,Riverline Consortium,Containerised export overflow,container export,Dhanbad,Lucknow,879,sea,4500,142,97,dry,36 h,38,return,2026-10-22,2026-10-23,Sealed container feeder,81,59,per-trip contract,50.0,9177000,14:00-22:00,88,13,184,81,,bulk export overflow,Best suited to feeder or port-linked consolidation.,loose perishable|fragile craft
SHP-02364,eastern-rail,Healthline Industries,Durable snacks overflow,food-grade dry,Patna,Lucknow,337,road,4000,72,81,ambient,6 d,75,backhaul,2026-09-20,2026-09-25,Food-grade dry van,85,45,per-trip contract,24.1,5042000,22:00-02:00,81,39,18,39,,anchor-compatible FMCG overflow,Highly compatible with Britannia-style packaged food lanes.,cement|chemicals|wet cargo
SHP-02365,eastern-rail,Riverline Distributors,Premium craft consignments,fragile craft,Gaya,Lucknow,416,staging,5600,73,86,fragile,6 d,24,spot,2026-09-22,2026-09-26,Padded box truck with staging buffer,74,23,per-tonne contract,25.3,9789000,22:00-02:00,38,19,16,86,,premium fragile exports,Needs gentle handling and staging protection.,cement|heavy machinery|wet cargo
SHP-02366,eastern-rail,Healthline Consortium,Electronics returns,electronics,Ranchi,Lucknow,332,staging,7500,109,84,ambient,48 h,97,overflow,2026-10-22,2026-10-25,Secure parcel truck,88,49,per-trip contract,26.4,8759000,22:00-02:00,63,43,14,61,,high-value reverse logistics,"Needs dry, secure movement and claims control.",wet cargo|magnetic cargo|loose food
SHP-02367,eastern-rail,National Supply Co,Textile bales,textile dry,Muzaffarpur,Bhubaneswar,641,road,3800,117,81,dry,72 h,49,return,2026-10-22,2026-10-26,Dry van with moisture guard,69,60,SLA contract,24.4,11182000,22:00-02:00,75,24,29,78,,dry industrial backhaul,Needs dry handling and moisture protection.,wet cargo|chemicals
SHP-02368,eastern-rail,BluePeak Collective,Reverse logistics parcels,parcel returns,Patna,Kolkata,188,staging,5600,38,85,ambient,6 d,47,backhaul,2026-10-26,2026-10-31,Parcel cage vehicle,75,50,dedicated fleet,25.0,4353000,06:00-10:00,63,16,5,62,,reverse logistics,Works well in staged consolidation waves.,loose food|hazardous
SHP-02369,eastern-rail,CraftBridge Export House,Medical devices,regulated devices,Gaya,Lucknow,28,air,26000,225,91,regulated,96 h,35,return,2026-10-10,2026-10-12,Secure high-value air cargo,82,31,SLA contract,10.8,2250000,10:00-14:00,40,97,163,165,GAY-DEL/BOM gateway,regulated high-value urgent,Needs secure handling and documented custody.,cement|chemicals|unsealed food
SHP-02370,eastern-rail,AgroStar Export House,Packaged tea cartons,food-grade dry,Ranchi,Guwahati,523,road,4000,124,83,dry,24 h,25,premium,2026-10-04,2026-10-10,Food-grade dry van,75,22,SLA contract,23.8,5907000,06:00-10:00,83,41,9,56,,anchor-compatible FMCG backhaul,Can ride with packaged food and dry FMCG cargo.,cement|chemicals|hazardous
SHP-02371,eastern-rail,Greenfield Collective,Medical devices,regulated devices,Gaya,Guwahati,66,air,25000,60,76,regulated,12 h,89,spot,2026-10-03,2026-10-05,Secure high-value air cargo,67,23,spot market,16.4,7530000,06:00-10:00,50,76,127,302,GAY-DEL/BOM gateway,regulated high-value urgent,Needs secure handling and documented custody.,cement|chemicals|unsealed food
SHP-02372,eastern-rail,RetailLoop Supply Co,Reverse logistics parcels,parcel returns,Dhanbad,Delhi NCR,299,staging,6200,59,92,ambient,6 d,36,overflow,2026-10-11,2026-10-16,Parcel cage vehicle,73,55,dedicated fleet,26.2,7329000,10:00-14:00,37,29,27,37,,reverse logistics,Works well in staged consolidation waves.,loose food|hazardous
SHP-02373,eastern-rail,BluePeak Consortium,Coffee and cocoa sacks,food-grade dry,Dhanbad,Bhubaneswar,654,sea,3700,117,88,dry,36 h,66,return,2026-10-07,2026-10-09,Dry container with odour guard,73,45,SLA contract,46.0,8454000,10:00-14:00,90,13,183,83,,bulk food export,Can consolidate with dry food cargo.,cement|chemicals|odour cargo
SHP-02374,eastern-rail,Tea Garden Trade Network,Speciality ginger and citrus,fresh produce,Ranchi,Kolkata,74,road,6800,73,84,chilled,24 h,34,premium,2026-09-18,2026-09-21,Ventilated reefer truck,93,26,SLA contract,20.1,1569000,22:00-02:00,45,30,10,78,,perishable agriculture,Requires food-safe handling and temperature discipline.,cement|chemicals|odour cargo
SHP-02375,eastern-rail,PortLink Distributors,Coffee and cocoa sacks,food-grade dry,Dhanbad,Guwahati,810,sea,3400,57,94,dry,36 h,62,backhaul,2026-10-03,2026-10-07,Dry container with odour guard,87,59,per-tonne contract,48.4,9505000,14:00-22:00,52,35,43,23,,bulk food export,Can consolidate with dry food cargo.,cement|chemicals|odour cargo
SHP-02376,eastern-rail,Spice Valley Industries,Packaged tea cartons,food-grade dry,Jamshedpur,Bhubaneswar,694,road,4600,111,87,dry,5 d,28,spot,2026-10-23,2026-10-26,Food-grade dry van,83,44,fixed monthly,21.9,14017000,22:00-02:00,77,41,12,31,,anchor-compatible FMCG backhaul,Can ride with packaged food and dry FMCG cargo.,cement|chemicals|hazardous
SHP-02377,eastern-rail,Swift Consortium,Reverse logistics parcels,parcel returns,Jamshedpur,Kolkata,258,staging,6400,111,84,ambient,72 h,49,overflow,2026-10-09,2026-10-14,Parcel cage vehicle,79,15,spot market,26.9,7131000,14:00-22:00,79,11,12,71,,reverse logistics,Works well in staged consolidation waves.,loose food|hazardous
SHP-02378,eastern-rail,CraftBridge Collective,Durable snacks overflow,food-grade dry,Patna,Delhi NCR,658,road,3400,30,94,ambient,24 h,97,spot,2026-09-30,2026-10-01,Food-grade dry van,83,12,per-tonne contract,16.6,6437000,22:00-02:00,65,39,21,1,,anchor-compatible FMCG overflow,Highly compatible with Britannia-style packaged food lanes.,cement|chemicals|wet cargo
SHP-02379,eastern-rail,Riverline Forwarders,High value samples,secured samples,Jamshedpur,Bhubaneswar,31,air,36300,185,92,regulated,36 h,75,premium,2026-10-19,2026-10-21,Secure air cargo pouch,84,51,fixed monthly,16.6,3389000,10:00-14:00,74,94,108,229,JAM-DEL/BOM gateway,high-value urgent,Needs secure handling and tight handoff control.,bulk cargo|unsecured parcels
SHP-02380,eastern-rail,Spice Valley Logistics,Bamboo panels and handicrafts,fragile craft,Gaya,Delhi NCR,362,staging,5000,27,79,fragile,6 d,72,return,2026-10-31,2026-11-05,Padded box truck with staging buffer,72,32,per-trip contract,29.1,7529000,22:00-02:00,52,12,3,79,,fragile regional exports,Needs bracing and should avoid dusty or heavy loads.,cement|heavy machinery|wet cargo
SHP-02381,eastern-rail,Horizon Supply Co,Coffee and cocoa sacks,food-grade dry,Patna,Kolkata,104,sea,3300,141,81,dry,72 h,30,spot,2026-10-10,2026-10-14,Dry container with odour guard,79,37,SLA contract,43.6,1173000,22:00-02:00,41,20,47,25,,bulk food export,Can consolidate with dry food cargo.,cement|chemicals|odour cargo
SHP-02382,eastern-rail,PortLink Consortium,Medical devices,regulated devices,Patna,Kolkata,50,air,14300,104,86,regulated,5 d,65,backhaul,2026-09-16,2026-09-18,Secure high-value air cargo,90,2,per-tonne contract,13.0,2648000,06:00-10:00,39,145,59,210,PAT-DEL/BOM gateway,regulated high-value urgent,Needs secure handling and documented custody.,cement|chemicals|unsealed food
SHP-02383,eastern-rail,National Foods,Bamboo panels and handicrafts,fragile craft,Ranchi,Delhi NCR,172,staging,6700,112,94,fragile,72 h,61,spot,2026-09-22,2026-09-24,Padded box truck with staging buffer,78,49,per-trip contract,29.4,2992000,10:00-14:00,94,36,28,76,,fragile regional exports,Needs bracing and should avoid dusty or heavy loads.,cement|heavy machinery|wet cargo
SHP-02384,eastern-rail,Horizon Forwarders,Electronics returns,electronics,Dhanbad,Kolkata,269,staging,6600,72,77,ambient,6 d,52,overflow,2026-10-24,2026-10-30,Secure parcel truck,84,37,fixed monthly,25.8,5921000,06:00-10:00,66,12,0,39,,high-value reverse logistics,"Needs dry, secure movement and claims control.",wet cargo|magnetic cargo|loose food
SHP-02385,eastern-rail,RetailLoop Collective,Spice cartons,food-grade dry,Dhanbad,Bhubaneswar,320,road,4700,112,86,ambient,6 d,83,backhaul,2026-10-07,2026-10-08,Food-grade dry van,72,56,SLA contract,20.8,3340000,14:00-22:00,47,27,35,71,,ambient food exports,Compatible with packaged food when odour control is maintained.,cement|chemicals|odour cargo
SHP-02386,eastern-rail,National Forwarders,Premium craft consignments,fragile craft,Dhanbad,Bhubaneswar,420,staging,6400,122,92,fragile,48 h,92,backhaul,2026-10-27,2026-10-30,Padded box truck with staging buffer,94,39,per-trip contract,28.3,7999000,06:00-10:00,64,44,5,44,,premium fragile exports,Needs gentle handling and staging protection.,cement|heavy machinery|wet cargo
SHP-02387,eastern-rail,AgroStar Trade Network,Medical devices,regulated devices,Ranchi,Bhubaneswar,46,air,18100,92,89,regulated,5 d,62,backhaul,2026-10-18,2026-10-20,Secure high-value air cargo,88,26,per-trip contract,15.6,2708000,14:00-22:00,95,173,163,199,RAN-DEL/BOM gateway,regulated high-value urgent,Needs secure handling and documented custody.,cement|chemicals|unsealed food
SHP-02388,eastern-rail,CraftBridge Supply Co,Electronics returns,electronics,Ranchi,Lucknow,407,staging,7800,113,93,ambient,96 h,31,contract,2026-10-17,2026-10-19,Secure parcel truck,82,13,per-trip contract,23.1,10113000,06:00-10:00,99,43,27,30,,high-value reverse logistics,"Needs dry, secure movement and claims control.",wet cargo|magnetic cargo|loose food
SHP-02389,eastern-rail,National Export House,Spice cartons,food-grade dry,Patna,Bhubaneswar,98,road,5800,128,92,ambient,6 d,86,premium,2026-10-14,2026-10-19,Food-grade dry van,79,69,dedicated fleet,24.0,2339000,14:00-22:00,69,25,22,62,,ambient food exports,Compatible with packaged food when odour control is maintained.,cement|chemicals|odour cargo
SHP-02390,eastern-rail,Greenfield Foods,Durable snacks overflow,food-grade dry,Patna,Bhubaneswar,266,road,4300,205,88,ambient,6 d,65,contract,2026-09-25,2026-09-28,Food-grade dry van,82,5,SLA contract,21.6,3712000,14:00-22:00,58,24,1,11,,anchor-compatible FMCG overflow,Highly compatible with Britannia-style packaged food lanes.,cement|chemicals|wet cargo
SHP-02391,eastern-rail,Riverline Distributors,Reverse logistics parcels,parcel returns,Gaya,Raipur,58,staging,5900,131,90,ambient,6 d,87,return,2026-10-05,2026-10-07,Parcel cage vehicle,92,45,per-tonne contract,26.8,1401000,10:00-14:00,70,13,29,22,,reverse logistics,Works well in staged consolidation waves.,loose food|hazardous
SHP-02392,eastern-rail,National Supply Co,Premium craft consignments,fragile craft,Dhanbad,Raipur,47,staging,8000,133,92,fragile,96 h,87,return,2026-10-03,2026-10-05,Padded box truck with staging buffer,81,33,dedicated fleet,23.4,1343000,06:00-10:00,89,12,29,2,,premium fragile exports,Needs gentle handling and staging protection.,cement|heavy machinery|wet cargo
SHP-02393,eastern-rail,Metro Industries,Frozen bakery inputs,chilled food,Dhanbad,Guwahati,689,road,7100,83,83,chilled,36 h,60,contract,2026-10-27,2026-10-29,Reefer truck,85,15,per-trip contract,21.7,19908000,22:00-02:00,71,35,21,21,,temperature-controlled food,Needs temperature-controlled carriage.,ambient dry cargo|cement|chemicals
SHP-02394,eastern-rail,Riverline Supply Co,Premium craft consignments,fragile craft,Patna,Lucknow,418,staging,5700,133,81,fragile,5 d,78,spot,2026-10-03,2026-10-09,Padded box truck with staging buffer,88,20,per-tonne contract,25.5,10902000,10:00-14:00,56,22,7,86,,premium fragile exports,Needs gentle handling and staging protection.,cement|heavy machinery|wet cargo
SHP-02395,eastern-rail,National Consortium,Textile bales,textile dry,Dhanbad,Kolkata,716,road,3100,69,84,dry,48 h,59,spot,2026-10-12,2026-10-14,Dry van with moisture guard,81,12,spot market,19.7,10289000,14:00-22:00,39,28,34,2,,dry industrial backhaul,Needs dry handling and moisture protection.,wet cargo|chemicals
SHP-02396,eastern-rail,Prime Supply Co,Packaged tea cartons,food-grade dry,Jamshedpur,Raipur,332,road,4500,28,96,dry,60 h,24,backhaul,2026-09-26,2026-10-01,Food-grade dry van,94,43,dedicated fleet,20.4,4439000,06:00-10:00,44,27,13,3,,anchor-compatible FMCG backhaul,Can ride with packaged food and dry FMCG cargo.,cement|chemicals|hazardous
SHP-02397,eastern-rail,RetailLoop Industries,Coffee and cocoa sacks,food-grade dry,Dhanbad,Guwahati,235,sea,3400,130,74,dry,6 d,70,spot,2026-09-26,2026-09-30,Dry container with odour guard,93,31,per-trip contract,44.0,2193000,22:00-02:00,43,35,144,17,,bulk food export,Can consolidate with dry food cargo.,cement|chemicals|odour cargo
SHP-02398,eastern-rail,Greenfield Distributors,Regulated pharma samples,regulated pharma,Jamshedpur,Guwahati,51,air,12400,208,86,regulated,96 h,53,premium,2026-10-29,2026-10-30,Validated secure pharma uplift,83,61,per-trip contract,16.4,2605000,06:00-10:00,59,83,193,357,JAM-DEL/BOM gateway,regulated high-value urgent,Needs chain-of-custody and compliance clearance.,food|cement|chemicals|unsecured parcels
SHP-02399,eastern-rail,BluePeak Logistics,Containerised export overflow,container export,Dhanbad,Kolkata,492,sea,3200,131,91,dry,36 h,61,spot,2026-10-09,2026-10-15,Sealed container feeder,85,34,SLA contract,44.4,4611000,22:00-02:00,100,19,93,49,,bulk export overflow,Best suited to feeder or port-linked consolidation.,loose perishable|fragile craft
SHP-02400,eastern-rail,Metro Collective,Frozen bakery inputs,chilled food,Jamshedpur,Lucknow,48,road,6300,112,88,chilled,72 h,59,overflow,2026-10-09,2026-10-14,Reefer truck,70,64,spot market,22.5,1066000,22:00-02:00,91,13,20,12,,temperature-controlled food,Needs temperature-controlled carriage.,ambient dry cargo|cement|chemicals
